#file generated by CADClick
#Adolf Würth GmbH & Co. KG
#CADClick - www.CADClick.com
#unknown authorization

#minx: -281
#miny: 30.5
#minz: 34.75
#maxx: 281
#maxy: 580.5
#maxz: 81.95

#nb vertices: 8514
#nb faces: 17348
#nb meshes: 1

mtllib Wuerth_F130107826_Coulisse___extension_totale_Dynapro_Soft-Close,_Liquid_LOD_Medium_1_2525D798-8D42-4AF6-8390-B5DB7C9AE875.mtl

v -281 33 36.25
v -281 33 81.95
v -281 35.852 60.403
v -281 35.852 72.403
v -281 35.863 60.791
v -281 35.863 72.791
v -281 35.887 60.017
v -281 35.887 72.017
v -281 35.923 61.174
v -281 35.923 73.174
v -281 35.97 59.638
v -281 35.97 71.638
v -281 36.029 61.547
v -281 36.029 73.547
v -281 36.099 59.272
v -281 36.099 71.272
v -281 36.18 61.904
v -281 36.18 73.904
v -281 36.272 58.925
v -281 36.272 70.925
v -281 36.374 62.24
v -281 36.374 74.24
v -281 36.486 58.602
v -281 36.486 70.602
v -281 36.608 62.549
v -281 36.608 74.549
v -281 36.739 58.307
v -281 36.739 70.307
v -281 36.878 62.828
v -281 36.878 74.828
v -281 37.025 58.046
v -281 37.025 70.046
v -281 37.18 63.071
v -281 37.18 75.071
v -281 37.342 57.822
v -281 37.342 69.822
v -281 37.51 63.275
v -281 37.51 75.275
v -281 37.683 57.638
v -281 37.683 69.638
v -281 37.862 63.437
v -281 37.862 75.437
v -281 38.045 57.498
v -281 38.045 69.498
v -281 38.232 63.555
v -281 38.232 75.555
v -281 38.421 57.404
v -281 38.421 69.404
v -281 38.613 63.626
v -281 38.613 75.626
v -281 38.806 57.356
v -281 38.806 69.356
v -281 39 57.35
v -281 39 63.65
v -281 39 75.65
v -281 39.194 69.356
v -281 39.387 75.626
v -281 39.579 69.404
v -281 39.768 75.555
v -281 39.955 69.498
v -281 40.138 75.437
v -281 40.317 69.638
v -281 40.49 75.275
v -281 40.658 69.822
v -281 40.82 75.071
v -281 40.975 70.046
v -281 41.122 74.828
v -281 41.261 70.307
v -281 41.392 74.549
v -281 41.514 70.602
v -281 41.626 74.24
v -281 41.728 70.925
v -281 41.82 73.904
v -281 41.901 71.272
v -281 41.971 73.547
v -281 42.03 71.638
v -281 42.077 73.174
v -281 42.113 72.017
v -281 42.137 72.791
v -281 42.148 72.403
v -281 44.852 72.403
v -281 44.863 72.791
v -281 44.887 72.017
v -281 44.923 73.174
v -281 44.97 71.638
v -281 45.029 73.547
v -281 45.099 71.272
v -281 45.18 73.904
v -281 45.272 70.925
v -281 45.374 74.24
v -281 45.486 70.602
v -281 45.608 74.549
v -281 45.739 70.307
v -281 45.878 74.828
v -281 46.025 70.046
v -281 46.18 75.071
v -281 46.342 69.822
v -281 46.51 75.275
v -281 46.683 69.638
v -281 46.862 75.437
v -281 47.045 69.498
v -281 47.232 75.555
v -281 47.421 69.404
v -281 47.613 75.626
v -281 47.806 69.356
v -281 48 57.35
v -281 48 63.65
v -281 48 75.65
v -281 48.194 57.356
v -281 48.194 69.356
v -281 48.387 63.626
v -281 48.387 75.626
v -281 48.579 57.404
v -281 48.579 69.404
v -281 48.768 63.555
v -281 48.768 75.555
v -281 48.955 57.498
v -281 48.955 69.498
v -281 49.138 63.437
v -281 49.138 75.437
v -281 49.317 57.638
v -281 49.317 69.638
v -281 49.49 63.275
v -281 49.49 75.275
v -281 49.658 57.822
v -281 49.658 69.822
v -281 49.82 63.071
v -281 49.82 75.071
v -281 49.975 58.046
v -281 49.975 70.046
v -281 50.122 62.828
v -281 50.122 74.828
v -281 50.261 58.307
v -281 50.261 70.307
v -281 50.392 62.549
v -281 50.392 74.549
v -281 50.514 58.602
v -281 50.514 70.602
v -281 50.626 62.24
v -281 50.626 74.24
v -281 50.728 58.925
v -281 50.728 70.925
v -281 50.82 61.904
v -281 50.82 73.904
v -281 50.901 59.272
v -281 50.901 71.272
v -281 50.971 61.547
v -281 50.971 73.547
v -281 51.03 59.638
v -281 51.03 71.638
v -281 51.077 61.174
v -281 51.077 73.174
v -281 51.113 60.017
v -281 51.113 72.017
v -281 51.137 60.791
v -281 51.137 72.791
v -281 51.148 60.403
v -281 51.148 72.403
v -281 53.852 60.403
v -281 53.852 72.403
v -281 53.863 60.791
v -281 53.863 72.791
v -281 53.887 60.017
v -281 53.887 72.017
v -281 53.923 61.174
v -281 53.923 73.174
v -281 53.97 59.638
v -281 53.97 71.638
v -281 54.029 61.547
v -281 54.029 73.547
v -281 54.099 59.272
v -281 54.099 71.272
v -281 54.18 61.904
v -281 54.18 73.904
v -281 54.272 58.925
v -281 54.272 70.925
v -281 54.374 62.24
v -281 54.374 74.24
v -281 54.486 58.602
v -281 54.486 70.602
v -281 54.608 62.549
v -281 54.608 74.549
v -281 54.739 58.307
v -281 54.739 70.307
v -281 54.878 62.828
v -281 54.878 74.828
v -281 55.025 58.046
v -281 55.025 70.046
v -281 55.18 63.071
v -281 55.18 75.071
v -281 55.342 57.822
v -281 55.342 69.822
v -281 55.51 63.275
v -281 55.51 75.275
v -281 55.683 57.638
v -281 55.683 69.638
v -281 55.862 63.437
v -281 55.862 75.437
v -281 56.045 57.498
v -281 56.045 69.498
v -281 56.232 63.555
v -281 56.232 75.555
v -281 56.421 57.404
v -281 56.421 69.404
v -281 56.613 63.626
v -281 56.613 75.626
v -281 56.806 57.356
v -281 56.806 69.356
v -281 57 63.65
v -281 57 75.65
v -281 57.194 57.356
v -281 57.194 69.356
v -281 57.387 63.626
v -281 57.387 75.626
v -281 57.579 57.404
v -281 57.579 69.404
v -281 57.768 63.555
v -281 57.768 75.555
v -281 57.955 57.498
v -281 57.955 69.498
v -281 58.138 63.437
v -281 58.138 75.437
v -281 58.317 57.638
v -281 58.317 69.638
v -281 58.49 63.275
v -281 58.49 75.275
v -281 58.658 57.822
v -281 58.658 69.822
v -281 58.82 63.071
v -281 58.82 75.071
v -281 58.975 58.046
v -281 58.975 70.046
v -281 59.122 62.828
v -281 59.122 74.828
v -281 59.261 58.307
v -281 59.261 70.307
v -281 59.392 62.549
v -281 59.392 74.549
v -281 59.514 58.602
v -281 59.514 70.602
v -281 59.626 62.24
v -281 59.626 74.24
v -281 59.728 58.925
v -281 59.728 70.925
v -281 59.82 61.904
v -281 59.82 73.904
v -281 59.901 59.272
v -281 59.901 71.272
v -281 59.971 61.547
v -281 59.971 73.547
v -281 60.03 59.638
v -281 60.03 71.638
v -281 60.077 61.174
v -281 60.077 73.174
v -281 60.113 60.017
v -281 60.113 72.017
v -281 60.137 60.791
v -281 60.137 72.791
v -281 60.148 60.403
v -281 60.148 72.403
v -281 62.852 60.403
v -281 62.852 72.403
v -281 62.863 60.791
v -281 62.863 72.791
v -281 62.887 60.017
v -281 62.887 72.017
v -281 62.923 61.174
v -281 62.923 73.174
v -281 62.97 59.638
v -281 62.97 71.638
v -281 63.029 61.547
v -281 63.029 73.547
v -281 63.099 59.272
v -281 63.099 71.272
v -281 63.18 61.904
v -281 63.18 73.904
v -281 63.272 58.925
v -281 63.272 70.925
v -281 63.374 62.24
v -281 63.374 74.24
v -281 63.486 58.602
v -281 63.486 70.602
v -281 63.608 62.549
v -281 63.608 74.549
v -281 63.739 58.307
v -281 63.739 70.307
v -281 63.878 62.828
v -281 63.878 74.828
v -281 64.025 58.046
v -281 64.025 70.046
v -281 64.18 63.071
v -281 64.18 75.071
v -281 64.342 57.822
v -281 64.342 69.822
v -281 64.51 63.275
v -281 64.51 75.275
v -281 64.683 57.638
v -281 64.683 69.638
v -281 64.862 63.437
v -281 64.862 75.437
v -281 65.045 57.498
v -281 65.045 69.498
v -281 65.232 63.555
v -281 65.232 75.555
v -281 65.421 57.404
v -281 65.421 69.404
v -281 65.613 63.626
v -281 65.613 75.626
v -281 65.806 57.356
v -281 65.806 69.356
v -281 66 63.65
v -281 66 75.65
v -281 66.194 57.356
v -281 66.194 69.356
v -281 66.387 63.626
v -281 66.387 75.626
v -281 66.579 57.404
v -281 66.579 69.404
v -281 66.768 63.555
v -281 66.768 75.555
v -281 66.955 57.498
v -281 66.955 69.498
v -281 67.138 63.437
v -281 67.138 75.437
v -281 67.317 57.638
v -281 67.317 69.638
v -281 67.49 63.275
v -281 67.49 75.275
v -281 67.658 57.822
v -281 67.658 69.822
v -281 67.82 63.071
v -281 67.82 75.071
v -281 67.975 58.046
v -281 67.975 70.046
v -281 68.122 62.828
v -281 68.122 74.828
v -281 68.261 58.307
v -281 68.261 70.307
v -281 68.392 62.549
v -281 68.392 74.549
v -281 68.514 58.602
v -281 68.514 70.602
v -281 68.626 62.24
v -281 68.626 74.24
v -281 68.728 58.925
v -281 68.728 70.925
v -281 68.82 61.904
v -281 68.82 73.904
v -281 68.901 59.272
v -281 68.901 71.272
v -281 68.971 61.547
v -281 68.971 73.547
v -281 69.03 59.638
v -281 69.03 71.638
v -281 69.077 61.174
v -281 69.077 73.174
v -281 69.113 60.017
v -281 69.113 72.017
v -281 69.137 60.791
v -281 69.137 72.791
v -281 69.148 60.403
v -281 69.148 72.403
v -281 85.852 60.403
v -281 85.852 72.403
v -281 85.863 60.791
v -281 85.863 72.791
v -281 85.887 60.017
v -281 85.887 72.017
v -281 85.923 61.174
v -281 85.923 73.174
v -281 85.97 59.638
v -281 85.97 71.638
v -281 86.029 61.547
v -281 86.029 73.547
v -281 86.099 59.272
v -281 86.099 71.272
v -281 86.18 61.904
v -281 86.18 73.904
v -281 86.272 58.925
v -281 86.272 70.925
v -281 86.374 62.24
v -281 86.374 74.24
v -281 86.486 58.602
v -281 86.486 70.602
v -281 86.608 62.549
v -281 86.608 74.549
v -281 86.739 58.307
v -281 86.739 70.307
v -281 86.878 62.828
v -281 86.878 74.828
v -281 87.025 58.046
v -281 87.025 70.046
v -281 87.18 63.071
v -281 87.18 75.071
v -281 87.342 57.822
v -281 87.342 69.822
v -281 87.51 63.275
v -281 87.51 75.275
v -281 87.683 57.638
v -281 87.683 69.638
v -281 87.862 63.437
v -281 87.862 75.437
v -281 88.045 57.498
v -281 88.045 69.498
v -281 88.232 63.555
v -281 88.232 75.555
v -281 88.421 57.404
v -281 88.421 69.404
v -281 88.613 63.626
v -281 88.613 75.626
v -281 88.806 57.356
v -281 88.806 69.356
v -281 89 63.65
v -281 89 75.65
v -281 89.194 57.356
v -281 89.194 69.356
v -281 89.387 63.626
v -281 89.387 75.626
v -281 89.579 57.404
v -281 89.579 69.404
v -281 89.768 63.555
v -281 89.768 75.555
v -281 89.955 57.498
v -281 89.955 69.498
v -281 90.138 63.437
v -281 90.138 75.437
v -281 90.317 57.638
v -281 90.317 69.638
v -281 90.49 63.275
v -281 90.49 75.275
v -281 90.658 57.822
v -281 90.658 69.822
v -281 90.82 63.071
v -281 90.82 75.071
v -281 90.975 58.046
v -281 90.975 70.046
v -281 91.122 62.828
v -281 91.122 74.828
v -281 91.261 58.307
v -281 91.261 70.307
v -281 91.392 62.549
v -281 91.392 74.549
v -281 91.514 58.602
v -281 91.514 70.602
v -281 91.626 62.24
v -281 91.626 74.24
v -281 91.728 58.925
v -281 91.728 70.925
v -281 91.82 61.904
v -281 91.82 73.904
v -281 91.901 59.272
v -281 91.901 71.272
v -281 91.971 61.547
v -281 91.971 73.547
v -281 92.03 59.638
v -281 92.03 71.638
v -281 92.077 61.174
v -281 92.077 73.174
v -281 92.113 60.017
v -281 92.113 72.017
v -281 92.137 60.791
v -281 92.137 72.791
v -281 92.148 60.403
v -281 92.148 72.403
v -281 94.852 60.403
v -281 94.852 72.403
v -281 94.863 60.791
v -281 94.863 72.791
v -281 94.887 60.017
v -281 94.887 72.017
v -281 94.923 61.174
v -281 94.923 73.174
v -281 94.97 59.638
v -281 94.97 71.638
v -281 95.029 61.547
v -281 95.029 73.547
v -281 95.099 59.272
v -281 95.099 71.272
v -281 95.18 61.904
v -281 95.18 73.904
v -281 95.272 58.925
v -281 95.272 70.925
v -281 95.374 62.24
v -281 95.374 74.24
v -281 95.486 58.602
v -281 95.486 70.602
v -281 95.608 62.549
v -281 95.608 74.549
v -281 95.739 58.307
v -281 95.739 70.307
v -281 95.878 62.828
v -281 95.878 74.828
v -281 96.025 58.046
v -281 96.025 70.046
v -281 96.18 63.071
v -281 96.18 75.071
v -281 96.342 57.822
v -281 96.342 69.822
v -281 96.51 63.275
v -281 96.51 75.275
v -281 96.683 57.638
v -281 96.683 69.638
v -281 96.862 63.437
v -281 96.862 75.437
v -281 97.045 57.498
v -281 97.045 69.498
v -281 97.232 63.555
v -281 97.232 75.555
v -281 97.421 57.404
v -281 97.421 69.404
v -281 97.613 63.626
v -281 97.613 75.626
v -281 97.806 57.356
v -281 97.806 69.356
v -281 98 63.65
v -281 98 75.65
v -281 98.194 57.356
v -281 98.194 69.356
v -281 98.387 63.626
v -281 98.387 75.626
v -281 98.579 57.404
v -281 98.579 69.404
v -281 98.768 63.555
v -281 98.768 75.555
v -281 98.955 57.498
v -281 98.955 69.498
v -281 99.138 63.437
v -281 99.138 75.437
v -281 99.317 57.638
v -281 99.317 69.638
v -281 99.49 63.275
v -281 99.49 75.275
v -281 99.658 57.822
v -281 99.658 69.822
v -281 99.82 63.071
v -281 99.82 75.071
v -281 99.975 58.046
v -281 99.975 70.046
v -281 100.122 62.828
v -281 100.122 74.828
v -281 100.261 58.307
v -281 100.261 70.307
v -281 100.392 62.549
v -281 100.392 74.549
v -281 100.514 58.602
v -281 100.514 70.602
v -281 100.626 62.24
v -281 100.626 74.24
v -281 100.728 58.925
v -281 100.728 70.925
v -281 100.82 61.904
v -281 100.82 73.904
v -281 100.901 59.272
v -281 100.901 71.272
v -281 100.971 61.547
v -281 100.971 73.547
v -281 101.03 59.638
v -281 101.03 71.638
v -281 101.077 61.174
v -281 101.077 73.174
v -281 101.113 60.017
v -281 101.113 72.017
v -281 101.137 60.791
v -281 101.137 72.791
v -281 101.149 60.403
v -281 101.149 72.403
v -281 172.851 60.403
v -281 172.851 72.403
v -281 172.863 60.791
v -281 172.863 72.791
v -281 172.887 60.017
v -281 172.887 72.017
v -281 172.923 61.174
v -281 172.923 73.174
v -281 172.97 59.638
v -281 172.97 71.638
v -281 173.029 61.547
v -281 173.029 73.547
v -281 173.099 59.272
v -281 173.099 71.272
v -281 173.18 61.904
v -281 173.18 73.904
v -281 173.272 58.925
v -281 173.272 70.925
v -281 173.374 62.24
v -281 173.374 74.24
v -281 173.486 58.602
v -281 173.486 70.602
v -281 173.608 62.549
v -281 173.608 74.549
v -281 173.739 58.307
v -281 173.739 70.307
v -281 173.878 62.828
v -281 173.878 74.828
v -281 174.025 58.046
v -281 174.025 70.046
v -281 174.18 63.071
v -281 174.18 75.071
v -281 174.342 57.822
v -281 174.342 69.822
v -281 174.51 63.275
v -281 174.51 75.275
v -281 174.683 57.638
v -281 174.683 69.638
v -281 174.862 63.437
v -281 174.862 75.437
v -281 175.045 57.498
v -281 175.045 69.498
v -281 175.232 63.555
v -281 175.232 75.555
v -281 175.421 57.404
v -281 175.421 69.404
v -281 175.613 63.626
v -281 175.613 75.626
v -281 175.806 57.356
v -281 175.806 69.356
v -281 176 63.65
v -281 176 75.65
v -281 176.194 57.356
v -281 176.194 69.356
v -281 176.387 63.626
v -281 176.387 75.626
v -281 176.579 57.404
v -281 176.579 69.404
v -281 176.768 63.555
v -281 176.768 75.555
v -281 176.955 57.498
v -281 176.955 69.498
v -281 177.138 63.437
v -281 177.138 75.437
v -281 177.317 57.638
v -281 177.317 69.638
v -281 177.49 63.275
v -281 177.49 75.275
v -281 177.658 57.822
v -281 177.658 69.822
v -281 177.82 63.071
v -281 177.82 75.071
v -281 177.975 58.046
v -281 177.975 70.046
v -281 178.122 62.828
v -281 178.122 74.828
v -281 178.261 58.307
v -281 178.261 70.307
v -281 178.392 62.549
v -281 178.392 74.549
v -281 178.514 58.602
v -281 178.514 70.602
v -281 178.626 62.24
v -281 178.626 74.24
v -281 178.728 58.925
v -281 178.728 70.925
v -281 178.82 61.904
v -281 178.82 73.904
v -281 178.901 59.272
v -281 178.901 71.272
v -281 178.971 61.547
v -281 178.971 73.547
v -281 179.03 59.638
v -281 179.03 71.638
v -281 179.077 61.174
v -281 179.077 73.174
v -281 179.113 60.017
v -281 179.113 72.017
v -281 179.137 60.791
v -281 179.137 72.791
v -281 179.149 60.403
v -281 179.149 72.403
v -281 181.851 60.403
v -281 181.851 72.403
v -281 181.863 60.791
v -281 181.863 72.791
v -281 181.887 60.017
v -281 181.887 72.017
v -281 181.923 61.174
v -281 181.923 73.174
v -281 181.97 59.638
v -281 181.97 71.638
v -281 182.029 61.547
v -281 182.029 73.547
v -281 182.099 59.272
v -281 182.099 71.272
v -281 182.18 61.904
v -281 182.18 73.904
v -281 182.272 58.925
v -281 182.272 70.925
v -281 182.374 62.24
v -281 182.374 74.24
v -281 182.486 58.602
v -281 182.486 70.602
v -281 182.608 62.549
v -281 182.608 74.549
v -281 182.739 58.307
v -281 182.739 70.307
v -281 182.878 62.828
v -281 182.878 74.828
v -281 183.025 58.046
v -281 183.025 70.046
v -281 183.18 63.071
v -281 183.18 75.071
v -281 183.342 57.822
v -281 183.342 69.822
v -281 183.51 63.275
v -281 183.51 75.275
v -281 183.683 57.638
v -281 183.683 69.638
v -281 183.862 63.437
v -281 183.862 75.437
v -281 184.045 57.498
v -281 184.045 69.498
v -281 184.232 63.555
v -281 184.232 75.555
v -281 184.421 57.404
v -281 184.421 69.404
v -281 184.613 63.626
v -281 184.613 75.626
v -281 184.806 57.356
v -281 184.806 69.356
v -281 185 63.65
v -281 185 75.65
v -281 185.194 57.356
v -281 185.194 69.356
v -281 185.387 63.626
v -281 185.387 75.626
v -281 185.579 57.404
v -281 185.579 69.404
v -281 185.768 63.555
v -281 185.768 75.555
v -281 185.955 57.498
v -281 185.955 69.498
v -281 186.138 63.437
v -281 186.138 75.437
v -281 186.317 57.638
v -281 186.317 69.638
v -281 186.49 63.275
v -281 186.49 75.275
v -281 186.658 57.822
v -281 186.658 69.822
v -281 186.82 63.071
v -281 186.82 75.071
v -281 186.975 58.046
v -281 186.975 70.046
v -281 187.122 62.828
v -281 187.122 74.828
v -281 187.261 58.307
v -281 187.261 70.307
v -281 187.392 62.549
v -281 187.392 74.549
v -281 187.514 58.602
v -281 187.514 70.602
v -281 187.626 62.24
v -281 187.626 74.24
v -281 187.728 58.925
v -281 187.728 70.925
v -281 187.82 61.904
v -281 187.82 73.904
v -281 187.901 59.272
v -281 187.901 71.272
v -281 187.971 61.547
v -281 187.971 73.547
v -281 188.03 59.638
v -281 188.03 71.638
v -281 188.077 61.174
v -281 188.077 73.174
v -281 188.113 60.017
v -281 188.113 72.017
v -281 188.137 60.791
v -281 188.137 72.791
v -281 188.149 60.403
v -281 188.149 72.403
v -281 190.851 60.403
v -281 190.851 72.403
v -281 190.863 60.791
v -281 190.863 72.791
v -281 190.887 60.017
v -281 190.887 72.017
v -281 190.923 61.174
v -281 190.923 73.174
v -281 190.97 59.638
v -281 190.97 71.638
v -281 191.029 61.547
v -281 191.029 73.547
v -281 191.099 59.272
v -281 191.099 71.272
v -281 191.18 61.904
v -281 191.18 73.904
v -281 191.272 58.925
v -281 191.272 70.925
v -281 191.374 62.24
v -281 191.374 74.24
v -281 191.486 58.602
v -281 191.486 70.602
v -281 191.608 62.549
v -281 191.608 74.549
v -281 191.739 58.307
v -281 191.739 70.307
v -281 191.878 62.828
v -281 191.878 74.828
v -281 192.025 58.046
v -281 192.025 70.046
v -281 192.18 63.071
v -281 192.18 75.071
v -281 192.342 57.822
v -281 192.342 69.822
v -281 192.51 63.275
v -281 192.51 75.275
v -281 192.683 57.638
v -281 192.683 69.638
v -281 192.862 63.437
v -281 192.862 75.437
v -281 193.045 57.498
v -281 193.045 69.498
v -281 193.232 63.555
v -281 193.232 75.555
v -281 193.421 57.404
v -281 193.421 69.404
v -281 193.613 63.626
v -281 193.613 75.626
v -281 193.806 57.356
v -281 193.806 69.356
v -281 194 63.65
v -281 194 75.65
v -281 194.194 57.356
v -281 194.194 69.356
v -281 194.387 63.626
v -281 194.387 75.626
v -281 194.579 57.404
v -281 194.579 69.404
v -281 194.768 63.555
v -281 194.768 75.555
v -281 194.955 57.498
v -281 194.955 69.498
v -281 195.138 63.437
v -281 195.138 75.437
v -281 195.317 57.638
v -281 195.317 69.638
v -281 195.49 63.275
v -281 195.49 75.275
v -281 195.658 57.822
v -281 195.658 69.822
v -281 195.82 63.071
v -281 195.82 75.071
v -281 195.975 58.046
v -281 195.975 70.046
v -281 196.122 62.828
v -281 196.122 74.828
v -281 196.261 58.307
v -281 196.261 70.307
v -281 196.392 62.549
v -281 196.392 74.549
v -281 196.514 58.602
v -281 196.514 70.602
v -281 196.626 62.24
v -281 196.626 74.24
v -281 196.728 58.925
v -281 196.728 70.925
v -281 196.82 61.904
v -281 196.82 73.904
v -281 196.901 59.272
v -281 196.901 71.272
v -281 196.971 61.547
v -281 196.971 73.547
v -281 197.03 59.638
v -281 197.03 71.638
v -281 197.077 61.174
v -281 197.077 73.174
v -281 197.113 60.017
v -281 197.113 72.017
v -281 197.137 60.791
v -281 197.137 72.791
v -281 197.149 60.403
v -281 197.149 72.403
v -281 268.851 60.403
v -281 268.851 72.403
v -281 268.863 60.791
v -281 268.863 72.791
v -281 268.887 60.017
v -281 268.887 72.017
v -281 268.923 61.174
v -281 268.923 73.174
v -281 268.97 59.638
v -281 268.97 71.638
v -281 269.029 61.547
v -281 269.029 73.547
v -281 269.099 59.272
v -281 269.099 71.272
v -281 269.18 61.904
v -281 269.18 73.904
v -281 269.272 58.925
v -281 269.272 70.925
v -281 269.374 62.24
v -281 269.374 74.24
v -281 269.486 58.602
v -281 269.486 70.602
v -281 269.608 62.549
v -281 269.608 74.549
v -281 269.739 58.307
v -281 269.739 70.307
v -281 269.878 62.828
v -281 269.878 74.828
v -281 270.025 58.046
v -281 270.025 70.046
v -281 270.18 63.071
v -281 270.18 75.071
v -281 270.342 57.822
v -281 270.342 69.822
v -281 270.51 63.275
v -281 270.51 75.275
v -281 270.683 57.638
v -281 270.683 69.638
v -281 270.862 63.437
v -281 270.862 75.437
v -281 271.045 57.498
v -281 271.045 69.498
v -281 271.232 63.555
v -281 271.232 75.555
v -281 271.421 57.404
v -281 271.421 69.404
v -281 271.613 63.626
v -281 271.613 75.626
v -281 271.806 57.356
v -281 271.806 69.356
v -281 272 63.65
v -281 272 75.65
v -281 272.194 57.356
v -281 272.194 69.356
v -281 272.387 63.626
v -281 272.387 75.626
v -281 272.579 57.404
v -281 272.579 69.404
v -281 272.768 63.555
v -281 272.768 75.555
v -281 272.955 57.498
v -281 272.955 69.498
v -281 273.138 63.437
v -281 273.138 75.437
v -281 273.317 57.638
v -281 273.317 69.638
v -281 273.49 63.275
v -281 273.49 75.275
v -281 273.658 57.822
v -281 273.658 69.822
v -281 273.82 63.071
v -281 273.82 75.071
v -281 273.975 58.046
v -281 273.975 70.046
v -281 274.122 62.828
v -281 274.122 74.828
v -281 274.261 58.307
v -281 274.261 70.307
v -281 274.392 62.549
v -281 274.392 74.549
v -281 274.514 58.602
v -281 274.514 70.602
v -281 274.626 62.24
v -281 274.626 74.24
v -281 274.728 58.925
v -281 274.728 70.925
v -281 274.82 61.904
v -281 274.82 73.904
v -281 274.901 59.272
v -281 274.901 71.272
v -281 274.971 61.547
v -281 274.971 73.547
v -281 275.03 59.638
v -281 275.03 71.638
v -281 275.077 61.174
v -281 275.077 73.174
v -281 275.113 60.017
v -281 275.113 72.017
v -281 275.137 60.791
v -281 275.137 72.791
v -281 275.149 60.403
v -281 275.149 72.403
v -281 277.851 60.403
v -281 277.851 72.403
v -281 277.863 60.791
v -281 277.863 72.791
v -281 277.887 60.017
v -281 277.887 72.017
v -281 277.923 61.174
v -281 277.923 73.174
v -281 277.97 59.638
v -281 277.97 71.638
v -281 278.029 61.547
v -281 278.029 73.547
v -281 278.099 59.272
v -281 278.099 71.272
v -281 278.18 61.904
v -281 278.18 73.904
v -281 278.272 58.925
v -281 278.272 70.925
v -281 278.374 62.24
v -281 278.374 74.24
v -281 278.486 58.602
v -281 278.486 70.602
v -281 278.608 62.549
v -281 278.608 74.549
v -281 278.739 58.307
v -281 278.739 70.307
v -281 278.878 62.828
v -281 278.878 74.828
v -281 279.025 58.046
v -281 279.025 70.046
v -281 279.18 63.071
v -281 279.18 75.071
v -281 279.342 57.822
v -281 279.342 69.822
v -281 279.51 63.275
v -281 279.51 75.275
v -281 279.683 57.638
v -281 279.683 69.638
v -281 279.862 63.437
v -281 279.862 75.437
v -281 280.045 57.498
v -281 280.045 69.498
v -281 280.232 63.555
v -281 280.232 75.555
v -281 280.421 57.404
v -281 280.421 69.404
v -281 280.613 63.626
v -281 280.613 75.626
v -281 280.806 57.356
v -281 280.806 69.356
v -281 281 63.65
v -281 281 75.65
v -281 281.194 57.356
v -281 281.194 69.356
v -281 281.387 63.626
v -281 281.387 75.626
v -281 281.579 57.404
v -281 281.579 69.404
v -281 281.768 63.555
v -281 281.768 75.555
v -281 281.955 57.498
v -281 281.955 69.498
v -281 282.138 63.437
v -281 282.138 75.437
v -281 282.317 57.638
v -281 282.317 69.638
v -281 282.49 63.275
v -281 282.49 75.275
v -281 282.658 57.822
v -281 282.658 69.822
v -281 282.82 63.071
v -281 282.82 75.071
v -281 282.975 58.046
v -281 282.975 70.046
v -281 283.122 62.828
v -281 283.122 74.828
v -281 283.261 58.307
v -281 283.261 70.307
v -281 283.392 62.549
v -281 283.392 74.549
v -281 283.514 58.602
v -281 283.514 70.602
v -281 283.626 62.24
v -281 283.626 74.24
v -281 283.728 58.925
v -281 283.728 70.925
v -281 283.82 61.904
v -281 283.82 73.904
v -281 283.901 59.272
v -281 283.901 71.272
v -281 283.971 61.547
v -281 283.971 73.547
v -281 284.03 59.638
v -281 284.03 71.638
v -281 284.077 61.174
v -281 284.077 73.174
v -281 284.113 60.017
v -281 284.113 72.017
v -281 284.137 60.791
v -281 284.137 72.791
v -281 284.149 60.403
v -281 284.149 72.403
v -281 286.851 60.403
v -281 286.851 72.403
v -281 286.863 60.791
v -281 286.863 72.791
v -281 286.887 60.017
v -281 286.887 72.017
v -281 286.923 61.174
v -281 286.923 73.174
v -281 286.97 59.638
v -281 286.97 71.638
v -281 287.029 61.547
v -281 287.029 73.547
v -281 287.099 59.272
v -281 287.099 71.272
v -281 287.18 61.904
v -281 287.18 73.904
v -281 287.272 58.925
v -281 287.272 70.925
v -281 287.374 62.24
v -281 287.374 74.24
v -281 287.486 58.602
v -281 287.486 70.602
v -281 287.608 62.549
v -281 287.608 74.549
v -281 287.739 58.307
v -281 287.739 70.307
v -281 287.878 62.828
v -281 287.878 74.828
v -281 288.025 58.046
v -281 288.025 70.046
v -281 288.18 63.071
v -281 288.18 75.071
v -281 288.342 57.822
v -281 288.342 69.822
v -281 288.51 63.275
v -281 288.51 75.275
v -281 288.683 57.638
v -281 288.683 69.638
v -281 288.862 63.437
v -281 288.862 75.437
v -281 289.045 57.498
v -281 289.045 69.498
v -281 289.232 63.555
v -281 289.232 75.555
v -281 289.421 57.404
v -281 289.421 69.404
v -281 289.613 63.626
v -281 289.613 75.626
v -281 289.806 57.356
v -281 289.806 69.356
v -281 290 63.65
v -281 290 75.65
v -281 290.194 57.356
v -281 290.194 69.356
v -281 290.387 63.626
v -281 290.387 75.626
v -281 290.579 57.404
v -281 290.579 69.404
v -281 290.768 63.555
v -281 290.768 75.555
v -281 290.955 57.498
v -281 290.955 69.498
v -281 291.138 63.437
v -281 291.138 75.437
v -281 291.317 57.638
v -281 291.317 69.638
v -281 291.49 63.275
v -281 291.49 75.275
v -281 291.658 57.822
v -281 291.658 69.822
v -281 291.82 63.071
v -281 291.82 75.071
v -281 291.975 58.046
v -281 291.975 70.046
v -281 292.122 62.828
v -281 292.122 74.828
v -281 292.261 58.307
v -281 292.261 70.307
v -281 292.392 62.549
v -281 292.392 74.549
v -281 292.514 58.602
v -281 292.514 70.602
v -281 292.626 62.24
v -281 292.626 74.24
v -281 292.728 58.925
v -281 292.728 70.925
v -281 292.82 61.904
v -281 292.82 73.904
v -281 292.901 59.272
v -281 292.901 71.272
v -281 292.971 61.547
v -281 292.971 73.547
v -281 293.03 59.638
v -281 293.03 71.638
v -281 293.077 61.174
v -281 293.077 73.174
v -281 293.113 60.017
v -281 293.113 72.017
v -281 293.137 60.791
v -281 293.137 72.791
v -281 293.149 60.403
v -281 293.149 72.403
v -281 300.851 60.403
v -281 300.851 72.403
v -281 300.863 60.791
v -281 300.863 72.791
v -281 300.887 60.017
v -281 300.887 72.017
v -281 300.923 61.174
v -281 300.923 73.174
v -281 300.97 59.638
v -281 300.97 71.638
v -281 301.029 61.547
v -281 301.029 73.547
v -281 301.099 59.272
v -281 301.099 71.272
v -281 301.18 61.904
v -281 301.18 73.904
v -281 301.272 58.925
v -281 301.272 70.925
v -281 301.374 62.24
v -281 301.374 74.24
v -281 301.486 58.602
v -281 301.486 70.602
v -281 301.608 62.549
v -281 301.608 74.549
v -281 301.739 58.307
v -281 301.739 70.307
v -281 301.878 62.828
v -281 301.878 74.828
v -281 302.025 58.046
v -281 302.025 70.046
v -281 302.18 63.071
v -281 302.18 75.071
v -281 302.342 57.822
v -281 302.342 69.822
v -281 302.51 63.275
v -281 302.51 75.275
v -281 302.683 57.638
v -281 302.683 69.638
v -281 302.862 63.437
v -281 302.862 75.437
v -281 303.045 57.498
v -281 303.045 69.498
v -281 303.232 63.555
v -281 303.232 75.555
v -281 303.421 57.404
v -281 303.421 69.404
v -281 303.613 63.626
v -281 303.613 75.626
v -281 303.806 57.356
v -281 303.806 69.356
v -281 304 63.65
v -281 304 75.65
v -281 304.194 57.356
v -281 304.194 69.356
v -281 304.387 63.626
v -281 304.387 75.626
v -281 304.579 57.404
v -281 304.579 69.404
v -281 304.768 63.555
v -281 304.768 75.555
v -281 304.955 57.498
v -281 304.955 69.498
v -281 305.138 63.437
v -281 305.138 75.437
v -281 305.317 57.638
v -281 305.317 69.638
v -281 305.49 63.275
v -281 305.49 75.275
v -281 305.658 57.822
v -281 305.658 69.822
v -281 305.82 63.071
v -281 305.82 75.071
v -281 305.975 58.046
v -281 305.975 70.046
v -281 306.122 62.828
v -281 306.122 74.828
v -281 306.261 58.307
v -281 306.261 70.307
v -281 306.392 62.549
v -281 306.392 74.549
v -281 306.514 58.602
v -281 306.514 70.602
v -281 306.626 62.24
v -281 306.626 74.24
v -281 306.728 58.925
v -281 306.728 70.925
v -281 306.82 61.904
v -281 306.82 73.904
v -281 306.901 59.272
v -281 306.901 71.272
v -281 306.971 61.547
v -281 306.971 73.547
v -281 307.03 59.638
v -281 307.03 71.638
v -281 307.077 61.174
v -281 307.077 73.174
v -281 307.113 60.017
v -281 307.113 72.017
v -281 307.137 60.791
v -281 307.137 72.791
v -281 307.149 60.403
v -281 307.149 72.403
v -281 309.851 60.403
v -281 309.851 72.403
v -281 309.863 60.791
v -281 309.863 72.791
v -281 309.887 60.017
v -281 309.887 72.017
v -281 309.923 61.174
v -281 309.923 73.174
v -281 309.97 59.638
v -281 309.97 71.638
v -281 310.029 61.547
v -281 310.029 73.547
v -281 310.099 59.272
v -281 310.099 71.272
v -281 310.18 61.904
v -281 310.18 73.904
v -281 310.272 58.925
v -281 310.272 70.925
v -281 310.374 62.24
v -281 310.374 74.24
v -281 310.486 58.602
v -281 310.486 70.602
v -281 310.608 62.549
v -281 310.608 74.549
v -281 310.739 58.307
v -281 310.739 70.307
v -281 310.878 62.828
v -281 310.878 74.828
v -281 311.025 58.046
v -281 311.025 70.046
v -281 311.18 63.071
v -281 311.18 75.071
v -281 311.342 57.822
v -281 311.342 69.822
v -281 311.51 63.275
v -281 311.51 75.275
v -281 311.683 57.638
v -281 311.683 69.638
v -281 311.862 63.437
v -281 311.862 75.437
v -281 312.045 57.498
v -281 312.045 69.498
v -281 312.232 63.555
v -281 312.232 75.555
v -281 312.421 57.404
v -281 312.421 69.404
v -281 312.613 63.626
v -281 312.613 75.626
v -281 312.806 57.356
v -281 312.806 69.356
v -281 313 63.65
v -281 313 75.65
v -281 313.194 57.356
v -281 313.194 69.356
v -281 313.387 63.626
v -281 313.387 75.626
v -281 313.579 57.404
v -281 313.579 69.404
v -281 313.768 63.555
v -281 313.768 75.555
v -281 313.955 57.498
v -281 313.955 69.498
v -281 314.138 63.437
v -281 314.138 75.437
v -281 314.317 57.638
v -281 314.317 69.638
v -281 314.49 63.275
v -281 314.49 75.275
v -281 314.658 57.822
v -281 314.658 69.822
v -281 314.82 63.071
v -281 314.82 75.071
v -281 314.975 58.046
v -281 314.975 70.046
v -281 315.122 62.828
v -281 315.122 74.828
v -281 315.261 58.307
v -281 315.261 70.307
v -281 315.392 62.549
v -281 315.392 74.549
v -281 315.514 58.602
v -281 315.514 70.602
v -281 315.626 62.24
v -281 315.626 74.24
v -281 315.728 58.925
v -281 315.728 70.925
v -281 315.82 61.904
v -281 315.82 73.904
v -281 315.901 59.272
v -281 315.901 71.272
v -281 315.971 61.547
v -281 315.971 73.547
v -281 316.03 59.638
v -281 316.03 71.638
v -281 316.077 61.174
v -281 316.077 73.174
v -281 316.113 60.017
v -281 316.113 72.017
v -281 316.137 60.791
v -281 316.137 72.791
v -281 316.149 60.403
v -281 316.149 72.403
v -281 318.851 60.403
v -281 318.851 72.403
v -281 318.863 60.791
v -281 318.863 72.791
v -281 318.887 60.017
v -281 318.887 72.017
v -281 318.923 61.174
v -281 318.923 73.174
v -281 318.97 59.638
v -281 318.97 71.638
v -281 319.029 61.547
v -281 319.029 73.547
v -281 319.099 59.272
v -281 319.099 71.272
v -281 319.18 61.904
v -281 319.18 73.904
v -281 319.272 58.925
v -281 319.272 70.925
v -281 319.374 62.24
v -281 319.374 74.24
v -281 319.486 58.602
v -281 319.486 70.602
v -281 319.608 62.549
v -281 319.608 74.549
v -281 319.739 58.307
v -281 319.739 70.307
v -281 319.878 62.828
v -281 319.878 74.828
v -281 320.025 58.046
v -281 320.025 70.046
v -281 320.18 63.071
v -281 320.18 75.071
v -281 320.342 57.822
v -281 320.342 69.822
v -281 320.51 63.275
v -281 320.51 75.275
v -281 320.683 57.638
v -281 320.683 69.638
v -281 320.862 63.437
v -281 320.862 75.437
v -281 321.045 57.498
v -281 321.045 69.498
v -281 321.232 63.555
v -281 321.232 75.555
v -281 321.421 57.404
v -281 321.421 69.404
v -281 321.613 63.626
v -281 321.613 75.626
v -281 321.806 57.356
v -281 321.806 69.356
v -281 322 63.65
v -281 322 75.65
v -281 322.194 57.356
v -281 322.194 69.356
v -281 322.387 63.626
v -281 322.387 75.626
v -281 322.579 57.404
v -281 322.579 69.404
v -281 322.768 63.555
v -281 322.768 75.555
v -281 322.955 57.498
v -281 322.955 69.498
v -281 323.138 63.437
v -281 323.138 75.437
v -281 323.317 57.638
v -281 323.317 69.638
v -281 323.49 63.275
v -281 323.49 75.275
v -281 323.658 57.822
v -281 323.658 69.822
v -281 323.82 63.071
v -281 323.82 75.071
v -281 323.975 58.046
v -281 323.975 70.046
v -281 324.122 62.828
v -281 324.122 74.828
v -281 324.261 58.307
v -281 324.261 70.307
v -281 324.392 62.549
v -281 324.392 74.549
v -281 324.514 58.602
v -281 324.514 70.602
v -281 324.626 62.24
v -281 324.626 74.24
v -281 324.728 58.925
v -281 324.728 70.925
v -281 324.82 61.904
v -281 324.82 73.904
v -281 324.901 59.272
v -281 324.901 71.272
v -281 324.971 61.547
v -281 324.971 73.547
v -281 325.03 59.638
v -281 325.03 71.638
v -281 325.077 61.174
v -281 325.077 73.174
v -281 325.113 60.017
v -281 325.113 72.017
v -281 325.137 60.791
v -281 325.137 72.791
v -281 325.149 60.403
v -281 325.149 72.403
v -281 332.851 60.403
v -281 332.851 72.403
v -281 332.863 60.791
v -281 332.863 72.791
v -281 332.887 60.017
v -281 332.887 72.017
v -281 332.923 61.174
v -281 332.923 73.174
v -281 332.97 59.638
v -281 332.97 71.638
v -281 333.029 61.547
v -281 333.029 73.547
v -281 333.099 59.272
v -281 333.099 71.272
v -281 333.18 61.904
v -281 333.18 73.904
v -281 333.272 58.925
v -281 333.272 70.925
v -281 333.374 62.24
v -281 333.374 74.24
v -281 333.486 58.602
v -281 333.486 70.602
v -281 333.608 62.549
v -281 333.608 74.549
v -281 333.739 58.307
v -281 333.739 70.307
v -281 333.878 62.828
v -281 333.878 74.828
v -281 334.025 58.046
v -281 334.025 70.046
v -281 334.18 63.071
v -281 334.18 75.071
v -281 334.342 57.822
v -281 334.342 69.822
v -281 334.51 63.275
v -281 334.51 75.275
v -281 334.683 57.638
v -281 334.683 69.638
v -281 334.862 63.437
v -281 334.862 75.437
v -281 335.045 57.498
v -281 335.045 69.498
v -281 335.232 63.555
v -281 335.232 75.555
v -281 335.421 57.404
v -281 335.421 69.404
v -281 335.613 63.626
v -281 335.613 75.626
v -281 335.806 57.356
v -281 335.806 69.356
v -281 336 63.65
v -281 336 75.65
v -281 336.194 57.356
v -281 336.194 69.356
v -281 336.387 63.626
v -281 336.387 75.626
v -281 336.579 57.404
v -281 336.579 69.404
v -281 336.768 63.555
v -281 336.768 75.555
v -281 336.955 57.498
v -281 336.955 69.498
v -281 337.138 63.437
v -281 337.138 75.437
v -281 337.317 57.638
v -281 337.317 69.638
v -281 337.49 63.275
v -281 337.49 75.275
v -281 337.658 57.822
v -281 337.658 69.822
v -281 337.82 63.071
v -281 337.82 75.071
v -281 337.975 58.046
v -281 337.975 70.046
v -281 338.122 62.828
v -281 338.122 74.828
v -281 338.261 58.307
v -281 338.261 70.307
v -281 338.392 62.549
v -281 338.392 74.549
v -281 338.514 58.602
v -281 338.514 70.602
v -281 338.626 62.24
v -281 338.626 74.24
v -281 338.728 58.925
v -281 338.728 70.925
v -281 338.82 61.904
v -281 338.82 73.904
v -281 338.901 59.272
v -281 338.901 71.272
v -281 338.971 61.547
v -281 338.971 73.547
v -281 339.03 59.638
v -281 339.03 71.638
v -281 339.077 61.174
v -281 339.077 73.174
v -281 339.113 60.017
v -281 339.113 72.017
v -281 339.137 60.791
v -281 339.137 72.791
v -281 339.149 60.403
v -281 339.149 72.403
v -281 341.851 60.403
v -281 341.851 72.403
v -281 341.863 60.791
v -281 341.863 72.791
v -281 341.887 60.017
v -281 341.887 72.017
v -281 341.923 61.174
v -281 341.923 73.174
v -281 341.97 59.638
v -281 341.97 71.638
v -281 342.029 61.547
v -281 342.029 73.547
v -281 342.099 59.272
v -281 342.099 71.272
v -281 342.18 61.904
v -281 342.18 73.904
v -281 342.272 58.925
v -281 342.272 70.925
v -281 342.374 62.24
v -281 342.374 74.24
v -281 342.486 58.602
v -281 342.486 70.602
v -281 342.608 62.549
v -281 342.608 74.549
v -281 342.739 58.307
v -281 342.739 70.307
v -281 342.878 62.828
v -281 342.878 74.828
v -281 343.025 58.046
v -281 343.025 70.046
v -281 343.18 63.071
v -281 343.18 75.071
v -281 343.342 57.822
v -281 343.342 69.822
v -281 343.51 63.275
v -281 343.51 75.275
v -281 343.683 57.638
v -281 343.683 69.638
v -281 343.862 63.437
v -281 343.862 75.437
v -281 344.045 57.498
v -281 344.045 69.498
v -281 344.232 63.555
v -281 344.232 75.555
v -281 344.421 57.404
v -281 344.421 69.404
v -281 344.613 63.626
v -281 344.613 75.626
v -281 344.806 57.356
v -281 344.806 69.356
v -281 345 63.65
v -281 345 75.65
v -281 345.194 57.356
v -281 345.194 69.356
v -281 345.387 63.626
v -281 345.387 75.626
v -281 345.579 57.404
v -281 345.579 69.404
v -281 345.768 63.555
v -281 345.768 75.555
v -281 345.955 57.498
v -281 345.955 69.498
v -281 346.138 63.437
v -281 346.138 75.437
v -281 346.317 57.638
v -281 346.317 69.638
v -281 346.49 63.275
v -281 346.49 75.275
v -281 346.658 57.822
v -281 346.658 69.822
v -281 346.82 63.071
v -281 346.82 75.071
v -281 346.975 58.046
v -281 346.975 70.046
v -281 347.122 62.828
v -281 347.122 74.828
v -281 347.261 58.307
v -281 347.261 70.307
v -281 347.392 62.549
v -281 347.392 74.549
v -281 347.514 58.602
v -281 347.514 70.602
v -281 347.626 62.24
v -281 347.626 74.24
v -281 347.728 58.925
v -281 347.728 70.925
v -281 347.82 61.904
v -281 347.82 73.904
v -281 347.901 59.272
v -281 347.901 71.272
v -281 347.971 61.547
v -281 347.971 73.547
v -281 348.03 59.638
v -281 348.03 71.638
v -281 348.077 61.174
v -281 348.077 73.174
v -281 348.113 60.017
v -281 348.113 72.017
v -281 348.137 60.791
v -281 348.137 72.791
v -281 348.149 60.403
v -281 348.149 72.403
v -281 350.851 60.403
v -281 350.851 72.403
v -281 350.863 60.791
v -281 350.863 72.791
v -281 350.887 60.017
v -281 350.887 72.017
v -281 350.923 61.174
v -281 350.923 73.174
v -281 350.97 59.638
v -281 350.97 71.638
v -281 351.029 61.547
v -281 351.029 73.547
v -281 351.099 59.272
v -281 351.099 71.272
v -281 351.18 61.904
v -281 351.18 73.904
v -281 351.272 58.925
v -281 351.272 70.925
v -281 351.374 62.24
v -281 351.374 74.24
v -281 351.486 58.602
v -281 351.486 70.602
v -281 351.608 62.549
v -281 351.608 74.549
v -281 351.739 58.307
v -281 351.739 70.307
v -281 351.878 62.828
v -281 351.878 74.828
v -281 352.025 58.046
v -281 352.025 70.046
v -281 352.18 63.071
v -281 352.18 75.071
v -281 352.342 57.822
v -281 352.342 69.822
v -281 352.51 63.275
v -281 352.51 75.275
v -281 352.683 57.638
v -281 352.683 69.638
v -281 352.862 63.437
v -281 352.862 75.437
v -281 353.045 57.498
v -281 353.045 69.498
v -281 353.232 63.555
v -281 353.232 75.555
v -281 353.421 57.404
v -281 353.421 69.404
v -281 353.613 63.626
v -281 353.613 75.626
v -281 353.806 57.356
v -281 353.806 69.356
v -281 354 63.65
v -281 354 75.65
v -281 354.194 57.356
v -281 354.194 69.356
v -281 354.387 63.626
v -281 354.387 75.626
v -281 354.579 57.404
v -281 354.579 69.404
v -281 354.768 63.555
v -281 354.768 75.555
v -281 354.955 57.498
v -281 354.955 69.498
v -281 355.138 63.437
v -281 355.138 75.437
v -281 355.317 57.638
v -281 355.317 69.638
v -281 355.49 63.275
v -281 355.49 75.275
v -281 355.658 57.822
v -281 355.658 69.822
v -281 355.82 63.071
v -281 355.82 75.071
v -281 355.975 58.046
v -281 355.975 70.046
v -281 356.122 62.828
v -281 356.122 74.828
v -281 356.261 58.307
v -281 356.261 70.307
v -281 356.392 62.549
v -281 356.392 74.549
v -281 356.514 58.602
v -281 356.514 70.602
v -281 356.626 62.24
v -281 356.626 74.24
v -281 356.728 58.925
v -281 356.728 70.925
v -281 356.82 61.904
v -281 356.82 73.904
v -281 356.901 59.272
v -281 356.901 71.272
v -281 356.971 61.547
v -281 356.971 73.547
v -281 357.03 59.638
v -281 357.03 71.638
v -281 357.077 61.174
v -281 357.077 73.174
v -281 357.113 60.017
v -281 357.113 72.017
v -281 357.137 60.791
v -281 357.137 72.791
v -281 357.149 60.403
v -281 357.149 72.403
v -281 396.851 60.403
v -281 396.851 72.403
v -281 396.863 60.791
v -281 396.863 72.791
v -281 396.887 60.017
v -281 396.887 72.017
v -281 396.923 61.174
v -281 396.923 73.174
v -281 396.97 59.638
v -281 396.97 71.638
v -281 397.029 61.547
v -281 397.029 73.547
v -281 397.099 59.272
v -281 397.099 71.272
v -281 397.18 61.904
v -281 397.18 73.904
v -281 397.272 58.925
v -281 397.272 70.925
v -281 397.374 62.24
v -281 397.374 74.24
v -281 397.486 58.602
v -281 397.486 70.602
v -281 397.608 62.549
v -281 397.608 74.549
v -281 397.739 58.307
v -281 397.739 70.307
v -281 397.878 62.828
v -281 397.878 74.828
v -281 398.025 58.046
v -281 398.025 70.046
v -281 398.18 63.071
v -281 398.18 75.071
v -281 398.342 57.822
v -281 398.342 69.822
v -281 398.51 63.275
v -281 398.51 75.275
v -281 398.683 57.638
v -281 398.683 69.638
v -281 398.862 63.437
v -281 398.862 75.437
v -281 399.045 57.498
v -281 399.045 69.498
v -281 399.232 63.555
v -281 399.232 75.555
v -281 399.421 57.404
v -281 399.421 69.404
v -281 399.613 63.626
v -281 399.613 75.626
v -281 399.806 57.356
v -281 399.806 69.356
v -281 400 63.65
v -281 400 75.65
v -281 400.194 57.356
v -281 400.194 69.356
v -281 400.387 63.626
v -281 400.387 75.626
v -281 400.579 57.404
v -281 400.579 69.404
v -281 400.768 63.555
v -281 400.768 75.555
v -281 400.955 57.498
v -281 400.955 69.498
v -281 401.138 63.437
v -281 401.138 75.437
v -281 401.317 57.638
v -281 401.317 69.638
v -281 401.49 63.275
v -281 401.49 75.275
v -281 401.658 57.822
v -281 401.658 69.822
v -281 401.82 63.071
v -281 401.82 75.071
v -281 401.975 58.046
v -281 401.975 70.046
v -281 402.122 62.828
v -281 402.122 74.828
v -281 402.261 58.307
v -281 402.261 70.307
v -281 402.392 62.549
v -281 402.392 74.549
v -281 402.514 58.602
v -281 402.514 70.602
v -281 402.626 62.24
v -281 402.626 74.24
v -281 402.728 58.925
v -281 402.728 70.925
v -281 402.82 61.904
v -281 402.82 73.904
v -281 402.901 59.272
v -281 402.901 71.272
v -281 402.971 61.547
v -281 402.971 73.547
v -281 403.03 59.638
v -281 403.03 71.638
v -281 403.077 61.174
v -281 403.077 73.174
v -281 403.113 60.017
v -281 403.113 72.017
v -281 403.137 60.791
v -281 403.137 72.791
v -281 403.149 60.403
v -281 403.149 72.403
v -281 405.851 60.403
v -281 405.851 72.403
v -281 405.863 60.791
v -281 405.863 72.791
v -281 405.887 60.017
v -281 405.887 72.017
v -281 405.923 61.174
v -281 405.923 73.174
v -281 405.97 59.638
v -281 405.97 71.638
v -281 406.029 61.547
v -281 406.029 73.547
v -281 406.099 59.272
v -281 406.099 71.272
v -281 406.18 61.904
v -281 406.18 73.904
v -281 406.272 58.925
v -281 406.272 70.925
v -281 406.374 62.24
v -281 406.374 74.24
v -281 406.486 58.602
v -281 406.486 70.602
v -281 406.608 62.549
v -281 406.608 74.549
v -281 406.739 58.307
v -281 406.739 70.307
v -281 406.878 62.828
v -281 406.878 74.828
v -281 407.025 58.046
v -281 407.025 70.046
v -281 407.18 63.071
v -281 407.18 75.071
v -281 407.342 57.822
v -281 407.342 69.822
v -281 407.51 63.275
v -281 407.51 75.275
v -281 407.683 57.638
v -281 407.683 69.638
v -281 407.862 63.437
v -281 407.862 75.437
v -281 408.045 57.498
v -281 408.045 69.498
v -281 408.232 63.555
v -281 408.232 75.555
v -281 408.421 57.404
v -281 408.421 69.404
v -281 408.613 63.626
v -281 408.613 75.626
v -281 408.806 57.356
v -281 408.806 69.356
v -281 409 63.65
v -281 409 75.65
v -281 409.194 57.356
v -281 409.194 69.356
v -281 409.387 63.626
v -281 409.387 75.626
v -281 409.579 57.404
v -281 409.579 69.404
v -281 409.768 63.555
v -281 409.768 75.555
v -281 409.955 57.498
v -281 409.955 69.498
v -281 410.138 63.437
v -281 410.138 75.437
v -281 410.317 57.638
v -281 410.317 69.638
v -281 410.49 63.275
v -281 410.49 75.275
v -281 410.658 57.822
v -281 410.658 69.822
v -281 410.82 63.071
v -281 410.82 75.071
v -281 410.975 58.046
v -281 410.975 70.046
v -281 411.122 62.828
v -281 411.122 74.828
v -281 411.261 58.307
v -281 411.261 70.307
v -281 411.392 62.549
v -281 411.392 74.549
v -281 411.514 58.602
v -281 411.514 70.602
v -281 411.626 62.24
v -281 411.626 74.24
v -281 411.728 58.925
v -281 411.728 70.925
v -281 411.82 61.904
v -281 411.82 73.904
v -281 411.901 59.272
v -281 411.901 71.272
v -281 411.971 61.547
v -281 411.971 73.547
v -281 412.03 59.638
v -281 412.03 71.638
v -281 412.077 61.174
v -281 412.077 73.174
v -281 412.113 60.017
v -281 412.113 72.017
v -281 412.137 60.791
v -281 412.137 72.791
v -281 412.149 60.403
v -281 412.149 72.403
v -281 414.851 60.403
v -281 414.851 72.403
v -281 414.863 60.791
v -281 414.863 72.791
v -281 414.887 60.017
v -281 414.887 72.017
v -281 414.923 61.174
v -281 414.923 73.174
v -281 414.97 59.638
v -281 414.97 71.638
v -281 415.029 61.547
v -281 415.029 73.547
v -281 415.099 59.272
v -281 415.099 71.272
v -281 415.18 61.904
v -281 415.18 73.904
v -281 415.272 58.925
v -281 415.272 70.925
v -281 415.374 62.24
v -281 415.374 74.24
v -281 415.486 58.602
v -281 415.486 70.602
v -281 415.608 62.549
v -281 415.608 74.549
v -281 415.739 58.307
v -281 415.739 70.307
v -281 415.878 62.828
v -281 415.878 74.828
v -281 416.025 58.046
v -281 416.025 70.046
v -281 416.18 63.071
v -281 416.18 75.071
v -281 416.342 57.822
v -281 416.342 69.822
v -281 416.51 63.275
v -281 416.51 75.275
v -281 416.683 57.638
v -281 416.683 69.638
v -281 416.862 63.437
v -281 416.862 75.437
v -281 417.045 57.498
v -281 417.045 69.498
v -281 417.232 63.555
v -281 417.232 75.555
v -281 417.421 57.404
v -281 417.421 69.404
v -281 417.613 63.626
v -281 417.613 75.626
v -281 417.806 57.356
v -281 417.806 69.356
v -281 418 63.65
v -281 418 75.65
v -281 418.194 57.356
v -281 418.194 69.356
v -281 418.387 63.626
v -281 418.387 75.626
v -281 418.579 57.404
v -281 418.579 69.404
v -281 418.768 63.555
v -281 418.768 75.555
v -281 418.955 57.498
v -281 418.955 69.498
v -281 419.138 63.437
v -281 419.138 75.437
v -281 419.317 57.638
v -281 419.317 69.638
v -281 419.49 63.275
v -281 419.49 75.275
v -281 419.658 57.822
v -281 419.658 69.822
v -281 419.82 63.071
v -281 419.82 75.071
v -281 419.975 58.046
v -281 419.975 70.046
v -281 420.122 62.828
v -281 420.122 74.828
v -281 420.261 58.307
v -281 420.261 70.307
v -281 420.392 62.549
v -281 420.392 74.549
v -281 420.514 58.602
v -281 420.514 70.602
v -281 420.626 62.24
v -281 420.626 74.24
v -281 420.728 58.925
v -281 420.728 70.925
v -281 420.82 61.904
v -281 420.82 73.904
v -281 420.901 59.272
v -281 420.901 71.272
v -281 420.971 61.547
v -281 420.971 73.547
v -281 421.03 59.638
v -281 421.03 71.638
v -281 421.077 61.174
v -281 421.077 73.174
v -281 421.113 60.017
v -281 421.113 72.017
v -281 421.137 60.791
v -281 421.137 72.791
v -281 421.149 60.403
v -281 421.149 72.403
v -281 429 36.25
v -281 429 81.95
v -278.4 33 38.25
v -278.4 33 81.95
v -278.4 35.852 60.403
v -278.4 35.852 72.403
v -278.4 35.863 60.791
v -278.4 35.863 72.791
v -278.4 35.887 60.017
v -278.4 35.887 72.017
v -278.4 35.923 61.174
v -278.4 35.923 73.174
v -278.4 35.97 59.638
v -278.4 35.97 71.638
v -278.4 36.029 61.547
v -278.4 36.029 73.547
v -278.4 36.099 59.272
v -278.4 36.099 71.272
v -278.4 36.18 61.904
v -278.4 36.18 73.904
v -278.4 36.272 58.925
v -278.4 36.272 70.925
v -278.4 36.374 62.24
v -278.4 36.374 74.24
v -278.4 36.486 58.602
v -278.4 36.486 70.602
v -278.4 36.608 62.549
v -278.4 36.608 74.549
v -278.4 36.739 58.307
v -278.4 36.739 70.307
v -278.4 36.878 62.828
v -278.4 36.878 74.828
v -278.4 37.025 58.046
v -278.4 37.025 70.046
v -278.4 37.18 63.071
v -278.4 37.18 75.071
v -278.4 37.342 57.822
v -278.4 37.342 69.822
v -278.4 37.51 63.275
v -278.4 37.51 75.275
v -278.4 37.683 57.638
v -278.4 37.683 69.638
v -278.4 37.862 63.437
v -278.4 37.862 75.437
v -278.4 38.045 57.498
v -278.4 38.045 69.498
v -278.4 38.232 63.555
v -278.4 38.232 75.555
v -278.4 38.421 57.404
v -278.4 38.421 69.404
v -278.4 38.613 63.626
v -278.4 38.613 75.626
v -278.4 38.806 57.356
v -278.4 38.806 69.356
v -278.4 39 57.35
v -278.4 39 63.65
v -278.4 39 75.65
v -278.4 39.194 69.356
v -278.4 39.387 75.626
v -278.4 39.579 69.404
v -278.4 39.768 75.555
v -278.4 39.955 69.498
v -278.4 40.138 75.437
v -278.4 40.317 69.638
v -278.4 40.49 75.275
v -278.4 40.658 69.822
v -278.4 40.82 75.071
v -278.4 40.975 70.046
v -278.4 41.122 74.828
v -278.4 41.261 70.307
v -278.4 41.392 74.549
v -278.4 41.514 70.602
v -278.4 41.626 74.24
v -278.4 41.728 70.925
v -278.4 41.82 73.904
v -278.4 41.901 71.272
v -278.4 41.971 73.547
v -278.4 42.03 71.638
v -278.4 42.077 73.174
v -278.4 42.113 72.017
v -278.4 42.137 72.791
v -278.4 42.148 72.403
v -278.4 44.852 72.403
v -278.4 44.863 72.791
v -278.4 44.887 72.017
v -278.4 44.923 73.174
v -278.4 44.97 71.638
v -278.4 45.029 73.547
v -278.4 45.099 71.272
v -278.4 45.18 73.904
v -278.4 45.272 70.925
v -278.4 45.374 74.24
v -278.4 45.486 70.602
v -278.4 45.608 74.549
v -278.4 45.739 70.307
v -278.4 45.878 74.828
v -278.4 46.025 70.046
v -278.4 46.18 75.071
v -278.4 46.342 69.822
v -278.4 46.51 75.275
v -278.4 46.683 69.638
v -278.4 46.862 75.437
v -278.4 47.045 69.498
v -278.4 47.232 75.555
v -278.4 47.421 69.404
v -278.4 47.613 75.626
v -278.4 47.806 69.356
v -278.4 48 57.35
v -278.4 48 63.65
v -278.4 48 75.65
v -278.4 48.194 57.356
v -278.4 48.194 69.356
v -278.4 48.387 63.626
v -278.4 48.387 75.626
v -278.4 48.579 57.404
v -278.4 48.579 69.404
v -278.4 48.768 63.555
v -278.4 48.768 75.555
v -278.4 48.955 57.498
v -278.4 48.955 69.498
v -278.4 49.138 63.437
v -278.4 49.138 75.437
v -278.4 49.317 57.638
v -278.4 49.317 69.638
v -278.4 49.49 63.275
v -278.4 49.49 75.275
v -278.4 49.658 57.822
v -278.4 49.658 69.822
v -278.4 49.82 63.071
v -278.4 49.82 75.071
v -278.4 49.975 58.046
v -278.4 49.975 70.046
v -278.4 50.122 62.828
v -278.4 50.122 74.828
v -278.4 50.261 58.307
v -278.4 50.261 70.307
v -278.4 50.392 62.549
v -278.4 50.392 74.549
v -278.4 50.514 58.602
v -278.4 50.514 70.602
v -278.4 50.626 62.24
v -278.4 50.626 74.24
v -278.4 50.728 58.925
v -278.4 50.728 70.925
v -278.4 50.82 61.904
v -278.4 50.82 73.904
v -278.4 50.901 59.272
v -278.4 50.901 71.272
v -278.4 50.971 61.547
v -278.4 50.971 73.547
v -278.4 51.03 59.638
v -278.4 51.03 71.638
v -278.4 51.077 61.174
v -278.4 51.077 73.174
v -278.4 51.113 60.017
v -278.4 51.113 72.017
v -278.4 51.137 60.791
v -278.4 51.137 72.791
v -278.4 51.148 60.403
v -278.4 51.148 72.403
v -278.4 53.852 60.403
v -278.4 53.852 72.403
v -278.4 53.863 60.791
v -278.4 53.863 72.791
v -278.4 53.887 60.017
v -278.4 53.887 72.017
v -278.4 53.923 61.174
v -278.4 53.923 73.174
v -278.4 53.97 59.638
v -278.4 53.97 71.638
v -278.4 54.029 61.547
v -278.4 54.029 73.547
v -278.4 54.099 59.272
v -278.4 54.099 71.272
v -278.4 54.18 61.904
v -278.4 54.18 73.904
v -278.4 54.272 58.925
v -278.4 54.272 70.925
v -278.4 54.374 62.24
v -278.4 54.374 74.24
v -278.4 54.486 58.602
v -278.4 54.486 70.602
v -278.4 54.608 62.549
v -278.4 54.608 74.549
v -278.4 54.739 58.307
v -278.4 54.739 70.307
v -278.4 54.878 62.828
v -278.4 54.878 74.828
v -278.4 55.025 58.046
v -278.4 55.025 70.046
v -278.4 55.18 63.071
v -278.4 55.18 75.071
v -278.4 55.342 57.822
v -278.4 55.342 69.822
v -278.4 55.51 63.275
v -278.4 55.51 75.275
v -278.4 55.683 57.638
v -278.4 55.683 69.638
v -278.4 55.862 63.437
v -278.4 55.862 75.437
v -278.4 56.045 57.498
v -278.4 56.045 69.498
v -278.4 56.232 63.555
v -278.4 56.232 75.555
v -278.4 56.421 57.404
v -278.4 56.421 69.404
v -278.4 56.613 63.626
v -278.4 56.613 75.626
v -278.4 56.806 57.356
v -278.4 56.806 69.356
v -278.4 57 63.65
v -278.4 57 75.65
v -278.4 57.194 57.356
v -278.4 57.194 69.356
v -278.4 57.387 63.626
v -278.4 57.387 75.626
v -278.4 57.579 57.404
v -278.4 57.579 69.404
v -278.4 57.768 63.555
v -278.4 57.768 75.555
v -278.4 57.955 57.498
v -278.4 57.955 69.498
v -278.4 58.138 63.437
v -278.4 58.138 75.437
v -278.4 58.317 57.638
v -278.4 58.317 69.638
v -278.4 58.49 63.275
v -278.4 58.49 75.275
v -278.4 58.658 57.822
v -278.4 58.658 69.822
v -278.4 58.82 63.071
v -278.4 58.82 75.071
v -278.4 58.975 58.046
v -278.4 58.975 70.046
v -278.4 59.122 62.828
v -278.4 59.122 74.828
v -278.4 59.261 58.307
v -278.4 59.261 70.307
v -278.4 59.392 62.549
v -278.4 59.392 74.549
v -278.4 59.514 58.602
v -278.4 59.514 70.602
v -278.4 59.626 62.24
v -278.4 59.626 74.24
v -278.4 59.728 58.925
v -278.4 59.728 70.925
v -278.4 59.82 61.904
v -278.4 59.82 73.904
v -278.4 59.901 59.272
v -278.4 59.901 71.272
v -278.4 59.971 61.547
v -278.4 59.971 73.547
v -278.4 60.03 59.638
v -278.4 60.03 71.638
v -278.4 60.077 61.174
v -278.4 60.077 73.174
v -278.4 60.113 60.017
v -278.4 60.113 72.017
v -278.4 60.137 60.791
v -278.4 60.137 72.791
v -278.4 60.148 60.403
v -278.4 60.148 72.403
v -278.4 62.852 60.403
v -278.4 62.852 72.403
v -278.4 62.863 60.791
v -278.4 62.863 72.791
v -278.4 62.887 60.017
v -278.4 62.887 72.017
v -278.4 62.923 61.174
v -278.4 62.923 73.174
v -278.4 62.97 59.638
v -278.4 62.97 71.638
v -278.4 63.029 61.547
v -278.4 63.029 73.547
v -278.4 63.099 59.272
v -278.4 63.099 71.272
v -278.4 63.18 61.904
v -278.4 63.18 73.904
v -278.4 63.272 58.925
v -278.4 63.272 70.925
v -278.4 63.374 62.24
v -278.4 63.374 74.24
v -278.4 63.486 58.602
v -278.4 63.486 70.602
v -278.4 63.608 62.549
v -278.4 63.608 74.549
v -278.4 63.739 58.307
v -278.4 63.739 70.307
v -278.4 63.878 62.828
v -278.4 63.878 74.828
v -278.4 64.025 58.046
v -278.4 64.025 70.046
v -278.4 64.18 63.071
v -278.4 64.18 75.071
v -278.4 64.342 57.822
v -278.4 64.342 69.822
v -278.4 64.51 63.275
v -278.4 64.51 75.275
v -278.4 64.683 57.638
v -278.4 64.683 69.638
v -278.4 64.862 63.437
v -278.4 64.862 75.437
v -278.4 65.045 57.498
v -278.4 65.045 69.498
v -278.4 65.232 63.555
v -278.4 65.232 75.555
v -278.4 65.421 57.404
v -278.4 65.421 69.404
v -278.4 65.613 63.626
v -278.4 65.613 75.626
v -278.4 65.806 57.356
v -278.4 65.806 69.356
v -278.4 66 63.65
v -278.4 66 75.65
v -278.4 66.194 57.356
v -278.4 66.194 69.356
v -278.4 66.387 63.626
v -278.4 66.387 75.626
v -278.4 66.579 57.404
v -278.4 66.579 69.404
v -278.4 66.768 63.555
v -278.4 66.768 75.555
v -278.4 66.955 57.498
v -278.4 66.955 69.498
v -278.4 67.138 63.437
v -278.4 67.138 75.437
v -278.4 67.317 57.638
v -278.4 67.317 69.638
v -278.4 67.49 63.275
v -278.4 67.49 75.275
v -278.4 67.658 57.822
v -278.4 67.658 69.822
v -278.4 67.82 63.071
v -278.4 67.82 75.071
v -278.4 67.975 58.046
v -278.4 67.975 70.046
v -278.4 68.122 62.828
v -278.4 68.122 74.828
v -278.4 68.261 58.307
v -278.4 68.261 70.307
v -278.4 68.392 62.549
v -278.4 68.392 74.549
v -278.4 68.514 58.602
v -278.4 68.514 70.602
v -278.4 68.626 62.24
v -278.4 68.626 74.24
v -278.4 68.728 58.925
v -278.4 68.728 70.925
v -278.4 68.82 61.904
v -278.4 68.82 73.904
v -278.4 68.901 59.272
v -278.4 68.901 71.272
v -278.4 68.971 61.547
v -278.4 68.971 73.547
v -278.4 69.03 59.638
v -278.4 69.03 71.638
v -278.4 69.077 61.174
v -278.4 69.077 73.174
v -278.4 69.113 60.017
v -278.4 69.113 72.017
v -278.4 69.137 60.791
v -278.4 69.137 72.791
v -278.4 69.148 60.403
v -278.4 69.148 72.403
v -278.4 81.3 38.25
v -278.4 81.3 47.25
v -278.4 85.852 60.403
v -278.4 85.852 72.403
v -278.4 85.863 60.791
v -278.4 85.863 72.791
v -278.4 85.887 60.017
v -278.4 85.887 72.017
v -278.4 85.923 61.174
v -278.4 85.923 73.174
v -278.4 85.97 59.638
v -278.4 85.97 71.638
v -278.4 86.029 61.547
v -278.4 86.029 73.547
v -278.4 86.099 59.272
v -278.4 86.099 71.272
v -278.4 86.18 61.904
v -278.4 86.18 73.904
v -278.4 86.272 58.925
v -278.4 86.272 70.925
v -278.4 86.374 62.24
v -278.4 86.374 74.24
v -278.4 86.486 58.602
v -278.4 86.486 70.602
v -278.4 86.608 62.549
v -278.4 86.608 74.549
v -278.4 86.739 58.307
v -278.4 86.739 70.307
v -278.4 86.878 62.828
v -278.4 86.878 74.828
v -278.4 87.025 58.046
v -278.4 87.025 70.046
v -278.4 87.18 63.071
v -278.4 87.18 75.071
v -278.4 87.342 57.822
v -278.4 87.342 69.822
v -278.4 87.51 63.275
v -278.4 87.51 75.275
v -278.4 87.683 57.638
v -278.4 87.683 69.638
v -278.4 87.862 63.437
v -278.4 87.862 75.437
v -278.4 88.045 57.498
v -278.4 88.045 69.498
v -278.4 88.232 63.555
v -278.4 88.232 75.555
v -278.4 88.421 57.404
v -278.4 88.421 69.404
v -278.4 88.613 63.626
v -278.4 88.613 75.626
v -278.4 88.806 57.356
v -278.4 88.806 69.356
v -278.4 89 63.65
v -278.4 89 75.65
v -278.4 89.194 57.356
v -278.4 89.194 69.356
v -278.4 89.387 63.626
v -278.4 89.387 75.626
v -278.4 89.579 57.404
v -278.4 89.579 69.404
v -278.4 89.768 63.555
v -278.4 89.768 75.555
v -278.4 89.955 57.498
v -278.4 89.955 69.498
v -278.4 90.138 63.437
v -278.4 90.138 75.437
v -278.4 90.317 57.638
v -278.4 90.317 69.638
v -278.4 90.49 63.275
v -278.4 90.49 75.275
v -278.4 90.658 57.822
v -278.4 90.658 69.822
v -278.4 90.82 63.071
v -278.4 90.82 75.071
v -278.4 90.975 58.046
v -278.4 90.975 70.046
v -278.4 91.122 62.828
v -278.4 91.122 74.828
v -278.4 91.261 58.307
v -278.4 91.261 70.307
v -278.4 91.392 62.549
v -278.4 91.392 74.549
v -278.4 91.514 58.602
v -278.4 91.514 70.602
v -278.4 91.626 62.24
v -278.4 91.626 74.24
v -278.4 91.728 58.925
v -278.4 91.728 70.925
v -278.4 91.82 61.904
v -278.4 91.82 73.904
v -278.4 91.901 59.272
v -278.4 91.901 71.272
v -278.4 91.971 61.547
v -278.4 91.971 73.547
v -278.4 92.03 59.638
v -278.4 92.03 71.638
v -278.4 92.077 61.174
v -278.4 92.077 73.174
v -278.4 92.113 60.017
v -278.4 92.113 72.017
v -278.4 92.137 60.791
v -278.4 92.137 72.791
v -278.4 92.148 60.403
v -278.4 92.148 72.403
v -278.4 94.852 60.403
v -278.4 94.852 72.403
v -278.4 94.863 60.791
v -278.4 94.863 72.791
v -278.4 94.887 60.017
v -278.4 94.887 72.017
v -278.4 94.923 61.174
v -278.4 94.923 73.174
v -278.4 94.97 59.638
v -278.4 94.97 71.638
v -278.4 95.029 61.547
v -278.4 95.029 73.547
v -278.4 95.099 59.272
v -278.4 95.099 71.272
v -278.4 95.18 61.904
v -278.4 95.18 73.904
v -278.4 95.272 58.925
v -278.4 95.272 70.925
v -278.4 95.374 62.24
v -278.4 95.374 74.24
v -278.4 95.486 58.602
v -278.4 95.486 70.602
v -278.4 95.608 62.549
v -278.4 95.608 74.549
v -278.4 95.739 58.307
v -278.4 95.739 70.307
v -278.4 95.878 62.828
v -278.4 95.878 74.828
v -278.4 96.025 58.046
v -278.4 96.025 70.046
v -278.4 96.18 63.071
v -278.4 96.18 75.071
v -278.4 96.342 57.822
v -278.4 96.342 69.822
v -278.4 96.51 63.275
v -278.4 96.51 75.275
v -278.4 96.683 57.638
v -278.4 96.683 69.638
v -278.4 96.862 63.437
v -278.4 96.862 75.437
v -278.4 97.045 57.498
v -278.4 97.045 69.498
v -278.4 97.232 63.555
v -278.4 97.232 75.555
v -278.4 97.421 57.404
v -278.4 97.421 69.404
v -278.4 97.613 63.626
v -278.4 97.613 75.626
v -278.4 97.806 57.356
v -278.4 97.806 69.356
v -278.4 98 63.65
v -278.4 98 75.65
v -278.4 98.194 57.356
v -278.4 98.194 69.356
v -278.4 98.387 63.626
v -278.4 98.387 75.626
v -278.4 98.579 57.404
v -278.4 98.579 69.404
v -278.4 98.768 63.555
v -278.4 98.768 75.555
v -278.4 98.955 57.498
v -278.4 98.955 69.498
v -278.4 99.138 63.437
v -278.4 99.138 75.437
v -278.4 99.317 57.638
v -278.4 99.317 69.638
v -278.4 99.49 63.275
v -278.4 99.49 75.275
v -278.4 99.658 57.822
v -278.4 99.658 69.822
v -278.4 99.82 63.071
v -278.4 99.82 75.071
v -278.4 99.975 58.046
v -278.4 99.975 70.046
v -278.4 100.122 62.828
v -278.4 100.122 74.828
v -278.4 100.261 58.307
v -278.4 100.261 70.307
v -278.4 100.392 62.549
v -278.4 100.392 74.549
v -278.4 100.514 58.602
v -278.4 100.514 70.602
v -278.4 100.626 62.24
v -278.4 100.626 74.24
v -278.4 100.728 58.925
v -278.4 100.728 70.925
v -278.4 100.82 61.904
v -278.4 100.82 73.904
v -278.4 100.901 59.272
v -278.4 100.901 71.272
v -278.4 100.971 61.547
v -278.4 100.971 73.547
v -278.4 101.03 59.638
v -278.4 101.03 71.638
v -278.4 101.077 61.174
v -278.4 101.077 73.174
v -278.4 101.113 60.017
v -278.4 101.113 72.017
v -278.4 101.137 60.791
v -278.4 101.137 72.791
v -278.4 101.149 60.403
v -278.4 101.149 72.403
v -278.4 172.851 60.403
v -278.4 172.851 72.403
v -278.4 172.863 60.791
v -278.4 172.863 72.791
v -278.4 172.887 60.017
v -278.4 172.887 72.017
v -278.4 172.923 61.174
v -278.4 172.923 73.174
v -278.4 172.97 59.638
v -278.4 172.97 71.638
v -278.4 173.029 61.547
v -278.4 173.029 73.547
v -278.4 173.099 59.272
v -278.4 173.099 71.272
v -278.4 173.18 61.904
v -278.4 173.18 73.904
v -278.4 173.272 58.925
v -278.4 173.272 70.925
v -278.4 173.374 62.24
v -278.4 173.374 74.24
v -278.4 173.486 58.602
v -278.4 173.486 70.602
v -278.4 173.608 62.549
v -278.4 173.608 74.549
v -278.4 173.739 58.307
v -278.4 173.739 70.307
v -278.4 173.878 62.828
v -278.4 173.878 74.828
v -278.4 174.025 58.046
v -278.4 174.025 70.046
v -278.4 174.18 63.071
v -278.4 174.18 75.071
v -278.4 174.342 57.822
v -278.4 174.342 69.822
v -278.4 174.51 63.275
v -278.4 174.51 75.275
v -278.4 174.683 57.638
v -278.4 174.683 69.638
v -278.4 174.862 63.437
v -278.4 174.862 75.437
v -278.4 175.045 57.498
v -278.4 175.045 69.498
v -278.4 175.232 63.555
v -278.4 175.232 75.555
v -278.4 175.421 57.404
v -278.4 175.421 69.404
v -278.4 175.613 63.626
v -278.4 175.613 75.626
v -278.4 175.806 57.356
v -278.4 175.806 69.356
v -278.4 176 63.65
v -278.4 176 75.65
v -278.4 176.194 57.356
v -278.4 176.194 69.356
v -278.4 176.387 63.626
v -278.4 176.387 75.626
v -278.4 176.579 57.404
v -278.4 176.579 69.404
v -278.4 176.768 63.555
v -278.4 176.768 75.555
v -278.4 176.955 57.498
v -278.4 176.955 69.498
v -278.4 177.138 63.437
v -278.4 177.138 75.437
v -278.4 177.317 57.638
v -278.4 177.317 69.638
v -278.4 177.49 63.275
v -278.4 177.49 75.275
v -278.4 177.658 57.822
v -278.4 177.658 69.822
v -278.4 177.82 63.071
v -278.4 177.82 75.071
v -278.4 177.975 58.046
v -278.4 177.975 70.046
v -278.4 178.122 62.828
v -278.4 178.122 74.828
v -278.4 178.261 58.307
v -278.4 178.261 70.307
v -278.4 178.392 62.549
v -278.4 178.392 74.549
v -278.4 178.514 58.602
v -278.4 178.514 70.602
v -278.4 178.626 62.24
v -278.4 178.626 74.24
v -278.4 178.728 58.925
v -278.4 178.728 70.925
v -278.4 178.82 61.904
v -278.4 178.82 73.904
v -278.4 178.901 59.272
v -278.4 178.901 71.272
v -278.4 178.971 61.547
v -278.4 178.971 73.547
v -278.4 179.03 59.638
v -278.4 179.03 71.638
v -278.4 179.077 61.174
v -278.4 179.077 73.174
v -278.4 179.113 60.017
v -278.4 179.113 72.017
v -278.4 179.137 60.791
v -278.4 179.137 72.791
v -278.4 179.149 60.403
v -278.4 179.149 72.403
v -278.4 181.851 60.403
v -278.4 181.851 72.403
v -278.4 181.863 60.791
v -278.4 181.863 72.791
v -278.4 181.887 60.017
v -278.4 181.887 72.017
v -278.4 181.923 61.174
v -278.4 181.923 73.174
v -278.4 181.97 59.638
v -278.4 181.97 71.638
v -278.4 182.029 61.547
v -278.4 182.029 73.547
v -278.4 182.099 59.272
v -278.4 182.099 71.272
v -278.4 182.18 61.904
v -278.4 182.18 73.904
v -278.4 182.272 58.925
v -278.4 182.272 70.925
v -278.4 182.374 62.24
v -278.4 182.374 74.24
v -278.4 182.486 58.602
v -278.4 182.486 70.602
v -278.4 182.608 62.549
v -278.4 182.608 74.549
v -278.4 182.739 58.307
v -278.4 182.739 70.307
v -278.4 182.878 62.828
v -278.4 182.878 74.828
v -278.4 183.025 58.046
v -278.4 183.025 70.046
v -278.4 183.18 63.071
v -278.4 183.18 75.071
v -278.4 183.342 57.822
v -278.4 183.342 69.822
v -278.4 183.51 63.275
v -278.4 183.51 75.275
v -278.4 183.683 57.638
v -278.4 183.683 69.638
v -278.4 183.862 63.437
v -278.4 183.862 75.437
v -278.4 184.045 57.498
v -278.4 184.045 69.498
v -278.4 184.232 63.555
v -278.4 184.232 75.555
v -278.4 184.421 57.404
v -278.4 184.421 69.404
v -278.4 184.613 63.626
v -278.4 184.613 75.626
v -278.4 184.806 57.356
v -278.4 184.806 69.356
v -278.4 185 63.65
v -278.4 185 75.65
v -278.4 185.194 57.356
v -278.4 185.194 69.356
v -278.4 185.387 63.626
v -278.4 185.387 75.626
v -278.4 185.579 57.404
v -278.4 185.579 69.404
v -278.4 185.768 63.555
v -278.4 185.768 75.555
v -278.4 185.955 57.498
v -278.4 185.955 69.498
v -278.4 186.138 63.437
v -278.4 186.138 75.437
v -278.4 186.317 57.638
v -278.4 186.317 69.638
v -278.4 186.49 63.275
v -278.4 186.49 75.275
v -278.4 186.658 57.822
v -278.4 186.658 69.822
v -278.4 186.82 63.071
v -278.4 186.82 75.071
v -278.4 186.975 58.046
v -278.4 186.975 70.046
v -278.4 187.122 62.828
v -278.4 187.122 74.828
v -278.4 187.261 58.307
v -278.4 187.261 70.307
v -278.4 187.392 62.549
v -278.4 187.392 74.549
v -278.4 187.514 58.602
v -278.4 187.514 70.602
v -278.4 187.626 62.24
v -278.4 187.626 74.24
v -278.4 187.728 58.925
v -278.4 187.728 70.925
v -278.4 187.82 61.904
v -278.4 187.82 73.904
v -278.4 187.901 59.272
v -278.4 187.901 71.272
v -278.4 187.971 61.547
v -278.4 187.971 73.547
v -278.4 188.03 59.638
v -278.4 188.03 71.638
v -278.4 188.077 61.174
v -278.4 188.077 73.174
v -278.4 188.113 60.017
v -278.4 188.113 72.017
v -278.4 188.137 60.791
v -278.4 188.137 72.791
v -278.4 188.149 60.403
v -278.4 188.149 72.403
v -278.4 190.851 60.403
v -278.4 190.851 72.403
v -278.4 190.863 60.791
v -278.4 190.863 72.791
v -278.4 190.887 60.017
v -278.4 190.887 72.017
v -278.4 190.923 61.174
v -278.4 190.923 73.174
v -278.4 190.97 59.638
v -278.4 190.97 71.638
v -278.4 191.029 61.547
v -278.4 191.029 73.547
v -278.4 191.099 59.272
v -278.4 191.099 71.272
v -278.4 191.18 61.904
v -278.4 191.18 73.904
v -278.4 191.272 58.925
v -278.4 191.272 70.925
v -278.4 191.374 62.24
v -278.4 191.374 74.24
v -278.4 191.486 58.602
v -278.4 191.486 70.602
v -278.4 191.608 62.549
v -278.4 191.608 74.549
v -278.4 191.739 58.307
v -278.4 191.739 70.307
v -278.4 191.878 62.828
v -278.4 191.878 74.828
v -278.4 192.025 58.046
v -278.4 192.025 70.046
v -278.4 192.18 63.071
v -278.4 192.18 75.071
v -278.4 192.342 57.822
v -278.4 192.342 69.822
v -278.4 192.51 63.275
v -278.4 192.51 75.275
v -278.4 192.683 57.638
v -278.4 192.683 69.638
v -278.4 192.862 63.437
v -278.4 192.862 75.437
v -278.4 193.045 57.498
v -278.4 193.045 69.498
v -278.4 193.232 63.555
v -278.4 193.232 75.555
v -278.4 193.421 57.404
v -278.4 193.421 69.404
v -278.4 193.613 63.626
v -278.4 193.613 75.626
v -278.4 193.806 57.356
v -278.4 193.806 69.356
v -278.4 194 63.65
v -278.4 194 75.65
v -278.4 194.194 57.356
v -278.4 194.194 69.356
v -278.4 194.387 63.626
v -278.4 194.387 75.626
v -278.4 194.579 57.404
v -278.4 194.579 69.404
v -278.4 194.768 63.555
v -278.4 194.768 75.555
v -278.4 194.955 57.498
v -278.4 194.955 69.498
v -278.4 195.138 63.437
v -278.4 195.138 75.437
v -278.4 195.317 57.638
v -278.4 195.317 69.638
v -278.4 195.49 63.275
v -278.4 195.49 75.275
v -278.4 195.658 57.822
v -278.4 195.658 69.822
v -278.4 195.82 63.071
v -278.4 195.82 75.071
v -278.4 195.975 58.046
v -278.4 195.975 70.046
v -278.4 196.122 62.828
v -278.4 196.122 74.828
v -278.4 196.261 58.307
v -278.4 196.261 70.307
v -278.4 196.392 62.549
v -278.4 196.392 74.549
v -278.4 196.514 58.602
v -278.4 196.514 70.602
v -278.4 196.626 62.24
v -278.4 196.626 74.24
v -278.4 196.728 58.925
v -278.4 196.728 70.925
v -278.4 196.82 61.904
v -278.4 196.82 73.904
v -278.4 196.901 59.272
v -278.4 196.901 71.272
v -278.4 196.971 61.547
v -278.4 196.971 73.547
v -278.4 197.03 59.638
v -278.4 197.03 71.638
v -278.4 197.077 61.174
v -278.4 197.077 73.174
v -278.4 197.113 60.017
v -278.4 197.113 72.017
v -278.4 197.137 60.791
v -278.4 197.137 72.791
v -278.4 197.149 60.403
v -278.4 197.149 72.403
v -278.4 268.851 60.403
v -278.4 268.851 72.403
v -278.4 268.863 60.791
v -278.4 268.863 72.791
v -278.4 268.887 60.017
v -278.4 268.887 72.017
v -278.4 268.923 61.174
v -278.4 268.923 73.174
v -278.4 268.97 59.638
v -278.4 268.97 71.638
v -278.4 269.029 61.547
v -278.4 269.029 73.547
v -278.4 269.099 59.272
v -278.4 269.099 71.272
v -278.4 269.18 61.904
v -278.4 269.18 73.904
v -278.4 269.272 58.925
v -278.4 269.272 70.925
v -278.4 269.374 62.24
v -278.4 269.374 74.24
v -278.4 269.486 58.602
v -278.4 269.486 70.602
v -278.4 269.608 62.549
v -278.4 269.608 74.549
v -278.4 269.739 58.307
v -278.4 269.739 70.307
v -278.4 269.878 62.828
v -278.4 269.878 74.828
v -278.4 270.025 58.046
v -278.4 270.025 70.046
v -278.4 270.18 63.071
v -278.4 270.18 75.071
v -278.4 270.342 57.822
v -278.4 270.342 69.822
v -278.4 270.51 63.275
v -278.4 270.51 75.275
v -278.4 270.683 57.638
v -278.4 270.683 69.638
v -278.4 270.862 63.437
v -278.4 270.862 75.437
v -278.4 271.045 57.498
v -278.4 271.045 69.498
v -278.4 271.232 63.555
v -278.4 271.232 75.555
v -278.4 271.421 57.404
v -278.4 271.421 69.404
v -278.4 271.613 63.626
v -278.4 271.613 75.626
v -278.4 271.806 57.356
v -278.4 271.806 69.356
v -278.4 272 63.65
v -278.4 272 75.65
v -278.4 272.194 57.356
v -278.4 272.194 69.356
v -278.4 272.387 63.626
v -278.4 272.387 75.626
v -278.4 272.579 57.404
v -278.4 272.579 69.404
v -278.4 272.768 63.555
v -278.4 272.768 75.555
v -278.4 272.955 57.498
v -278.4 272.955 69.498
v -278.4 273.138 63.437
v -278.4 273.138 75.437
v -278.4 273.317 57.638
v -278.4 273.317 69.638
v -278.4 273.49 63.275
v -278.4 273.49 75.275
v -278.4 273.658 57.822
v -278.4 273.658 69.822
v -278.4 273.82 63.071
v -278.4 273.82 75.071
v -278.4 273.975 58.046
v -278.4 273.975 70.046
v -278.4 274.122 62.828
v -278.4 274.122 74.828
v -278.4 274.261 58.307
v -278.4 274.261 70.307
v -278.4 274.392 62.549
v -278.4 274.392 74.549
v -278.4 274.514 58.602
v -278.4 274.514 70.602
v -278.4 274.626 62.24
v -278.4 274.626 74.24
v -278.4 274.728 58.925
v -278.4 274.728 70.925
v -278.4 274.82 61.904
v -278.4 274.82 73.904
v -278.4 274.901 59.272
v -278.4 274.901 71.272
v -278.4 274.971 61.547
v -278.4 274.971 73.547
v -278.4 275.03 59.638
v -278.4 275.03 71.638
v -278.4 275.077 61.174
v -278.4 275.077 73.174
v -278.4 275.113 60.017
v -278.4 275.113 72.017
v -278.4 275.137 60.791
v -278.4 275.137 72.791
v -278.4 275.149 60.403
v -278.4 275.149 72.403
v -278.4 277.851 60.403
v -278.4 277.851 72.403
v -278.4 277.863 60.791
v -278.4 277.863 72.791
v -278.4 277.887 60.017
v -278.4 277.887 72.017
v -278.4 277.923 61.174
v -278.4 277.923 73.174
v -278.4 277.97 59.638
v -278.4 277.97 71.638
v -278.4 278.029 61.547
v -278.4 278.029 73.547
v -278.4 278.099 59.272
v -278.4 278.099 71.272
v -278.4 278.18 61.904
v -278.4 278.18 73.904
v -278.4 278.272 58.925
v -278.4 278.272 70.925
v -278.4 278.374 62.24
v -278.4 278.374 74.24
v -278.4 278.486 58.602
v -278.4 278.486 70.602
v -278.4 278.608 62.549
v -278.4 278.608 74.549
v -278.4 278.739 58.307
v -278.4 278.739 70.307
v -278.4 278.878 62.828
v -278.4 278.878 74.828
v -278.4 279.025 58.046
v -278.4 279.025 70.046
v -278.4 279.18 63.071
v -278.4 279.18 75.071
v -278.4 279.342 57.822
v -278.4 279.342 69.822
v -278.4 279.51 63.275
v -278.4 279.51 75.275
v -278.4 279.683 57.638
v -278.4 279.683 69.638
v -278.4 279.862 63.437
v -278.4 279.862 75.437
v -278.4 280.045 57.498
v -278.4 280.045 69.498
v -278.4 280.232 63.555
v -278.4 280.232 75.555
v -278.4 280.421 57.404
v -278.4 280.421 69.404
v -278.4 280.613 63.626
v -278.4 280.613 75.626
v -278.4 280.806 57.356
v -278.4 280.806 69.356
v -278.4 281 63.65
v -278.4 281 75.65
v -278.4 281.194 57.356
v -278.4 281.194 69.356
v -278.4 281.387 63.626
v -278.4 281.387 75.626
v -278.4 281.579 57.404
v -278.4 281.579 69.404
v -278.4 281.768 63.555
v -278.4 281.768 75.555
v -278.4 281.955 57.498
v -278.4 281.955 69.498
v -278.4 282.138 63.437
v -278.4 282.138 75.437
v -278.4 282.317 57.638
v -278.4 282.317 69.638
v -278.4 282.49 63.275
v -278.4 282.49 75.275
v -278.4 282.658 57.822
v -278.4 282.658 69.822
v -278.4 282.82 63.071
v -278.4 282.82 75.071
v -278.4 282.975 58.046
v -278.4 282.975 70.046
v -278.4 283.122 62.828
v -278.4 283.122 74.828
v -278.4 283.261 58.307
v -278.4 283.261 70.307
v -278.4 283.392 62.549
v -278.4 283.392 74.549
v -278.4 283.514 58.602
v -278.4 283.514 70.602
v -278.4 283.626 62.24
v -278.4 283.626 74.24
v -278.4 283.728 58.925
v -278.4 283.728 70.925
v -278.4 283.82 61.904
v -278.4 283.82 73.904
v -278.4 283.901 59.272
v -278.4 283.901 71.272
v -278.4 283.971 61.547
v -278.4 283.971 73.547
v -278.4 284.03 59.638
v -278.4 284.03 71.638
v -278.4 284.077 61.174
v -278.4 284.077 73.174
v -278.4 284.113 60.017
v -278.4 284.113 72.017
v -278.4 284.137 60.791
v -278.4 284.137 72.791
v -278.4 284.149 60.403
v -278.4 284.149 72.403
v -278.4 286.851 60.403
v -278.4 286.851 72.403
v -278.4 286.863 60.791
v -278.4 286.863 72.791
v -278.4 286.887 60.017
v -278.4 286.887 72.017
v -278.4 286.923 61.174
v -278.4 286.923 73.174
v -278.4 286.97 59.638
v -278.4 286.97 71.638
v -278.4 287.029 61.547
v -278.4 287.029 73.547
v -278.4 287.099 59.272
v -278.4 287.099 71.272
v -278.4 287.18 61.904
v -278.4 287.18 73.904
v -278.4 287.272 58.925
v -278.4 287.272 70.925
v -278.4 287.374 62.24
v -278.4 287.374 74.24
v -278.4 287.486 58.602
v -278.4 287.486 70.602
v -278.4 287.608 62.549
v -278.4 287.608 74.549
v -278.4 287.739 58.307
v -278.4 287.739 70.307
v -278.4 287.878 62.828
v -278.4 287.878 74.828
v -278.4 288.025 58.046
v -278.4 288.025 70.046
v -278.4 288.18 63.071
v -278.4 288.18 75.071
v -278.4 288.342 57.822
v -278.4 288.342 69.822
v -278.4 288.51 63.275
v -278.4 288.51 75.275
v -278.4 288.683 57.638
v -278.4 288.683 69.638
v -278.4 288.862 63.437
v -278.4 288.862 75.437
v -278.4 289.045 57.498
v -278.4 289.045 69.498
v -278.4 289.232 63.555
v -278.4 289.232 75.555
v -278.4 289.421 57.404
v -278.4 289.421 69.404
v -278.4 289.613 63.626
v -278.4 289.613 75.626
v -278.4 289.806 57.356
v -278.4 289.806 69.356
v -278.4 290 63.65
v -278.4 290 75.65
v -278.4 290.194 57.356
v -278.4 290.194 69.356
v -278.4 290.387 63.626
v -278.4 290.387 75.626
v -278.4 290.579 57.404
v -278.4 290.579 69.404
v -278.4 290.768 63.555
v -278.4 290.768 75.555
v -278.4 290.955 57.498
v -278.4 290.955 69.498
v -278.4 291.138 63.437
v -278.4 291.138 75.437
v -278.4 291.317 57.638
v -278.4 291.317 69.638
v -278.4 291.49 63.275
v -278.4 291.49 75.275
v -278.4 291.658 57.822
v -278.4 291.658 69.822
v -278.4 291.82 63.071
v -278.4 291.82 75.071
v -278.4 291.975 58.046
v -278.4 291.975 70.046
v -278.4 292.122 62.828
v -278.4 292.122 74.828
v -278.4 292.261 58.307
v -278.4 292.261 70.307
v -278.4 292.392 62.549
v -278.4 292.392 74.549
v -278.4 292.514 58.602
v -278.4 292.514 70.602
v -278.4 292.626 62.24
v -278.4 292.626 74.24
v -278.4 292.728 58.925
v -278.4 292.728 70.925
v -278.4 292.82 61.904
v -278.4 292.82 73.904
v -278.4 292.901 59.272
v -278.4 292.901 71.272
v -278.4 292.971 61.547
v -278.4 292.971 73.547
v -278.4 293.03 59.638
v -278.4 293.03 71.638
v -278.4 293.077 61.174
v -278.4 293.077 73.174
v -278.4 293.113 60.017
v -278.4 293.113 72.017
v -278.4 293.137 60.791
v -278.4 293.137 72.791
v -278.4 293.149 60.403
v -278.4 293.149 72.403
v -278.4 300.851 60.403
v -278.4 300.851 72.403
v -278.4 300.863 60.791
v -278.4 300.863 72.791
v -278.4 300.887 60.017
v -278.4 300.887 72.017
v -278.4 300.923 61.174
v -278.4 300.923 73.174
v -278.4 300.97 59.638
v -278.4 300.97 71.638
v -278.4 301.029 61.547
v -278.4 301.029 73.547
v -278.4 301.099 59.272
v -278.4 301.099 71.272
v -278.4 301.18 61.904
v -278.4 301.18 73.904
v -278.4 301.272 58.925
v -278.4 301.272 70.925
v -278.4 301.374 62.24
v -278.4 301.374 74.24
v -278.4 301.486 58.602
v -278.4 301.486 70.602
v -278.4 301.608 62.549
v -278.4 301.608 74.549
v -278.4 301.739 58.307
v -278.4 301.739 70.307
v -278.4 301.878 62.828
v -278.4 301.878 74.828
v -278.4 302.025 58.046
v -278.4 302.025 70.046
v -278.4 302.18 63.071
v -278.4 302.18 75.071
v -278.4 302.342 57.822
v -278.4 302.342 69.822
v -278.4 302.51 63.275
v -278.4 302.51 75.275
v -278.4 302.683 57.638
v -278.4 302.683 69.638
v -278.4 302.862 63.437
v -278.4 302.862 75.437
v -278.4 303.045 57.498
v -278.4 303.045 69.498
v -278.4 303.232 63.555
v -278.4 303.232 75.555
v -278.4 303.421 57.404
v -278.4 303.421 69.404
v -278.4 303.613 63.626
v -278.4 303.613 75.626
v -278.4 303.806 57.356
v -278.4 303.806 69.356
v -278.4 304 63.65
v -278.4 304 75.65
v -278.4 304.194 57.356
v -278.4 304.194 69.356
v -278.4 304.387 63.626
v -278.4 304.387 75.626
v -278.4 304.579 57.404
v -278.4 304.579 69.404
v -278.4 304.768 63.555
v -278.4 304.768 75.555
v -278.4 304.955 57.498
v -278.4 304.955 69.498
v -278.4 305.138 63.437
v -278.4 305.138 75.437
v -278.4 305.317 57.638
v -278.4 305.317 69.638
v -278.4 305.49 63.275
v -278.4 305.49 75.275
v -278.4 305.658 57.822
v -278.4 305.658 69.822
v -278.4 305.82 63.071
v -278.4 305.82 75.071
v -278.4 305.975 58.046
v -278.4 305.975 70.046
v -278.4 306.122 62.828
v -278.4 306.122 74.828
v -278.4 306.261 58.307
v -278.4 306.261 70.307
v -278.4 306.392 62.549
v -278.4 306.392 74.549
v -278.4 306.514 58.602
v -278.4 306.514 70.602
v -278.4 306.626 62.24
v -278.4 306.626 74.24
v -278.4 306.728 58.925
v -278.4 306.728 70.925
v -278.4 306.82 61.904
v -278.4 306.82 73.904
v -278.4 306.901 59.272
v -278.4 306.901 71.272
v -278.4 306.971 61.547
v -278.4 306.971 73.547
v -278.4 307.03 59.638
v -278.4 307.03 71.638
v -278.4 307.077 61.174
v -278.4 307.077 73.174
v -278.4 307.113 60.017
v -278.4 307.113 72.017
v -278.4 307.137 60.791
v -278.4 307.137 72.791
v -278.4 307.149 60.403
v -278.4 307.149 72.403
v -278.4 309.851 60.403
v -278.4 309.851 72.403
v -278.4 309.863 60.791
v -278.4 309.863 72.791
v -278.4 309.887 60.017
v -278.4 309.887 72.017
v -278.4 309.923 61.174
v -278.4 309.923 73.174
v -278.4 309.97 59.638
v -278.4 309.97 71.638
v -278.4 310.029 61.547
v -278.4 310.029 73.547
v -278.4 310.099 59.272
v -278.4 310.099 71.272
v -278.4 310.18 61.904
v -278.4 310.18 73.904
v -278.4 310.272 58.925
v -278.4 310.272 70.925
v -278.4 310.3 38.25
v -278.4 310.3 47.25
v -278.4 310.374 62.24
v -278.4 310.374 74.24
v -278.4 310.486 58.602
v -278.4 310.486 70.602
v -278.4 310.608 62.549
v -278.4 310.608 74.549
v -278.4 310.739 58.307
v -278.4 310.739 70.307
v -278.4 310.878 62.828
v -278.4 310.878 74.828
v -278.4 311.025 58.046
v -278.4 311.025 70.046
v -278.4 311.18 63.071
v -278.4 311.18 75.071
v -278.4 311.342 57.822
v -278.4 311.342 69.822
v -278.4 311.51 63.275
v -278.4 311.51 75.275
v -278.4 311.683 57.638
v -278.4 311.683 69.638
v -278.4 311.862 63.437
v -278.4 311.862 75.437
v -278.4 312.045 57.498
v -278.4 312.045 69.498
v -278.4 312.232 63.555
v -278.4 312.232 75.555
v -278.4 312.421 57.404
v -278.4 312.421 69.404
v -278.4 312.613 63.626
v -278.4 312.613 75.626
v -278.4 312.806 57.356
v -278.4 312.806 69.356
v -278.4 313 63.65
v -278.4 313 75.65
v -278.4 313.194 57.356
v -278.4 313.194 69.356
v -278.4 313.387 63.626
v -278.4 313.387 75.626
v -278.4 313.579 57.404
v -278.4 313.579 69.404
v -278.4 313.768 63.555
v -278.4 313.768 75.555
v -278.4 313.955 57.498
v -278.4 313.955 69.498
v -278.4 314.138 63.437
v -278.4 314.138 75.437
v -278.4 314.317 57.638
v -278.4 314.317 69.638
v -278.4 314.49 63.275
v -278.4 314.49 75.275
v -278.4 314.658 57.822
v -278.4 314.658 69.822
v -278.4 314.82 63.071
v -278.4 314.82 75.071
v -278.4 314.975 58.046
v -278.4 314.975 70.046
v -278.4 315.122 62.828
v -278.4 315.122 74.828
v -278.4 315.261 58.307
v -278.4 315.261 70.307
v -278.4 315.392 62.549
v -278.4 315.392 74.549
v -278.4 315.514 58.602
v -278.4 315.514 70.602
v -278.4 315.626 62.24
v -278.4 315.626 74.24
v -278.4 315.728 58.925
v -278.4 315.728 70.925
v -278.4 315.82 61.904
v -278.4 315.82 73.904
v -278.4 315.901 59.272
v -278.4 315.901 71.272
v -278.4 315.971 61.547
v -278.4 315.971 73.547
v -278.4 316.03 59.638
v -278.4 316.03 71.638
v -278.4 316.077 61.174
v -278.4 316.077 73.174
v -278.4 316.113 60.017
v -278.4 316.113 72.017
v -278.4 316.137 60.791
v -278.4 316.137 72.791
v -278.4 316.149 60.403
v -278.4 316.149 72.403
v -278.4 318.851 60.403
v -278.4 318.851 72.403
v -278.4 318.863 60.791
v -278.4 318.863 72.791
v -278.4 318.887 60.017
v -278.4 318.887 72.017
v -278.4 318.923 61.174
v -278.4 318.923 73.174
v -278.4 318.97 59.638
v -278.4 318.97 71.638
v -278.4 319.029 61.547
v -278.4 319.029 73.547
v -278.4 319.099 59.272
v -278.4 319.099 71.272
v -278.4 319.18 61.904
v -278.4 319.18 73.904
v -278.4 319.272 58.925
v -278.4 319.272 70.925
v -278.4 319.374 62.24
v -278.4 319.374 74.24
v -278.4 319.486 58.602
v -278.4 319.486 70.602
v -278.4 319.608 62.549
v -278.4 319.608 74.549
v -278.4 319.739 58.307
v -278.4 319.739 70.307
v -278.4 319.878 62.828
v -278.4 319.878 74.828
v -278.4 320.025 58.046
v -278.4 320.025 70.046
v -278.4 320.18 63.071
v -278.4 320.18 75.071
v -278.4 320.342 57.822
v -278.4 320.342 69.822
v -278.4 320.51 63.275
v -278.4 320.51 75.275
v -278.4 320.683 57.638
v -278.4 320.683 69.638
v -278.4 320.862 63.437
v -278.4 320.862 75.437
v -278.4 321.045 57.498
v -278.4 321.045 69.498
v -278.4 321.232 63.555
v -278.4 321.232 75.555
v -278.4 321.421 57.404
v -278.4 321.421 69.404
v -278.4 321.613 63.626
v -278.4 321.613 75.626
v -278.4 321.806 57.356
v -278.4 321.806 69.356
v -278.4 322 63.65
v -278.4 322 75.65
v -278.4 322.194 57.356
v -278.4 322.194 69.356
v -278.4 322.387 63.626
v -278.4 322.387 75.626
v -278.4 322.579 57.404
v -278.4 322.579 69.404
v -278.4 322.768 63.555
v -278.4 322.768 75.555
v -278.4 322.955 57.498
v -278.4 322.955 69.498
v -278.4 323.138 63.437
v -278.4 323.138 75.437
v -278.4 323.317 57.638
v -278.4 323.317 69.638
v -278.4 323.49 63.275
v -278.4 323.49 75.275
v -278.4 323.658 57.822
v -278.4 323.658 69.822
v -278.4 323.82 63.071
v -278.4 323.82 75.071
v -278.4 323.975 58.046
v -278.4 323.975 70.046
v -278.4 324.122 62.828
v -278.4 324.122 74.828
v -278.4 324.261 58.307
v -278.4 324.261 70.307
v -278.4 324.392 62.549
v -278.4 324.392 74.549
v -278.4 324.514 58.602
v -278.4 324.514 70.602
v -278.4 324.626 62.24
v -278.4 324.626 74.24
v -278.4 324.728 58.925
v -278.4 324.728 70.925
v -278.4 324.82 61.904
v -278.4 324.82 73.904
v -278.4 324.901 59.272
v -278.4 324.901 71.272
v -278.4 324.971 61.547
v -278.4 324.971 73.547
v -278.4 325.03 59.638
v -278.4 325.03 71.638
v -278.4 325.077 61.174
v -278.4 325.077 73.174
v -278.4 325.113 60.017
v -278.4 325.113 72.017
v -278.4 325.137 60.791
v -278.4 325.137 72.791
v -278.4 325.149 60.403
v -278.4 325.149 72.403
v -278.4 332.851 60.403
v -278.4 332.851 72.403
v -278.4 332.863 60.791
v -278.4 332.863 72.791
v -278.4 332.887 60.017
v -278.4 332.887 72.017
v -278.4 332.923 61.174
v -278.4 332.923 73.174
v -278.4 332.97 59.638
v -278.4 332.97 71.638
v -278.4 333.029 61.547
v -278.4 333.029 73.547
v -278.4 333.099 59.272
v -278.4 333.099 71.272
v -278.4 333.18 61.904
v -278.4 333.18 73.904
v -278.4 333.272 58.925
v -278.4 333.272 70.925
v -278.4 333.374 62.24
v -278.4 333.374 74.24
v -278.4 333.486 58.602
v -278.4 333.486 70.602
v -278.4 333.608 62.549
v -278.4 333.608 74.549
v -278.4 333.739 58.307
v -278.4 333.739 70.307
v -278.4 333.878 62.828
v -278.4 333.878 74.828
v -278.4 334.025 58.046
v -278.4 334.025 70.046
v -278.4 334.18 63.071
v -278.4 334.18 75.071
v -278.4 334.342 57.822
v -278.4 334.342 69.822
v -278.4 334.51 63.275
v -278.4 334.51 75.275
v -278.4 334.683 57.638
v -278.4 334.683 69.638
v -278.4 334.862 63.437
v -278.4 334.862 75.437
v -278.4 335.045 57.498
v -278.4 335.045 69.498
v -278.4 335.232 63.555
v -278.4 335.232 75.555
v -278.4 335.421 57.404
v -278.4 335.421 69.404
v -278.4 335.613 63.626
v -278.4 335.613 75.626
v -278.4 335.806 57.356
v -278.4 335.806 69.356
v -278.4 336 63.65
v -278.4 336 75.65
v -278.4 336.194 57.356
v -278.4 336.194 69.356
v -278.4 336.387 63.626
v -278.4 336.387 75.626
v -278.4 336.579 57.404
v -278.4 336.579 69.404
v -278.4 336.768 63.555
v -278.4 336.768 75.555
v -278.4 336.955 57.498
v -278.4 336.955 69.498
v -278.4 337.138 63.437
v -278.4 337.138 75.437
v -278.4 337.317 57.638
v -278.4 337.317 69.638
v -278.4 337.49 63.275
v -278.4 337.49 75.275
v -278.4 337.658 57.822
v -278.4 337.658 69.822
v -278.4 337.82 63.071
v -278.4 337.82 75.071
v -278.4 337.975 58.046
v -278.4 337.975 70.046
v -278.4 338.122 62.828
v -278.4 338.122 74.828
v -278.4 338.261 58.307
v -278.4 338.261 70.307
v -278.4 338.392 62.549
v -278.4 338.392 74.549
v -278.4 338.514 58.602
v -278.4 338.514 70.602
v -278.4 338.626 62.24
v -278.4 338.626 74.24
v -278.4 338.728 58.925
v -278.4 338.728 70.925
v -278.4 338.82 61.904
v -278.4 338.82 73.904
v -278.4 338.901 59.272
v -278.4 338.901 71.272
v -278.4 338.971 61.547
v -278.4 338.971 73.547
v -278.4 339.03 59.638
v -278.4 339.03 71.638
v -278.4 339.077 61.174
v -278.4 339.077 73.174
v -278.4 339.113 60.017
v -278.4 339.113 72.017
v -278.4 339.137 60.791
v -278.4 339.137 72.791
v -278.4 339.149 60.403
v -278.4 339.149 72.403
v -278.4 341.851 60.403
v -278.4 341.851 72.403
v -278.4 341.863 60.791
v -278.4 341.863 72.791
v -278.4 341.887 60.017
v -278.4 341.887 72.017
v -278.4 341.923 61.174
v -278.4 341.923 73.174
v -278.4 341.97 59.638
v -278.4 341.97 71.638
v -278.4 342.029 61.547
v -278.4 342.029 73.547
v -278.4 342.099 59.272
v -278.4 342.099 71.272
v -278.4 342.18 61.904
v -278.4 342.18 73.904
v -278.4 342.272 58.925
v -278.4 342.272 70.925
v -278.4 342.374 62.24
v -278.4 342.374 74.24
v -278.4 342.486 58.602
v -278.4 342.486 70.602
v -278.4 342.608 62.549
v -278.4 342.608 74.549
v -278.4 342.739 58.307
v -278.4 342.739 70.307
v -278.4 342.878 62.828
v -278.4 342.878 74.828
v -278.4 343.025 58.046
v -278.4 343.025 70.046
v -278.4 343.18 63.071
v -278.4 343.18 75.071
v -278.4 343.342 57.822
v -278.4 343.342 69.822
v -278.4 343.51 63.275
v -278.4 343.51 75.275
v -278.4 343.683 57.638
v -278.4 343.683 69.638
v -278.4 343.862 63.437
v -278.4 343.862 75.437
v -278.4 344.045 57.498
v -278.4 344.045 69.498
v -278.4 344.232 63.555
v -278.4 344.232 75.555
v -278.4 344.421 57.404
v -278.4 344.421 69.404
v -278.4 344.613 63.626
v -278.4 344.613 75.626
v -278.4 344.806 57.356
v -278.4 344.806 69.356
v -278.4 345 63.65
v -278.4 345 75.65
v -278.4 345.194 57.356
v -278.4 345.194 69.356
v -278.4 345.387 63.626
v -278.4 345.387 75.626
v -278.4 345.579 57.404
v -278.4 345.579 69.404
v -278.4 345.768 63.555
v -278.4 345.768 75.555
v -278.4 345.955 57.498
v -278.4 345.955 69.498
v -278.4 346.138 63.437
v -278.4 346.138 75.437
v -278.4 346.317 57.638
v -278.4 346.317 69.638
v -278.4 346.49 63.275
v -278.4 346.49 75.275
v -278.4 346.658 57.822
v -278.4 346.658 69.822
v -278.4 346.82 63.071
v -278.4 346.82 75.071
v -278.4 346.975 58.046
v -278.4 346.975 70.046
v -278.4 347.122 62.828
v -278.4 347.122 74.828
v -278.4 347.261 58.307
v -278.4 347.261 70.307
v -278.4 347.392 62.549
v -278.4 347.392 74.549
v -278.4 347.514 58.602
v -278.4 347.514 70.602
v -278.4 347.626 62.24
v -278.4 347.626 74.24
v -278.4 347.728 58.925
v -278.4 347.728 70.925
v -278.4 347.82 61.904
v -278.4 347.82 73.904
v -278.4 347.901 59.272
v -278.4 347.901 71.272
v -278.4 347.971 61.547
v -278.4 347.971 73.547
v -278.4 348.03 59.638
v -278.4 348.03 71.638
v -278.4 348.077 61.174
v -278.4 348.077 73.174
v -278.4 348.113 60.017
v -278.4 348.113 72.017
v -278.4 348.137 60.791
v -278.4 348.137 72.791
v -278.4 348.149 60.403
v -278.4 348.149 72.403
v -278.4 350.851 60.403
v -278.4 350.851 72.403
v -278.4 350.863 60.791
v -278.4 350.863 72.791
v -278.4 350.887 60.017
v -278.4 350.887 72.017
v -278.4 350.923 61.174
v -278.4 350.923 73.174
v -278.4 350.97 59.638
v -278.4 350.97 71.638
v -278.4 351.029 61.547
v -278.4 351.029 73.547
v -278.4 351.099 59.272
v -278.4 351.099 71.272
v -278.4 351.18 61.904
v -278.4 351.18 73.904
v -278.4 351.272 58.925
v -278.4 351.272 70.925
v -278.4 351.374 62.24
v -278.4 351.374 74.24
v -278.4 351.486 58.602
v -278.4 351.486 70.602
v -278.4 351.608 62.549
v -278.4 351.608 74.549
v -278.4 351.739 58.307
v -278.4 351.739 70.307
v -278.4 351.878 62.828
v -278.4 351.878 74.828
v -278.4 352.025 58.046
v -278.4 352.025 70.046
v -278.4 352.18 63.071
v -278.4 352.18 75.071
v -278.4 352.342 57.822
v -278.4 352.342 69.822
v -278.4 352.51 63.275
v -278.4 352.51 75.275
v -278.4 352.683 57.638
v -278.4 352.683 69.638
v -278.4 352.862 63.437
v -278.4 352.862 75.437
v -278.4 353.045 57.498
v -278.4 353.045 69.498
v -278.4 353.232 63.555
v -278.4 353.232 75.555
v -278.4 353.421 57.404
v -278.4 353.421 69.404
v -278.4 353.613 63.626
v -278.4 353.613 75.626
v -278.4 353.806 57.356
v -278.4 353.806 69.356
v -278.4 354 63.65
v -278.4 354 75.65
v -278.4 354.194 57.356
v -278.4 354.194 69.356
v -278.4 354.387 63.626
v -278.4 354.387 75.626
v -278.4 354.579 57.404
v -278.4 354.579 69.404
v -278.4 354.768 63.555
v -278.4 354.768 75.555
v -278.4 354.955 57.498
v -278.4 354.955 69.498
v -278.4 355.138 63.437
v -278.4 355.138 75.437
v -278.4 355.317 57.638
v -278.4 355.317 69.638
v -278.4 355.49 63.275
v -278.4 355.49 75.275
v -278.4 355.658 57.822
v -278.4 355.658 69.822
v -278.4 355.82 63.071
v -278.4 355.82 75.071
v -278.4 355.975 58.046
v -278.4 355.975 70.046
v -278.4 356.122 62.828
v -278.4 356.122 74.828
v -278.4 356.261 58.307
v -278.4 356.261 70.307
v -278.4 356.392 62.549
v -278.4 356.392 74.549
v -278.4 356.514 58.602
v -278.4 356.514 70.602
v -278.4 356.626 62.24
v -278.4 356.626 74.24
v -278.4 356.728 58.925
v -278.4 356.728 70.925
v -278.4 356.82 61.904
v -278.4 356.82 73.904
v -278.4 356.901 59.272
v -278.4 356.901 71.272
v -278.4 356.971 61.547
v -278.4 356.971 73.547
v -278.4 357.03 59.638
v -278.4 357.03 71.638
v -278.4 357.077 61.174
v -278.4 357.077 73.174
v -278.4 357.113 60.017
v -278.4 357.113 72.017
v -278.4 357.137 60.791
v -278.4 357.137 72.791
v -278.4 357.149 60.403
v -278.4 357.149 72.403
v -278.4 396.851 60.403
v -278.4 396.851 72.403
v -278.4 396.863 60.791
v -278.4 396.863 72.791
v -278.4 396.887 60.017
v -278.4 396.887 72.017
v -278.4 396.923 61.174
v -278.4 396.923 73.174
v -278.4 396.97 59.638
v -278.4 396.97 71.638
v -278.4 397.029 61.547
v -278.4 397.029 73.547
v -278.4 397.099 59.272
v -278.4 397.099 71.272
v -278.4 397.18 61.904
v -278.4 397.18 73.904
v -278.4 397.272 58.925
v -278.4 397.272 70.925
v -278.4 397.374 62.24
v -278.4 397.374 74.24
v -278.4 397.486 58.602
v -278.4 397.486 70.602
v -278.4 397.608 62.549
v -278.4 397.608 74.549
v -278.4 397.739 58.307
v -278.4 397.739 70.307
v -278.4 397.878 62.828
v -278.4 397.878 74.828
v -278.4 398.025 58.046
v -278.4 398.025 70.046
v -278.4 398.18 63.071
v -278.4 398.18 75.071
v -278.4 398.342 57.822
v -278.4 398.342 69.822
v -278.4 398.51 63.275
v -278.4 398.51 75.275
v -278.4 398.683 57.638
v -278.4 398.683 69.638
v -278.4 398.862 63.437
v -278.4 398.862 75.437
v -278.4 399.045 57.498
v -278.4 399.045 69.498
v -278.4 399.232 63.555
v -278.4 399.232 75.555
v -278.4 399.421 57.404
v -278.4 399.421 69.404
v -278.4 399.613 63.626
v -278.4 399.613 75.626
v -278.4 399.806 57.356
v -278.4 399.806 69.356
v -278.4 400 63.65
v -278.4 400 75.65
v -278.4 400.194 57.356
v -278.4 400.194 69.356
v -278.4 400.387 63.626
v -278.4 400.387 75.626
v -278.4 400.579 57.404
v -278.4 400.579 69.404
v -278.4 400.768 63.555
v -278.4 400.768 75.555
v -278.4 400.955 57.498
v -278.4 400.955 69.498
v -278.4 401.138 63.437
v -278.4 401.138 75.437
v -278.4 401.317 57.638
v -278.4 401.317 69.638
v -278.4 401.49 63.275
v -278.4 401.49 75.275
v -278.4 401.658 57.822
v -278.4 401.658 69.822
v -278.4 401.82 63.071
v -278.4 401.82 75.071
v -278.4 401.975 58.046
v -278.4 401.975 70.046
v -278.4 402.122 62.828
v -278.4 402.122 74.828
v -278.4 402.261 58.307
v -278.4 402.261 70.307
v -278.4 402.392 62.549
v -278.4 402.392 74.549
v -278.4 402.514 58.602
v -278.4 402.514 70.602
v -278.4 402.626 62.24
v -278.4 402.626 74.24
v -278.4 402.728 58.925
v -278.4 402.728 70.925
v -278.4 402.82 61.904
v -278.4 402.82 73.904
v -278.4 402.901 59.272
v -278.4 402.901 71.272
v -278.4 402.971 61.547
v -278.4 402.971 73.547
v -278.4 403.03 59.638
v -278.4 403.03 71.638
v -278.4 403.077 61.174
v -278.4 403.077 73.174
v -278.4 403.113 60.017
v -278.4 403.113 72.017
v -278.4 403.137 60.791
v -278.4 403.137 72.791
v -278.4 403.149 60.403
v -278.4 403.149 72.403
v -278.4 405.851 60.403
v -278.4 405.851 72.403
v -278.4 405.863 60.791
v -278.4 405.863 72.791
v -278.4 405.887 60.017
v -278.4 405.887 72.017
v -278.4 405.923 61.174
v -278.4 405.923 73.174
v -278.4 405.97 59.638
v -278.4 405.97 71.638
v -278.4 406.029 61.547
v -278.4 406.029 73.547
v -278.4 406.099 59.272
v -278.4 406.099 71.272
v -278.4 406.18 61.904
v -278.4 406.18 73.904
v -278.4 406.272 58.925
v -278.4 406.272 70.925
v -278.4 406.374 62.24
v -278.4 406.374 74.24
v -278.4 406.486 58.602
v -278.4 406.486 70.602
v -278.4 406.608 62.549
v -278.4 406.608 74.549
v -278.4 406.739 58.307
v -278.4 406.739 70.307
v -278.4 406.878 62.828
v -278.4 406.878 74.828
v -278.4 407.025 58.046
v -278.4 407.025 70.046
v -278.4 407.18 63.071
v -278.4 407.18 75.071
v -278.4 407.342 57.822
v -278.4 407.342 69.822
v -278.4 407.51 63.275
v -278.4 407.51 75.275
v -278.4 407.683 57.638
v -278.4 407.683 69.638
v -278.4 407.862 63.437
v -278.4 407.862 75.437
v -278.4 408.045 57.498
v -278.4 408.045 69.498
v -278.4 408.232 63.555
v -278.4 408.232 75.555
v -278.4 408.421 57.404
v -278.4 408.421 69.404
v -278.4 408.613 63.626
v -278.4 408.613 75.626
v -278.4 408.806 57.356
v -278.4 408.806 69.356
v -278.4 409 63.65
v -278.4 409 75.65
v -278.4 409.194 57.356
v -278.4 409.194 69.356
v -278.4 409.387 63.626
v -278.4 409.387 75.626
v -278.4 409.579 57.404
v -278.4 409.579 69.404
v -278.4 409.768 63.555
v -278.4 409.768 75.555
v -278.4 409.955 57.498
v -278.4 409.955 69.498
v -278.4 410.138 63.437
v -278.4 410.138 75.437
v -278.4 410.317 57.638
v -278.4 410.317 69.638
v -278.4 410.49 63.275
v -278.4 410.49 75.275
v -278.4 410.658 57.822
v -278.4 410.658 69.822
v -278.4 410.82 63.071
v -278.4 410.82 75.071
v -278.4 410.975 58.046
v -278.4 410.975 70.046
v -278.4 411.122 62.828
v -278.4 411.122 74.828
v -278.4 411.261 58.307
v -278.4 411.261 70.307
v -278.4 411.392 62.549
v -278.4 411.392 74.549
v -278.4 411.514 58.602
v -278.4 411.514 70.602
v -278.4 411.626 62.24
v -278.4 411.626 74.24
v -278.4 411.728 58.925
v -278.4 411.728 70.925
v -278.4 411.82 61.904
v -278.4 411.82 73.904
v -278.4 411.901 59.272
v -278.4 411.901 71.272
v -278.4 411.971 61.547
v -278.4 411.971 73.547
v -278.4 412.03 59.638
v -278.4 412.03 71.638
v -278.4 412.077 61.174
v -278.4 412.077 73.174
v -278.4 412.113 60.017
v -278.4 412.113 72.017
v -278.4 412.137 60.791
v -278.4 412.137 72.791
v -278.4 412.149 60.403
v -278.4 412.149 72.403
v -278.4 414.851 60.403
v -278.4 414.851 72.403
v -278.4 414.863 60.791
v -278.4 414.863 72.791
v -278.4 414.887 60.017
v -278.4 414.887 72.017
v -278.4 414.923 61.174
v -278.4 414.923 73.174
v -278.4 414.97 59.638
v -278.4 414.97 71.638
v -278.4 415.029 61.547
v -278.4 415.029 73.547
v -278.4 415.099 59.272
v -278.4 415.099 71.272
v -278.4 415.18 61.904
v -278.4 415.18 73.904
v -278.4 415.272 58.925
v -278.4 415.272 70.925
v -278.4 415.374 62.24
v -278.4 415.374 74.24
v -278.4 415.486 58.602
v -278.4 415.486 70.602
v -278.4 415.608 62.549
v -278.4 415.608 74.549
v -278.4 415.739 58.307
v -278.4 415.739 70.307
v -278.4 415.878 62.828
v -278.4 415.878 74.828
v -278.4 416.025 58.046
v -278.4 416.025 70.046
v -278.4 416.18 63.071
v -278.4 416.18 75.071
v -278.4 416.342 57.822
v -278.4 416.342 69.822
v -278.4 416.51 63.275
v -278.4 416.51 75.275
v -278.4 416.683 57.638
v -278.4 416.683 69.638
v -278.4 416.862 63.437
v -278.4 416.862 75.437
v -278.4 417.045 57.498
v -278.4 417.045 69.498
v -278.4 417.232 63.555
v -278.4 417.232 75.555
v -278.4 417.421 57.404
v -278.4 417.421 69.404
v -278.4 417.613 63.626
v -278.4 417.613 75.626
v -278.4 417.806 57.356
v -278.4 417.806 69.356
v -278.4 418 63.65
v -278.4 418 75.65
v -278.4 418.194 57.356
v -278.4 418.194 69.356
v -278.4 418.387 63.626
v -278.4 418.387 75.626
v -278.4 418.579 57.404
v -278.4 418.579 69.404
v -278.4 418.768 63.555
v -278.4 418.768 75.555
v -278.4 418.955 57.498
v -278.4 418.955 69.498
v -278.4 419.138 63.437
v -278.4 419.138 75.437
v -278.4 419.317 57.638
v -278.4 419.317 69.638
v -278.4 419.49 63.275
v -278.4 419.49 75.275
v -278.4 419.658 57.822
v -278.4 419.658 69.822
v -278.4 419.82 63.071
v -278.4 419.82 75.071
v -278.4 419.975 58.046
v -278.4 419.975 70.046
v -278.4 420.122 62.828
v -278.4 420.122 74.828
v -278.4 420.261 58.307
v -278.4 420.261 70.307
v -278.4 420.392 62.549
v -278.4 420.392 74.549
v -278.4 420.514 58.602
v -278.4 420.514 70.602
v -278.4 420.626 62.24
v -278.4 420.626 74.24
v -278.4 420.728 58.925
v -278.4 420.728 70.925
v -278.4 420.82 61.904
v -278.4 420.82 73.904
v -278.4 420.901 59.272
v -278.4 420.901 71.272
v -278.4 420.971 61.547
v -278.4 420.971 73.547
v -278.4 421.03 59.638
v -278.4 421.03 71.638
v -278.4 421.077 61.174
v -278.4 421.077 73.174
v -278.4 421.113 60.017
v -278.4 421.113 72.017
v -278.4 421.137 60.791
v -278.4 421.137 72.791
v -278.4 421.149 60.403
v -278.4 421.149 72.403
v -278.4 429 38.25
v -278.4 429 81.95
v -273.5 33 34.75
v -273.5 33 36.25
v -273.5 35.5 34.75
v -273.5 35.5 36.25
v -266.4 81.3 38.25
v -266.4 81.3 47.25
v -266.4 171.3 38.25
v -266.4 171.3 47.25
v -257.5 33 34.75
v -257.5 33 36.25
v -257.5 35.5 34.75
v -257.5 35.5 36.25
v -257.4 46 38.25
v -257.4 46 62.9
v -257.4 171.3 38.25
v -257.4 171.3 47.25
v -257.4 310.3 38.25
v -257.4 310.3 47.25
v -257.4 429 38.25
v -257.4 580.5 38.25
v -257.4 580.5 62.9
v -255.8 578.8 62.9
v -255.8 578.8 69.5
v -255.8 580.3 62.9
v -255.8 580.3 69.5
v -255.8 580.5 62.9
v -252.3 571.3 68
v -252.3 571.3 69.5
v -252.3 578.8 68
v -252.3 578.8 69.5
v -248.4 30.5 38.25
v -248.4 30.5 50.6
v -248.4 33 38.25
v -248.4 46 38.25
v -248.4 46 50.6
v -244.3 571.3 68
v -244.3 571.3 69.5
v -244.3 578.8 68
v -244.3 578.8 69.5
v -240.8 578.8 62.9
v -240.8 578.8 69.5
v -240.8 580.3 62.9
v -240.8 580.3 69.5
v -240.8 580.5 62.9
v -226.4 30.5 38.25
v -226.4 30.5 50.6
v -226.4 33 36.25
v -226.4 33 38.25
v -226.4 46 50.6
v -226.4 46 62.9
v -226.4 429 36.25
v -226.4 429 38.25
v -226.4 580.5 38.25
v -226.4 580.5 62.9
v 226.4 30.5 38.25
v 226.4 30.5 50.4
v 226.4 33 36.25
v 226.4 33 38.25
v 226.4 46 50.4
v 226.4 46 62.9
v 226.4 429 36.25
v 226.4 429 38.25
v 226.4 580.5 38.25
v 226.4 580.5 62.9
v 240.8 578.8 62.9
v 240.8 578.8 69.5
v 240.8 580.3 62.9
v 240.8 580.3 69.5
v 240.8 580.5 62.9
v 244.3 571.3 68
v 244.3 571.3 69.5
v 244.3 578.8 68
v 244.3 578.8 69.5
v 248.4 30.5 38.25
v 248.4 30.5 50.4
v 248.4 33 38.25
v 248.4 46 38.25
v 248.4 46 50.4
v 252.3 571.3 68
v 252.3 571.3 69.5
v 252.3 578.8 68
v 252.3 578.8 69.5
v 255.8 578.8 62.9
v 255.8 578.8 69.5
v 255.8 580.3 62.9
v 255.8 580.3 69.5
v 255.8 580.5 62.9
v 257.4 33 38.25
v 257.4 33 38.45
v 257.4 39.5 38.25
v 257.4 39.5 38.45
v 257.4 46 38.25
v 257.4 46 38.45
v 257.4 46 62.9
v 257.4 171.3 38.45
v 257.4 171.3 47.25
v 257.4 310.3 38.45
v 257.4 310.3 47.25
v 257.4 429 38.25
v 257.4 429 38.45
v 257.4 580.5 38.25
v 257.4 580.5 62.9
v 257.5 33 34.75
v 257.5 33 36.25
v 257.5 35.5 34.75
v 257.5 35.5 36.25
v 266.4 81.3 38.45
v 266.4 81.3 47.25
v 266.4 171.3 38.45
v 266.4 171.3 47.25
v 273.5 33 34.75
v 273.5 33 36.25
v 273.5 35.5 34.75
v 273.5 35.5 36.25
v 278.4 33 38.45
v 278.4 33 81.95
v 278.4 35.852 60.403
v 278.4 35.852 72.403
v 278.4 35.863 60.791
v 278.4 35.863 72.791
v 278.4 35.887 60.017
v 278.4 35.887 72.017
v 278.4 35.923 61.174
v 278.4 35.923 73.174
v 278.4 35.97 59.638
v 278.4 35.97 71.638
v 278.4 36.029 61.547
v 278.4 36.029 73.547
v 278.4 36.099 59.272
v 278.4 36.099 71.272
v 278.4 36.18 61.904
v 278.4 36.18 73.904
v 278.4 36.272 58.925
v 278.4 36.272 70.925
v 278.4 36.374 62.24
v 278.4 36.374 74.24
v 278.4 36.486 58.602
v 278.4 36.486 70.602
v 278.4 36.608 62.549
v 278.4 36.608 74.549
v 278.4 36.739 58.307
v 278.4 36.739 70.307
v 278.4 36.878 62.828
v 278.4 36.878 74.828
v 278.4 37.025 58.046
v 278.4 37.025 70.046
v 278.4 37.18 63.071
v 278.4 37.18 75.071
v 278.4 37.342 57.822
v 278.4 37.342 69.822
v 278.4 37.51 63.275
v 278.4 37.51 75.275
v 278.4 37.683 57.638
v 278.4 37.683 69.638
v 278.4 37.862 63.437
v 278.4 37.862 75.437
v 278.4 38.045 57.498
v 278.4 38.045 69.498
v 278.4 38.232 63.555
v 278.4 38.232 75.555
v 278.4 38.421 57.404
v 278.4 38.421 69.404
v 278.4 38.613 63.626
v 278.4 38.613 75.626
v 278.4 38.806 57.356
v 278.4 38.806 69.356
v 278.4 39 57.35
v 278.4 39 63.65
v 278.4 39 75.65
v 278.4 39.194 69.356
v 278.4 39.387 75.626
v 278.4 39.579 69.404
v 278.4 39.768 75.555
v 278.4 39.955 69.498
v 278.4 40.138 75.437
v 278.4 40.317 69.638
v 278.4 40.49 75.275
v 278.4 40.658 69.822
v 278.4 40.82 75.071
v 278.4 40.975 70.046
v 278.4 41.122 74.828
v 278.4 41.261 70.307
v 278.4 41.392 74.549
v 278.4 41.514 70.602
v 278.4 41.626 74.24
v 278.4 41.728 70.925
v 278.4 41.82 73.904
v 278.4 41.901 71.272
v 278.4 41.971 73.547
v 278.4 42.03 71.638
v 278.4 42.077 73.174
v 278.4 42.113 72.017
v 278.4 42.137 72.791
v 278.4 42.148 72.403
v 278.4 44.852 72.403
v 278.4 44.863 72.791
v 278.4 44.887 72.017
v 278.4 44.923 73.174
v 278.4 44.97 71.638
v 278.4 45.029 73.547
v 278.4 45.099 71.272
v 278.4 45.18 73.904
v 278.4 45.272 70.925
v 278.4 45.374 74.24
v 278.4 45.486 70.602
v 278.4 45.608 74.549
v 278.4 45.739 70.307
v 278.4 45.878 74.828
v 278.4 46.025 70.046
v 278.4 46.18 75.071
v 278.4 46.342 69.822
v 278.4 46.51 75.275
v 278.4 46.683 69.638
v 278.4 46.862 75.437
v 278.4 47.045 69.498
v 278.4 47.232 75.555
v 278.4 47.421 69.404
v 278.4 47.613 75.626
v 278.4 47.806 69.356
v 278.4 48 57.35
v 278.4 48 63.65
v 278.4 48 75.65
v 278.4 48.194 57.356
v 278.4 48.194 69.356
v 278.4 48.387 63.626
v 278.4 48.387 75.626
v 278.4 48.579 57.404
v 278.4 48.579 69.404
v 278.4 48.768 63.555
v 278.4 48.768 75.555
v 278.4 48.955 57.498
v 278.4 48.955 69.498
v 278.4 49.138 63.437
v 278.4 49.138 75.437
v 278.4 49.317 57.638
v 278.4 49.317 69.638
v 278.4 49.49 63.275
v 278.4 49.49 75.275
v 278.4 49.658 57.822
v 278.4 49.658 69.822
v 278.4 49.82 63.071
v 278.4 49.82 75.071
v 278.4 49.975 58.046
v 278.4 49.975 70.046
v 278.4 50.122 62.828
v 278.4 50.122 74.828
v 278.4 50.261 58.307
v 278.4 50.261 70.307
v 278.4 50.392 62.549
v 278.4 50.392 74.549
v 278.4 50.514 58.602
v 278.4 50.514 70.602
v 278.4 50.626 62.24
v 278.4 50.626 74.24
v 278.4 50.728 58.925
v 278.4 50.728 70.925
v 278.4 50.82 61.904
v 278.4 50.82 73.904
v 278.4 50.901 59.272
v 278.4 50.901 71.272
v 278.4 50.971 61.547
v 278.4 50.971 73.547
v 278.4 51.03 59.638
v 278.4 51.03 71.638
v 278.4 51.077 61.174
v 278.4 51.077 73.174
v 278.4 51.113 60.017
v 278.4 51.113 72.017
v 278.4 51.137 60.791
v 278.4 51.137 72.791
v 278.4 51.148 60.403
v 278.4 51.148 72.403
v 278.4 53.852 60.403
v 278.4 53.852 72.403
v 278.4 53.863 60.791
v 278.4 53.863 72.791
v 278.4 53.887 60.017
v 278.4 53.887 72.017
v 278.4 53.923 61.174
v 278.4 53.923 73.174
v 278.4 53.97 59.638
v 278.4 53.97 71.638
v 278.4 54.029 61.547
v 278.4 54.029 73.547
v 278.4 54.099 59.272
v 278.4 54.099 71.272
v 278.4 54.18 61.904
v 278.4 54.18 73.904
v 278.4 54.272 58.925
v 278.4 54.272 70.925
v 278.4 54.374 62.24
v 278.4 54.374 74.24
v 278.4 54.486 58.602
v 278.4 54.486 70.602
v 278.4 54.608 62.549
v 278.4 54.608 74.549
v 278.4 54.739 58.307
v 278.4 54.739 70.307
v 278.4 54.878 62.828
v 278.4 54.878 74.828
v 278.4 55.025 58.046
v 278.4 55.025 70.046
v 278.4 55.18 63.071
v 278.4 55.18 75.071
v 278.4 55.342 57.822
v 278.4 55.342 69.822
v 278.4 55.51 63.275
v 278.4 55.51 75.275
v 278.4 55.683 57.638
v 278.4 55.683 69.638
v 278.4 55.862 63.437
v 278.4 55.862 75.437
v 278.4 56.045 57.498
v 278.4 56.045 69.498
v 278.4 56.232 63.555
v 278.4 56.232 75.555
v 278.4 56.421 57.404
v 278.4 56.421 69.404
v 278.4 56.613 63.626
v 278.4 56.613 75.626
v 278.4 56.806 57.356
v 278.4 56.806 69.356
v 278.4 57 63.65
v 278.4 57 75.65
v 278.4 57.194 57.356
v 278.4 57.194 69.356
v 278.4 57.387 63.626
v 278.4 57.387 75.626
v 278.4 57.579 57.404
v 278.4 57.579 69.404
v 278.4 57.768 63.555
v 278.4 57.768 75.555
v 278.4 57.955 57.498
v 278.4 57.955 69.498
v 278.4 58.138 63.437
v 278.4 58.138 75.437
v 278.4 58.317 57.638
v 278.4 58.317 69.638
v 278.4 58.49 63.275
v 278.4 58.49 75.275
v 278.4 58.658 57.822
v 278.4 58.658 69.822
v 278.4 58.82 63.071
v 278.4 58.82 75.071
v 278.4 58.975 58.046
v 278.4 58.975 70.046
v 278.4 59.122 62.828
v 278.4 59.122 74.828
v 278.4 59.261 58.307
v 278.4 59.261 70.307
v 278.4 59.392 62.549
v 278.4 59.392 74.549
v 278.4 59.514 58.602
v 278.4 59.514 70.602
v 278.4 59.626 62.24
v 278.4 59.626 74.24
v 278.4 59.728 58.925
v 278.4 59.728 70.925
v 278.4 59.82 61.904
v 278.4 59.82 73.904
v 278.4 59.901 59.272
v 278.4 59.901 71.272
v 278.4 59.971 61.547
v 278.4 59.971 73.547
v 278.4 60.03 59.638
v 278.4 60.03 71.638
v 278.4 60.077 61.174
v 278.4 60.077 73.174
v 278.4 60.113 60.017
v 278.4 60.113 72.017
v 278.4 60.137 60.791
v 278.4 60.137 72.791
v 278.4 60.148 60.403
v 278.4 60.148 72.403
v 278.4 62.852 60.403
v 278.4 62.852 72.403
v 278.4 62.863 60.791
v 278.4 62.863 72.791
v 278.4 62.887 60.017
v 278.4 62.887 72.017
v 278.4 62.923 61.174
v 278.4 62.923 73.174
v 278.4 62.97 59.638
v 278.4 62.97 71.638
v 278.4 63.029 61.547
v 278.4 63.029 73.547
v 278.4 63.099 59.272
v 278.4 63.099 71.272
v 278.4 63.18 61.904
v 278.4 63.18 73.904
v 278.4 63.272 58.925
v 278.4 63.272 70.925
v 278.4 63.374 62.24
v 278.4 63.374 74.24
v 278.4 63.486 58.602
v 278.4 63.486 70.602
v 278.4 63.608 62.549
v 278.4 63.608 74.549
v 278.4 63.739 58.307
v 278.4 63.739 70.307
v 278.4 63.878 62.828
v 278.4 63.878 74.828
v 278.4 64.025 58.046
v 278.4 64.025 70.046
v 278.4 64.18 63.071
v 278.4 64.18 75.071
v 278.4 64.342 57.822
v 278.4 64.342 69.822
v 278.4 64.51 63.275
v 278.4 64.51 75.275
v 278.4 64.683 57.638
v 278.4 64.683 69.638
v 278.4 64.862 63.437
v 278.4 64.862 75.437
v 278.4 65.045 57.498
v 278.4 65.045 69.498
v 278.4 65.232 63.555
v 278.4 65.232 75.555
v 278.4 65.421 57.404
v 278.4 65.421 69.404
v 278.4 65.613 63.626
v 278.4 65.613 75.626
v 278.4 65.806 57.356
v 278.4 65.806 69.356
v 278.4 66 63.65
v 278.4 66 75.65
v 278.4 66.194 57.356
v 278.4 66.194 69.356
v 278.4 66.387 63.626
v 278.4 66.387 75.626
v 278.4 66.579 57.404
v 278.4 66.579 69.404
v 278.4 66.768 63.555
v 278.4 66.768 75.555
v 278.4 66.955 57.498
v 278.4 66.955 69.498
v 278.4 67.138 63.437
v 278.4 67.138 75.437
v 278.4 67.317 57.638
v 278.4 67.317 69.638
v 278.4 67.49 63.275
v 278.4 67.49 75.275
v 278.4 67.658 57.822
v 278.4 67.658 69.822
v 278.4 67.82 63.071
v 278.4 67.82 75.071
v 278.4 67.975 58.046
v 278.4 67.975 70.046
v 278.4 68.122 62.828
v 278.4 68.122 74.828
v 278.4 68.261 58.307
v 278.4 68.261 70.307
v 278.4 68.392 62.549
v 278.4 68.392 74.549
v 278.4 68.514 58.602
v 278.4 68.514 70.602
v 278.4 68.626 62.24
v 278.4 68.626 74.24
v 278.4 68.728 58.925
v 278.4 68.728 70.925
v 278.4 68.82 61.904
v 278.4 68.82 73.904
v 278.4 68.901 59.272
v 278.4 68.901 71.272
v 278.4 68.971 61.547
v 278.4 68.971 73.547
v 278.4 69.03 59.638
v 278.4 69.03 71.638
v 278.4 69.077 61.174
v 278.4 69.077 73.174
v 278.4 69.113 60.017
v 278.4 69.113 72.017
v 278.4 69.137 60.791
v 278.4 69.137 72.791
v 278.4 69.148 60.403
v 278.4 69.148 72.403
v 278.4 81.3 38.45
v 278.4 81.3 47.25
v 278.4 85.852 60.403
v 278.4 85.852 72.403
v 278.4 85.863 60.791
v 278.4 85.863 72.791
v 278.4 85.887 60.017
v 278.4 85.887 72.017
v 278.4 85.923 61.174
v 278.4 85.923 73.174
v 278.4 85.97 59.638
v 278.4 85.97 71.638
v 278.4 86.029 61.547
v 278.4 86.029 73.547
v 278.4 86.099 59.272
v 278.4 86.099 71.272
v 278.4 86.18 61.904
v 278.4 86.18 73.904
v 278.4 86.272 58.925
v 278.4 86.272 70.925
v 278.4 86.374 62.24
v 278.4 86.374 74.24
v 278.4 86.486 58.602
v 278.4 86.486 70.602
v 278.4 86.608 62.549
v 278.4 86.608 74.549
v 278.4 86.739 58.307
v 278.4 86.739 70.307
v 278.4 86.878 62.828
v 278.4 86.878 74.828
v 278.4 87.025 58.046
v 278.4 87.025 70.046
v 278.4 87.18 63.071
v 278.4 87.18 75.071
v 278.4 87.342 57.822
v 278.4 87.342 69.822
v 278.4 87.51 63.275
v 278.4 87.51 75.275
v 278.4 87.683 57.638
v 278.4 87.683 69.638
v 278.4 87.862 63.437
v 278.4 87.862 75.437
v 278.4 88.045 57.498
v 278.4 88.045 69.498
v 278.4 88.232 63.555
v 278.4 88.232 75.555
v 278.4 88.421 57.404
v 278.4 88.421 69.404
v 278.4 88.613 63.626
v 278.4 88.613 75.626
v 278.4 88.806 57.356
v 278.4 88.806 69.356
v 278.4 89 63.65
v 278.4 89 75.65
v 278.4 89.194 57.356
v 278.4 89.194 69.356
v 278.4 89.387 63.626
v 278.4 89.387 75.626
v 278.4 89.579 57.404
v 278.4 89.579 69.404
v 278.4 89.768 63.555
v 278.4 89.768 75.555
v 278.4 89.955 57.498
v 278.4 89.955 69.498
v 278.4 90.138 63.437
v 278.4 90.138 75.437
v 278.4 90.317 57.638
v 278.4 90.317 69.638
v 278.4 90.49 63.275
v 278.4 90.49 75.275
v 278.4 90.658 57.822
v 278.4 90.658 69.822
v 278.4 90.82 63.071
v 278.4 90.82 75.071
v 278.4 90.975 58.046
v 278.4 90.975 70.046
v 278.4 91.122 62.828
v 278.4 91.122 74.828
v 278.4 91.261 58.307
v 278.4 91.261 70.307
v 278.4 91.392 62.549
v 278.4 91.392 74.549
v 278.4 91.514 58.602
v 278.4 91.514 70.602
v 278.4 91.626 62.24
v 278.4 91.626 74.24
v 278.4 91.728 58.925
v 278.4 91.728 70.925
v 278.4 91.82 61.904
v 278.4 91.82 73.904
v 278.4 91.901 59.272
v 278.4 91.901 71.272
v 278.4 91.971 61.547
v 278.4 91.971 73.547
v 278.4 92.03 59.638
v 278.4 92.03 71.638
v 278.4 92.077 61.174
v 278.4 92.077 73.174
v 278.4 92.113 60.017
v 278.4 92.113 72.017
v 278.4 92.137 60.791
v 278.4 92.137 72.791
v 278.4 92.148 60.403
v 278.4 92.148 72.403
v 278.4 94.852 60.403
v 278.4 94.852 72.403
v 278.4 94.863 60.791
v 278.4 94.863 72.791
v 278.4 94.887 60.017
v 278.4 94.887 72.017
v 278.4 94.923 61.174
v 278.4 94.923 73.174
v 278.4 94.97 59.638
v 278.4 94.97 71.638
v 278.4 95.029 61.547
v 278.4 95.029 73.547
v 278.4 95.099 59.272
v 278.4 95.099 71.272
v 278.4 95.18 61.904
v 278.4 95.18 73.904
v 278.4 95.272 58.925
v 278.4 95.272 70.925
v 278.4 95.374 62.24
v 278.4 95.374 74.24
v 278.4 95.486 58.602
v 278.4 95.486 70.602
v 278.4 95.608 62.549
v 278.4 95.608 74.549
v 278.4 95.739 58.307
v 278.4 95.739 70.307
v 278.4 95.878 62.828
v 278.4 95.878 74.828
v 278.4 96.025 58.046
v 278.4 96.025 70.046
v 278.4 96.18 63.071
v 278.4 96.18 75.071
v 278.4 96.342 57.822
v 278.4 96.342 69.822
v 278.4 96.51 63.275
v 278.4 96.51 75.275
v 278.4 96.683 57.638
v 278.4 96.683 69.638
v 278.4 96.862 63.437
v 278.4 96.862 75.437
v 278.4 97.045 57.498
v 278.4 97.045 69.498
v 278.4 97.232 63.555
v 278.4 97.232 75.555
v 278.4 97.421 57.404
v 278.4 97.421 69.404
v 278.4 97.613 63.626
v 278.4 97.613 75.626
v 278.4 97.806 57.356
v 278.4 97.806 69.356
v 278.4 98 63.65
v 278.4 98 75.65
v 278.4 98.194 57.356
v 278.4 98.194 69.356
v 278.4 98.387 63.626
v 278.4 98.387 75.626
v 278.4 98.579 57.404
v 278.4 98.579 69.404
v 278.4 98.768 63.555
v 278.4 98.768 75.555
v 278.4 98.955 57.498
v 278.4 98.955 69.498
v 278.4 99.138 63.437
v 278.4 99.138 75.437
v 278.4 99.317 57.638
v 278.4 99.317 69.638
v 278.4 99.49 63.275
v 278.4 99.49 75.275
v 278.4 99.658 57.822
v 278.4 99.658 69.822
v 278.4 99.82 63.071
v 278.4 99.82 75.071
v 278.4 99.975 58.046
v 278.4 99.975 70.046
v 278.4 100.122 62.828
v 278.4 100.122 74.828
v 278.4 100.261 58.307
v 278.4 100.261 70.307
v 278.4 100.392 62.549
v 278.4 100.392 74.549
v 278.4 100.514 58.602
v 278.4 100.514 70.602
v 278.4 100.626 62.24
v 278.4 100.626 74.24
v 278.4 100.728 58.925
v 278.4 100.728 70.925
v 278.4 100.82 61.904
v 278.4 100.82 73.904
v 278.4 100.901 59.272
v 278.4 100.901 71.272
v 278.4 100.971 61.547
v 278.4 100.971 73.547
v 278.4 101.03 59.638
v 278.4 101.03 71.638
v 278.4 101.077 61.174
v 278.4 101.077 73.174
v 278.4 101.113 60.017
v 278.4 101.113 72.017
v 278.4 101.137 60.791
v 278.4 101.137 72.791
v 278.4 101.149 60.403
v 278.4 101.149 72.403
v 278.4 172.851 60.403
v 278.4 172.851 72.403
v 278.4 172.863 60.791
v 278.4 172.863 72.791
v 278.4 172.887 60.017
v 278.4 172.887 72.017
v 278.4 172.923 61.174
v 278.4 172.923 73.174
v 278.4 172.97 59.638
v 278.4 172.97 71.638
v 278.4 173.029 61.547
v 278.4 173.029 73.547
v 278.4 173.099 59.272
v 278.4 173.099 71.272
v 278.4 173.18 61.904
v 278.4 173.18 73.904
v 278.4 173.272 58.925
v 278.4 173.272 70.925
v 278.4 173.374 62.24
v 278.4 173.374 74.24
v 278.4 173.486 58.602
v 278.4 173.486 70.602
v 278.4 173.608 62.549
v 278.4 173.608 74.549
v 278.4 173.739 58.307
v 278.4 173.739 70.307
v 278.4 173.878 62.828
v 278.4 173.878 74.828
v 278.4 174.025 58.046
v 278.4 174.025 70.046
v 278.4 174.18 63.071
v 278.4 174.18 75.071
v 278.4 174.342 57.822
v 278.4 174.342 69.822
v 278.4 174.51 63.275
v 278.4 174.51 75.275
v 278.4 174.683 57.638
v 278.4 174.683 69.638
v 278.4 174.862 63.437
v 278.4 174.862 75.437
v 278.4 175.045 57.498
v 278.4 175.045 69.498
v 278.4 175.232 63.555
v 278.4 175.232 75.555
v 278.4 175.421 57.404
v 278.4 175.421 69.404
v 278.4 175.613 63.626
v 278.4 175.613 75.626
v 278.4 175.806 57.356
v 278.4 175.806 69.356
v 278.4 176 63.65
v 278.4 176 75.65
v 278.4 176.194 57.356
v 278.4 176.194 69.356
v 278.4 176.387 63.626
v 278.4 176.387 75.626
v 278.4 176.579 57.404
v 278.4 176.579 69.404
v 278.4 176.768 63.555
v 278.4 176.768 75.555
v 278.4 176.955 57.498
v 278.4 176.955 69.498
v 278.4 177.138 63.437
v 278.4 177.138 75.437
v 278.4 177.317 57.638
v 278.4 177.317 69.638
v 278.4 177.49 63.275
v 278.4 177.49 75.275
v 278.4 177.658 57.822
v 278.4 177.658 69.822
v 278.4 177.82 63.071
v 278.4 177.82 75.071
v 278.4 177.975 58.046
v 278.4 177.975 70.046
v 278.4 178.122 62.828
v 278.4 178.122 74.828
v 278.4 178.261 58.307
v 278.4 178.261 70.307
v 278.4 178.392 62.549
v 278.4 178.392 74.549
v 278.4 178.514 58.602
v 278.4 178.514 70.602
v 278.4 178.626 62.24
v 278.4 178.626 74.24
v 278.4 178.728 58.925
v 278.4 178.728 70.925
v 278.4 178.82 61.904
v 278.4 178.82 73.904
v 278.4 178.901 59.272
v 278.4 178.901 71.272
v 278.4 178.971 61.547
v 278.4 178.971 73.547
v 278.4 179.03 59.638
v 278.4 179.03 71.638
v 278.4 179.077 61.174
v 278.4 179.077 73.174
v 278.4 179.113 60.017
v 278.4 179.113 72.017
v 278.4 179.137 60.791
v 278.4 179.137 72.791
v 278.4 179.149 60.403
v 278.4 179.149 72.403
v 278.4 181.851 60.403
v 278.4 181.851 72.403
v 278.4 181.863 60.791
v 278.4 181.863 72.791
v 278.4 181.887 60.017
v 278.4 181.887 72.017
v 278.4 181.923 61.174
v 278.4 181.923 73.174
v 278.4 181.97 59.638
v 278.4 181.97 71.638
v 278.4 182.029 61.547
v 278.4 182.029 73.547
v 278.4 182.099 59.272
v 278.4 182.099 71.272
v 278.4 182.18 61.904
v 278.4 182.18 73.904
v 278.4 182.272 58.925
v 278.4 182.272 70.925
v 278.4 182.374 62.24
v 278.4 182.374 74.24
v 278.4 182.486 58.602
v 278.4 182.486 70.602
v 278.4 182.608 62.549
v 278.4 182.608 74.549
v 278.4 182.739 58.307
v 278.4 182.739 70.307
v 278.4 182.878 62.828
v 278.4 182.878 74.828
v 278.4 183.025 58.046
v 278.4 183.025 70.046
v 278.4 183.18 63.071
v 278.4 183.18 75.071
v 278.4 183.342 57.822
v 278.4 183.342 69.822
v 278.4 183.51 63.275
v 278.4 183.51 75.275
v 278.4 183.683 57.638
v 278.4 183.683 69.638
v 278.4 183.862 63.437
v 278.4 183.862 75.437
v 278.4 184.045 57.498
v 278.4 184.045 69.498
v 278.4 184.232 63.555
v 278.4 184.232 75.555
v 278.4 184.421 57.404
v 278.4 184.421 69.404
v 278.4 184.613 63.626
v 278.4 184.613 75.626
v 278.4 184.806 57.356
v 278.4 184.806 69.356
v 278.4 185 63.65
v 278.4 185 75.65
v 278.4 185.194 57.356
v 278.4 185.194 69.356
v 278.4 185.387 63.626
v 278.4 185.387 75.626
v 278.4 185.579 57.404
v 278.4 185.579 69.404
v 278.4 185.768 63.555
v 278.4 185.768 75.555
v 278.4 185.955 57.498
v 278.4 185.955 69.498
v 278.4 186.138 63.437
v 278.4 186.138 75.437
v 278.4 186.317 57.638
v 278.4 186.317 69.638
v 278.4 186.49 63.275
v 278.4 186.49 75.275
v 278.4 186.658 57.822
v 278.4 186.658 69.822
v 278.4 186.82 63.071
v 278.4 186.82 75.071
v 278.4 186.975 58.046
v 278.4 186.975 70.046
v 278.4 187.122 62.828
v 278.4 187.122 74.828
v 278.4 187.261 58.307
v 278.4 187.261 70.307
v 278.4 187.392 62.549
v 278.4 187.392 74.549
v 278.4 187.514 58.602
v 278.4 187.514 70.602
v 278.4 187.626 62.24
v 278.4 187.626 74.24
v 278.4 187.728 58.925
v 278.4 187.728 70.925
v 278.4 187.82 61.904
v 278.4 187.82 73.904
v 278.4 187.901 59.272
v 278.4 187.901 71.272
v 278.4 187.971 61.547
v 278.4 187.971 73.547
v 278.4 188.03 59.638
v 278.4 188.03 71.638
v 278.4 188.077 61.174
v 278.4 188.077 73.174
v 278.4 188.113 60.017
v 278.4 188.113 72.017
v 278.4 188.137 60.791
v 278.4 188.137 72.791
v 278.4 188.149 60.403
v 278.4 188.149 72.403
v 278.4 190.851 60.403
v 278.4 190.851 72.403
v 278.4 190.863 60.791
v 278.4 190.863 72.791
v 278.4 190.887 60.017
v 278.4 190.887 72.017
v 278.4 190.923 61.174
v 278.4 190.923 73.174
v 278.4 190.97 59.638
v 278.4 190.97 71.638
v 278.4 191.029 61.547
v 278.4 191.029 73.547
v 278.4 191.099 59.272
v 278.4 191.099 71.272
v 278.4 191.18 61.904
v 278.4 191.18 73.904
v 278.4 191.272 58.925
v 278.4 191.272 70.925
v 278.4 191.374 62.24
v 278.4 191.374 74.24
v 278.4 191.486 58.602
v 278.4 191.486 70.602
v 278.4 191.608 62.549
v 278.4 191.608 74.549
v 278.4 191.739 58.307
v 278.4 191.739 70.307
v 278.4 191.878 62.828
v 278.4 191.878 74.828
v 278.4 192.025 58.046
v 278.4 192.025 70.046
v 278.4 192.18 63.071
v 278.4 192.18 75.071
v 278.4 192.342 57.822
v 278.4 192.342 69.822
v 278.4 192.51 63.275
v 278.4 192.51 75.275
v 278.4 192.683 57.638
v 278.4 192.683 69.638
v 278.4 192.862 63.437
v 278.4 192.862 75.437
v 278.4 193.045 57.498
v 278.4 193.045 69.498
v 278.4 193.232 63.555
v 278.4 193.232 75.555
v 278.4 193.421 57.404
v 278.4 193.421 69.404
v 278.4 193.613 63.626
v 278.4 193.613 75.626
v 278.4 193.806 57.356
v 278.4 193.806 69.356
v 278.4 194 63.65
v 278.4 194 75.65
v 278.4 194.194 57.356
v 278.4 194.194 69.356
v 278.4 194.387 63.626
v 278.4 194.387 75.626
v 278.4 194.579 57.404
v 278.4 194.579 69.404
v 278.4 194.768 63.555
v 278.4 194.768 75.555
v 278.4 194.955 57.498
v 278.4 194.955 69.498
v 278.4 195.138 63.437
v 278.4 195.138 75.437
v 278.4 195.317 57.638
v 278.4 195.317 69.638
v 278.4 195.49 63.275
v 278.4 195.49 75.275
v 278.4 195.658 57.822
v 278.4 195.658 69.822
v 278.4 195.82 63.071
v 278.4 195.82 75.071
v 278.4 195.975 58.046
v 278.4 195.975 70.046
v 278.4 196.122 62.828
v 278.4 196.122 74.828
v 278.4 196.261 58.307
v 278.4 196.261 70.307
v 278.4 196.392 62.549
v 278.4 196.392 74.549
v 278.4 196.514 58.602
v 278.4 196.514 70.602
v 278.4 196.626 62.24
v 278.4 196.626 74.24
v 278.4 196.728 58.925
v 278.4 196.728 70.925
v 278.4 196.82 61.904
v 278.4 196.82 73.904
v 278.4 196.901 59.272
v 278.4 196.901 71.272
v 278.4 196.971 61.547
v 278.4 196.971 73.547
v 278.4 197.03 59.638
v 278.4 197.03 71.638
v 278.4 197.077 61.174
v 278.4 197.077 73.174
v 278.4 197.113 60.017
v 278.4 197.113 72.017
v 278.4 197.137 60.791
v 278.4 197.137 72.791
v 278.4 197.149 60.403
v 278.4 197.149 72.403
v 278.4 268.851 60.403
v 278.4 268.851 72.403
v 278.4 268.863 60.791
v 278.4 268.863 72.791
v 278.4 268.887 60.017
v 278.4 268.887 72.017
v 278.4 268.923 61.174
v 278.4 268.923 73.174
v 278.4 268.97 59.638
v 278.4 268.97 71.638
v 278.4 269.029 61.547
v 278.4 269.029 73.547
v 278.4 269.099 59.272
v 278.4 269.099 71.272
v 278.4 269.18 61.904
v 278.4 269.18 73.904
v 278.4 269.272 58.925
v 278.4 269.272 70.925
v 278.4 269.374 62.24
v 278.4 269.374 74.24
v 278.4 269.486 58.602
v 278.4 269.486 70.602
v 278.4 269.608 62.549
v 278.4 269.608 74.549
v 278.4 269.739 58.307
v 278.4 269.739 70.307
v 278.4 269.878 62.828
v 278.4 269.878 74.828
v 278.4 270.025 58.046
v 278.4 270.025 70.046
v 278.4 270.18 63.071
v 278.4 270.18 75.071
v 278.4 270.342 57.822
v 278.4 270.342 69.822
v 278.4 270.51 63.275
v 278.4 270.51 75.275
v 278.4 270.683 57.638
v 278.4 270.683 69.638
v 278.4 270.862 63.437
v 278.4 270.862 75.437
v 278.4 271.045 57.498
v 278.4 271.045 69.498
v 278.4 271.232 63.555
v 278.4 271.232 75.555
v 278.4 271.421 57.404
v 278.4 271.421 69.404
v 278.4 271.613 63.626
v 278.4 271.613 75.626
v 278.4 271.806 57.356
v 278.4 271.806 69.356
v 278.4 272 63.65
v 278.4 272 75.65
v 278.4 272.194 57.356
v 278.4 272.194 69.356
v 278.4 272.387 63.626
v 278.4 272.387 75.626
v 278.4 272.579 57.404
v 278.4 272.579 69.404
v 278.4 272.768 63.555
v 278.4 272.768 75.555
v 278.4 272.955 57.498
v 278.4 272.955 69.498
v 278.4 273.138 63.437
v 278.4 273.138 75.437
v 278.4 273.317 57.638
v 278.4 273.317 69.638
v 278.4 273.49 63.275
v 278.4 273.49 75.275
v 278.4 273.658 57.822
v 278.4 273.658 69.822
v 278.4 273.82 63.071
v 278.4 273.82 75.071
v 278.4 273.975 58.046
v 278.4 273.975 70.046
v 278.4 274.122 62.828
v 278.4 274.122 74.828
v 278.4 274.261 58.307
v 278.4 274.261 70.307
v 278.4 274.392 62.549
v 278.4 274.392 74.549
v 278.4 274.514 58.602
v 278.4 274.514 70.602
v 278.4 274.626 62.24
v 278.4 274.626 74.24
v 278.4 274.728 58.925
v 278.4 274.728 70.925
v 278.4 274.82 61.904
v 278.4 274.82 73.904
v 278.4 274.901 59.272
v 278.4 274.901 71.272
v 278.4 274.971 61.547
v 278.4 274.971 73.547
v 278.4 275.03 59.638
v 278.4 275.03 71.638
v 278.4 275.077 61.174
v 278.4 275.077 73.174
v 278.4 275.113 60.017
v 278.4 275.113 72.017
v 278.4 275.137 60.791
v 278.4 275.137 72.791
v 278.4 275.149 60.403
v 278.4 275.149 72.403
v 278.4 277.851 60.403
v 278.4 277.851 72.403
v 278.4 277.863 60.791
v 278.4 277.863 72.791
v 278.4 277.887 60.017
v 278.4 277.887 72.017
v 278.4 277.923 61.174
v 278.4 277.923 73.174
v 278.4 277.97 59.638
v 278.4 277.97 71.638
v 278.4 278.029 61.547
v 278.4 278.029 73.547
v 278.4 278.099 59.272
v 278.4 278.099 71.272
v 278.4 278.18 61.904
v 278.4 278.18 73.904
v 278.4 278.272 58.925
v 278.4 278.272 70.925
v 278.4 278.374 62.24
v 278.4 278.374 74.24
v 278.4 278.486 58.602
v 278.4 278.486 70.602
v 278.4 278.608 62.549
v 278.4 278.608 74.549
v 278.4 278.739 58.307
v 278.4 278.739 70.307
v 278.4 278.878 62.828
v 278.4 278.878 74.828
v 278.4 279.025 58.046
v 278.4 279.025 70.046
v 278.4 279.18 63.071
v 278.4 279.18 75.071
v 278.4 279.342 57.822
v 278.4 279.342 69.822
v 278.4 279.51 63.275
v 278.4 279.51 75.275
v 278.4 279.683 57.638
v 278.4 279.683 69.638
v 278.4 279.862 63.437
v 278.4 279.862 75.437
v 278.4 280.045 57.498
v 278.4 280.045 69.498
v 278.4 280.232 63.555
v 278.4 280.232 75.555
v 278.4 280.421 57.404
v 278.4 280.421 69.404
v 278.4 280.613 63.626
v 278.4 280.613 75.626
v 278.4 280.806 57.356
v 278.4 280.806 69.356
v 278.4 281 63.65
v 278.4 281 75.65
v 278.4 281.194 57.356
v 278.4 281.194 69.356
v 278.4 281.387 63.626
v 278.4 281.387 75.626
v 278.4 281.579 57.404
v 278.4 281.579 69.404
v 278.4 281.768 63.555
v 278.4 281.768 75.555
v 278.4 281.955 57.498
v 278.4 281.955 69.498
v 278.4 282.138 63.437
v 278.4 282.138 75.437
v 278.4 282.317 57.638
v 278.4 282.317 69.638
v 278.4 282.49 63.275
v 278.4 282.49 75.275
v 278.4 282.658 57.822
v 278.4 282.658 69.822
v 278.4 282.82 63.071
v 278.4 282.82 75.071
v 278.4 282.975 58.046
v 278.4 282.975 70.046
v 278.4 283.122 62.828
v 278.4 283.122 74.828
v 278.4 283.261 58.307
v 278.4 283.261 70.307
v 278.4 283.392 62.549
v 278.4 283.392 74.549
v 278.4 283.514 58.602
v 278.4 283.514 70.602
v 278.4 283.626 62.24
v 278.4 283.626 74.24
v 278.4 283.728 58.925
v 278.4 283.728 70.925
v 278.4 283.82 61.904
v 278.4 283.82 73.904
v 278.4 283.901 59.272
v 278.4 283.901 71.272
v 278.4 283.971 61.547
v 278.4 283.971 73.547
v 278.4 284.03 59.638
v 278.4 284.03 71.638
v 278.4 284.077 61.174
v 278.4 284.077 73.174
v 278.4 284.113 60.017
v 278.4 284.113 72.017
v 278.4 284.137 60.791
v 278.4 284.137 72.791
v 278.4 284.149 60.403
v 278.4 284.149 72.403
v 278.4 286.851 60.403
v 278.4 286.851 72.403
v 278.4 286.863 60.791
v 278.4 286.863 72.791
v 278.4 286.887 60.017
v 278.4 286.887 72.017
v 278.4 286.923 61.174
v 278.4 286.923 73.174
v 278.4 286.97 59.638
v 278.4 286.97 71.638
v 278.4 287.029 61.547
v 278.4 287.029 73.547
v 278.4 287.099 59.272
v 278.4 287.099 71.272
v 278.4 287.18 61.904
v 278.4 287.18 73.904
v 278.4 287.272 58.925
v 278.4 287.272 70.925
v 278.4 287.374 62.24
v 278.4 287.374 74.24
v 278.4 287.486 58.602
v 278.4 287.486 70.602
v 278.4 287.608 62.549
v 278.4 287.608 74.549
v 278.4 287.739 58.307
v 278.4 287.739 70.307
v 278.4 287.878 62.828
v 278.4 287.878 74.828
v 278.4 288.025 58.046
v 278.4 288.025 70.046
v 278.4 288.18 63.071
v 278.4 288.18 75.071
v 278.4 288.342 57.822
v 278.4 288.342 69.822
v 278.4 288.51 63.275
v 278.4 288.51 75.275
v 278.4 288.683 57.638
v 278.4 288.683 69.638
v 278.4 288.862 63.437
v 278.4 288.862 75.437
v 278.4 289.045 57.498
v 278.4 289.045 69.498
v 278.4 289.232 63.555
v 278.4 289.232 75.555
v 278.4 289.421 57.404
v 278.4 289.421 69.404
v 278.4 289.613 63.626
v 278.4 289.613 75.626
v 278.4 289.806 57.356
v 278.4 289.806 69.356
v 278.4 290 63.65
v 278.4 290 75.65
v 278.4 290.194 57.356
v 278.4 290.194 69.356
v 278.4 290.387 63.626
v 278.4 290.387 75.626
v 278.4 290.579 57.404
v 278.4 290.579 69.404
v 278.4 290.768 63.555
v 278.4 290.768 75.555
v 278.4 290.955 57.498
v 278.4 290.955 69.498
v 278.4 291.138 63.437
v 278.4 291.138 75.437
v 278.4 291.317 57.638
v 278.4 291.317 69.638
v 278.4 291.49 63.275
v 278.4 291.49 75.275
v 278.4 291.658 57.822
v 278.4 291.658 69.822
v 278.4 291.82 63.071
v 278.4 291.82 75.071
v 278.4 291.975 58.046
v 278.4 291.975 70.046
v 278.4 292.122 62.828
v 278.4 292.122 74.828
v 278.4 292.261 58.307
v 278.4 292.261 70.307
v 278.4 292.392 62.549
v 278.4 292.392 74.549
v 278.4 292.514 58.602
v 278.4 292.514 70.602
v 278.4 292.626 62.24
v 278.4 292.626 74.24
v 278.4 292.728 58.925
v 278.4 292.728 70.925
v 278.4 292.82 61.904
v 278.4 292.82 73.904
v 278.4 292.901 59.272
v 278.4 292.901 71.272
v 278.4 292.971 61.547
v 278.4 292.971 73.547
v 278.4 293.03 59.638
v 278.4 293.03 71.638
v 278.4 293.077 61.174
v 278.4 293.077 73.174
v 278.4 293.113 60.017
v 278.4 293.113 72.017
v 278.4 293.137 60.791
v 278.4 293.137 72.791
v 278.4 293.149 60.403
v 278.4 293.149 72.403
v 278.4 300.851 60.403
v 278.4 300.851 72.403
v 278.4 300.863 60.791
v 278.4 300.863 72.791
v 278.4 300.887 60.017
v 278.4 300.887 72.017
v 278.4 300.923 61.174
v 278.4 300.923 73.174
v 278.4 300.97 59.638
v 278.4 300.97 71.638
v 278.4 301.029 61.547
v 278.4 301.029 73.547
v 278.4 301.099 59.272
v 278.4 301.099 71.272
v 278.4 301.18 61.904
v 278.4 301.18 73.904
v 278.4 301.272 58.925
v 278.4 301.272 70.925
v 278.4 301.374 62.24
v 278.4 301.374 74.24
v 278.4 301.486 58.602
v 278.4 301.486 70.602
v 278.4 301.608 62.549
v 278.4 301.608 74.549
v 278.4 301.739 58.307
v 278.4 301.739 70.307
v 278.4 301.878 62.828
v 278.4 301.878 74.828
v 278.4 302.025 58.046
v 278.4 302.025 70.046
v 278.4 302.18 63.071
v 278.4 302.18 75.071
v 278.4 302.342 57.822
v 278.4 302.342 69.822
v 278.4 302.51 63.275
v 278.4 302.51 75.275
v 278.4 302.683 57.638
v 278.4 302.683 69.638
v 278.4 302.862 63.437
v 278.4 302.862 75.437
v 278.4 303.045 57.498
v 278.4 303.045 69.498
v 278.4 303.232 63.555
v 278.4 303.232 75.555
v 278.4 303.421 57.404
v 278.4 303.421 69.404
v 278.4 303.613 63.626
v 278.4 303.613 75.626
v 278.4 303.806 57.356
v 278.4 303.806 69.356
v 278.4 304 63.65
v 278.4 304 75.65
v 278.4 304.194 57.356
v 278.4 304.194 69.356
v 278.4 304.387 63.626
v 278.4 304.387 75.626
v 278.4 304.579 57.404
v 278.4 304.579 69.404
v 278.4 304.768 63.555
v 278.4 304.768 75.555
v 278.4 304.955 57.498
v 278.4 304.955 69.498
v 278.4 305.138 63.437
v 278.4 305.138 75.437
v 278.4 305.317 57.638
v 278.4 305.317 69.638
v 278.4 305.49 63.275
v 278.4 305.49 75.275
v 278.4 305.658 57.822
v 278.4 305.658 69.822
v 278.4 305.82 63.071
v 278.4 305.82 75.071
v 278.4 305.975 58.046
v 278.4 305.975 70.046
v 278.4 306.122 62.828
v 278.4 306.122 74.828
v 278.4 306.261 58.307
v 278.4 306.261 70.307
v 278.4 306.392 62.549
v 278.4 306.392 74.549
v 278.4 306.514 58.602
v 278.4 306.514 70.602
v 278.4 306.626 62.24
v 278.4 306.626 74.24
v 278.4 306.728 58.925
v 278.4 306.728 70.925
v 278.4 306.82 61.904
v 278.4 306.82 73.904
v 278.4 306.901 59.272
v 278.4 306.901 71.272
v 278.4 306.971 61.547
v 278.4 306.971 73.547
v 278.4 307.03 59.638
v 278.4 307.03 71.638
v 278.4 307.077 61.174
v 278.4 307.077 73.174
v 278.4 307.113 60.017
v 278.4 307.113 72.017
v 278.4 307.137 60.791
v 278.4 307.137 72.791
v 278.4 307.149 60.403
v 278.4 307.149 72.403
v 278.4 309.851 60.403
v 278.4 309.851 72.403
v 278.4 309.863 60.791
v 278.4 309.863 72.791
v 278.4 309.887 60.017
v 278.4 309.887 72.017
v 278.4 309.923 61.174
v 278.4 309.923 73.174
v 278.4 309.97 59.638
v 278.4 309.97 71.638
v 278.4 310.029 61.547
v 278.4 310.029 73.547
v 278.4 310.099 59.272
v 278.4 310.099 71.272
v 278.4 310.18 61.904
v 278.4 310.18 73.904
v 278.4 310.272 58.925
v 278.4 310.272 70.925
v 278.4 310.3 38.45
v 278.4 310.3 47.25
v 278.4 310.374 62.24
v 278.4 310.374 74.24
v 278.4 310.486 58.602
v 278.4 310.486 70.602
v 278.4 310.608 62.549
v 278.4 310.608 74.549
v 278.4 310.739 58.307
v 278.4 310.739 70.307
v 278.4 310.878 62.828
v 278.4 310.878 74.828
v 278.4 311.025 58.046
v 278.4 311.025 70.046
v 278.4 311.18 63.071
v 278.4 311.18 75.071
v 278.4 311.342 57.822
v 278.4 311.342 69.822
v 278.4 311.51 63.275
v 278.4 311.51 75.275
v 278.4 311.683 57.638
v 278.4 311.683 69.638
v 278.4 311.862 63.437
v 278.4 311.862 75.437
v 278.4 312.045 57.498
v 278.4 312.045 69.498
v 278.4 312.232 63.555
v 278.4 312.232 75.555
v 278.4 312.421 57.404
v 278.4 312.421 69.404
v 278.4 312.613 63.626
v 278.4 312.613 75.626
v 278.4 312.806 57.356
v 278.4 312.806 69.356
v 278.4 313 63.65
v 278.4 313 75.65
v 278.4 313.194 57.356
v 278.4 313.194 69.356
v 278.4 313.387 63.626
v 278.4 313.387 75.626
v 278.4 313.579 57.404
v 278.4 313.579 69.404
v 278.4 313.768 63.555
v 278.4 313.768 75.555
v 278.4 313.955 57.498
v 278.4 313.955 69.498
v 278.4 314.138 63.437
v 278.4 314.138 75.437
v 278.4 314.317 57.638
v 278.4 314.317 69.638
v 278.4 314.49 63.275
v 278.4 314.49 75.275
v 278.4 314.658 57.822
v 278.4 314.658 69.822
v 278.4 314.82 63.071
v 278.4 314.82 75.071
v 278.4 314.975 58.046
v 278.4 314.975 70.046
v 278.4 315.122 62.828
v 278.4 315.122 74.828
v 278.4 315.261 58.307
v 278.4 315.261 70.307
v 278.4 315.392 62.549
v 278.4 315.392 74.549
v 278.4 315.514 58.602
v 278.4 315.514 70.602
v 278.4 315.626 62.24
v 278.4 315.626 74.24
v 278.4 315.728 58.925
v 278.4 315.728 70.925
v 278.4 315.82 61.904
v 278.4 315.82 73.904
v 278.4 315.901 59.272
v 278.4 315.901 71.272
v 278.4 315.971 61.547
v 278.4 315.971 73.547
v 278.4 316.03 59.638
v 278.4 316.03 71.638
v 278.4 316.077 61.174
v 278.4 316.077 73.174
v 278.4 316.113 60.017
v 278.4 316.113 72.017
v 278.4 316.137 60.791
v 278.4 316.137 72.791
v 278.4 316.149 60.403
v 278.4 316.149 72.403
v 278.4 318.851 60.403
v 278.4 318.851 72.403
v 278.4 318.863 60.791
v 278.4 318.863 72.791
v 278.4 318.887 60.017
v 278.4 318.887 72.017
v 278.4 318.923 61.174
v 278.4 318.923 73.174
v 278.4 318.97 59.638
v 278.4 318.97 71.638
v 278.4 319.029 61.547
v 278.4 319.029 73.547
v 278.4 319.099 59.272
v 278.4 319.099 71.272
v 278.4 319.18 61.904
v 278.4 319.18 73.904
v 278.4 319.272 58.925
v 278.4 319.272 70.925
v 278.4 319.374 62.24
v 278.4 319.374 74.24
v 278.4 319.486 58.602
v 278.4 319.486 70.602
v 278.4 319.608 62.549
v 278.4 319.608 74.549
v 278.4 319.739 58.307
v 278.4 319.739 70.307
v 278.4 319.878 62.828
v 278.4 319.878 74.828
v 278.4 320.025 58.046
v 278.4 320.025 70.046
v 278.4 320.18 63.071
v 278.4 320.18 75.071
v 278.4 320.342 57.822
v 278.4 320.342 69.822
v 278.4 320.51 63.275
v 278.4 320.51 75.275
v 278.4 320.683 57.638
v 278.4 320.683 69.638
v 278.4 320.862 63.437
v 278.4 320.862 75.437
v 278.4 321.045 57.498
v 278.4 321.045 69.498
v 278.4 321.232 63.555
v 278.4 321.232 75.555
v 278.4 321.421 57.404
v 278.4 321.421 69.404
v 278.4 321.613 63.626
v 278.4 321.613 75.626
v 278.4 321.806 57.356
v 278.4 321.806 69.356
v 278.4 322 63.65
v 278.4 322 75.65
v 278.4 322.194 57.356
v 278.4 322.194 69.356
v 278.4 322.387 63.626
v 278.4 322.387 75.626
v 278.4 322.579 57.404
v 278.4 322.579 69.404
v 278.4 322.768 63.555
v 278.4 322.768 75.555
v 278.4 322.955 57.498
v 278.4 322.955 69.498
v 278.4 323.138 63.437
v 278.4 323.138 75.437
v 278.4 323.317 57.638
v 278.4 323.317 69.638
v 278.4 323.49 63.275
v 278.4 323.49 75.275
v 278.4 323.658 57.822
v 278.4 323.658 69.822
v 278.4 323.82 63.071
v 278.4 323.82 75.071
v 278.4 323.975 58.046
v 278.4 323.975 70.046
v 278.4 324.122 62.828
v 278.4 324.122 74.828
v 278.4 324.261 58.307
v 278.4 324.261 70.307
v 278.4 324.392 62.549
v 278.4 324.392 74.549
v 278.4 324.514 58.602
v 278.4 324.514 70.602
v 278.4 324.626 62.24
v 278.4 324.626 74.24
v 278.4 324.728 58.925
v 278.4 324.728 70.925
v 278.4 324.82 61.904
v 278.4 324.82 73.904
v 278.4 324.901 59.272
v 278.4 324.901 71.272
v 278.4 324.971 61.547
v 278.4 324.971 73.547
v 278.4 325.03 59.638
v 278.4 325.03 71.638
v 278.4 325.077 61.174
v 278.4 325.077 73.174
v 278.4 325.113 60.017
v 278.4 325.113 72.017
v 278.4 325.137 60.791
v 278.4 325.137 72.791
v 278.4 325.149 60.403
v 278.4 325.149 72.403
v 278.4 332.851 60.403
v 278.4 332.851 72.403
v 278.4 332.863 60.791
v 278.4 332.863 72.791
v 278.4 332.887 60.017
v 278.4 332.887 72.017
v 278.4 332.923 61.174
v 278.4 332.923 73.174
v 278.4 332.97 59.638
v 278.4 332.97 71.638
v 278.4 333.029 61.547
v 278.4 333.029 73.547
v 278.4 333.099 59.272
v 278.4 333.099 71.272
v 278.4 333.18 61.904
v 278.4 333.18 73.904
v 278.4 333.272 58.925
v 278.4 333.272 70.925
v 278.4 333.374 62.24
v 278.4 333.374 74.24
v 278.4 333.486 58.602
v 278.4 333.486 70.602
v 278.4 333.608 62.549
v 278.4 333.608 74.549
v 278.4 333.739 58.307
v 278.4 333.739 70.307
v 278.4 333.878 62.828
v 278.4 333.878 74.828
v 278.4 334.025 58.046
v 278.4 334.025 70.046
v 278.4 334.18 63.071
v 278.4 334.18 75.071
v 278.4 334.342 57.822
v 278.4 334.342 69.822
v 278.4 334.51 63.275
v 278.4 334.51 75.275
v 278.4 334.683 57.638
v 278.4 334.683 69.638
v 278.4 334.862 63.437
v 278.4 334.862 75.437
v 278.4 335.045 57.498
v 278.4 335.045 69.498
v 278.4 335.232 63.555
v 278.4 335.232 75.555
v 278.4 335.421 57.404
v 278.4 335.421 69.404
v 278.4 335.613 63.626
v 278.4 335.613 75.626
v 278.4 335.806 57.356
v 278.4 335.806 69.356
v 278.4 336 63.65
v 278.4 336 75.65
v 278.4 336.194 57.356
v 278.4 336.194 69.356
v 278.4 336.387 63.626
v 278.4 336.387 75.626
v 278.4 336.579 57.404
v 278.4 336.579 69.404
v 278.4 336.768 63.555
v 278.4 336.768 75.555
v 278.4 336.955 57.498
v 278.4 336.955 69.498
v 278.4 337.138 63.437
v 278.4 337.138 75.437
v 278.4 337.317 57.638
v 278.4 337.317 69.638
v 278.4 337.49 63.275
v 278.4 337.49 75.275
v 278.4 337.658 57.822
v 278.4 337.658 69.822
v 278.4 337.82 63.071
v 278.4 337.82 75.071
v 278.4 337.975 58.046
v 278.4 337.975 70.046
v 278.4 338.122 62.828
v 278.4 338.122 74.828
v 278.4 338.261 58.307
v 278.4 338.261 70.307
v 278.4 338.392 62.549
v 278.4 338.392 74.549
v 278.4 338.514 58.602
v 278.4 338.514 70.602
v 278.4 338.626 62.24
v 278.4 338.626 74.24
v 278.4 338.728 58.925
v 278.4 338.728 70.925
v 278.4 338.82 61.904
v 278.4 338.82 73.904
v 278.4 338.901 59.272
v 278.4 338.901 71.272
v 278.4 338.971 61.547
v 278.4 338.971 73.547
v 278.4 339.03 59.638
v 278.4 339.03 71.638
v 278.4 339.077 61.174
v 278.4 339.077 73.174
v 278.4 339.113 60.017
v 278.4 339.113 72.017
v 278.4 339.137 60.791
v 278.4 339.137 72.791
v 278.4 339.149 60.403
v 278.4 339.149 72.403
v 278.4 341.851 60.403
v 278.4 341.851 72.403
v 278.4 341.863 60.791
v 278.4 341.863 72.791
v 278.4 341.887 60.017
v 278.4 341.887 72.017
v 278.4 341.923 61.174
v 278.4 341.923 73.174
v 278.4 341.97 59.638
v 278.4 341.97 71.638
v 278.4 342.029 61.547
v 278.4 342.029 73.547
v 278.4 342.099 59.272
v 278.4 342.099 71.272
v 278.4 342.18 61.904
v 278.4 342.18 73.904
v 278.4 342.272 58.925
v 278.4 342.272 70.925
v 278.4 342.374 62.24
v 278.4 342.374 74.24
v 278.4 342.486 58.602
v 278.4 342.486 70.602
v 278.4 342.608 62.549
v 278.4 342.608 74.549
v 278.4 342.739 58.307
v 278.4 342.739 70.307
v 278.4 342.878 62.828
v 278.4 342.878 74.828
v 278.4 343.025 58.046
v 278.4 343.025 70.046
v 278.4 343.18 63.071
v 278.4 343.18 75.071
v 278.4 343.342 57.822
v 278.4 343.342 69.822
v 278.4 343.51 63.275
v 278.4 343.51 75.275
v 278.4 343.683 57.638
v 278.4 343.683 69.638
v 278.4 343.862 63.437
v 278.4 343.862 75.437
v 278.4 344.045 57.498
v 278.4 344.045 69.498
v 278.4 344.232 63.555
v 278.4 344.232 75.555
v 278.4 344.421 57.404
v 278.4 344.421 69.404
v 278.4 344.613 63.626
v 278.4 344.613 75.626
v 278.4 344.806 57.356
v 278.4 344.806 69.356
v 278.4 345 63.65
v 278.4 345 75.65
v 278.4 345.194 57.356
v 278.4 345.194 69.356
v 278.4 345.387 63.626
v 278.4 345.387 75.626
v 278.4 345.579 57.404
v 278.4 345.579 69.404
v 278.4 345.768 63.555
v 278.4 345.768 75.555
v 278.4 345.955 57.498
v 278.4 345.955 69.498
v 278.4 346.138 63.437
v 278.4 346.138 75.437
v 278.4 346.317 57.638
v 278.4 346.317 69.638
v 278.4 346.49 63.275
v 278.4 346.49 75.275
v 278.4 346.658 57.822
v 278.4 346.658 69.822
v 278.4 346.82 63.071
v 278.4 346.82 75.071
v 278.4 346.975 58.046
v 278.4 346.975 70.046
v 278.4 347.122 62.828
v 278.4 347.122 74.828
v 278.4 347.261 58.307
v 278.4 347.261 70.307
v 278.4 347.392 62.549
v 278.4 347.392 74.549
v 278.4 347.514 58.602
v 278.4 347.514 70.602
v 278.4 347.626 62.24
v 278.4 347.626 74.24
v 278.4 347.728 58.925
v 278.4 347.728 70.925
v 278.4 347.82 61.904
v 278.4 347.82 73.904
v 278.4 347.901 59.272
v 278.4 347.901 71.272
v 278.4 347.971 61.547
v 278.4 347.971 73.547
v 278.4 348.03 59.638
v 278.4 348.03 71.638
v 278.4 348.077 61.174
v 278.4 348.077 73.174
v 278.4 348.113 60.017
v 278.4 348.113 72.017
v 278.4 348.137 60.791
v 278.4 348.137 72.791
v 278.4 348.149 60.403
v 278.4 348.149 72.403
v 278.4 350.851 60.403
v 278.4 350.851 72.403
v 278.4 350.863 60.791
v 278.4 350.863 72.791
v 278.4 350.887 60.017
v 278.4 350.887 72.017
v 278.4 350.923 61.174
v 278.4 350.923 73.174
v 278.4 350.97 59.638
v 278.4 350.97 71.638
v 278.4 351.029 61.547
v 278.4 351.029 73.547
v 278.4 351.099 59.272
v 278.4 351.099 71.272
v 278.4 351.18 61.904
v 278.4 351.18 73.904
v 278.4 351.272 58.925
v 278.4 351.272 70.925
v 278.4 351.374 62.24
v 278.4 351.374 74.24
v 278.4 351.486 58.602
v 278.4 351.486 70.602
v 278.4 351.608 62.549
v 278.4 351.608 74.549
v 278.4 351.739 58.307
v 278.4 351.739 70.307
v 278.4 351.878 62.828
v 278.4 351.878 74.828
v 278.4 352.025 58.046
v 278.4 352.025 70.046
v 278.4 352.18 63.071
v 278.4 352.18 75.071
v 278.4 352.342 57.822
v 278.4 352.342 69.822
v 278.4 352.51 63.275
v 278.4 352.51 75.275
v 278.4 352.683 57.638
v 278.4 352.683 69.638
v 278.4 352.862 63.437
v 278.4 352.862 75.437
v 278.4 353.045 57.498
v 278.4 353.045 69.498
v 278.4 353.232 63.555
v 278.4 353.232 75.555
v 278.4 353.421 57.404
v 278.4 353.421 69.404
v 278.4 353.613 63.626
v 278.4 353.613 75.626
v 278.4 353.806 57.356
v 278.4 353.806 69.356
v 278.4 354 63.65
v 278.4 354 75.65
v 278.4 354.194 57.356
v 278.4 354.194 69.356
v 278.4 354.387 63.626
v 278.4 354.387 75.626
v 278.4 354.579 57.404
v 278.4 354.579 69.404
v 278.4 354.768 63.555
v 278.4 354.768 75.555
v 278.4 354.955 57.498
v 278.4 354.955 69.498
v 278.4 355.138 63.437
v 278.4 355.138 75.437
v 278.4 355.317 57.638
v 278.4 355.317 69.638
v 278.4 355.49 63.275
v 278.4 355.49 75.275
v 278.4 355.658 57.822
v 278.4 355.658 69.822
v 278.4 355.82 63.071
v 278.4 355.82 75.071
v 278.4 355.975 58.046
v 278.4 355.975 70.046
v 278.4 356.122 62.828
v 278.4 356.122 74.828
v 278.4 356.261 58.307
v 278.4 356.261 70.307
v 278.4 356.392 62.549
v 278.4 356.392 74.549
v 278.4 356.514 58.602
v 278.4 356.514 70.602
v 278.4 356.626 62.24
v 278.4 356.626 74.24
v 278.4 356.728 58.925
v 278.4 356.728 70.925
v 278.4 356.82 61.904
v 278.4 356.82 73.904
v 278.4 356.901 59.272
v 278.4 356.901 71.272
v 278.4 356.971 61.547
v 278.4 356.971 73.547
v 278.4 357.03 59.638
v 278.4 357.03 71.638
v 278.4 357.077 61.174
v 278.4 357.077 73.174
v 278.4 357.113 60.017
v 278.4 357.113 72.017
v 278.4 357.137 60.791
v 278.4 357.137 72.791
v 278.4 357.149 60.403
v 278.4 357.149 72.403
v 278.4 396.851 60.403
v 278.4 396.851 72.403
v 278.4 396.863 60.791
v 278.4 396.863 72.791
v 278.4 396.887 60.017
v 278.4 396.887 72.017
v 278.4 396.923 61.174
v 278.4 396.923 73.174
v 278.4 396.97 59.638
v 278.4 396.97 71.638
v 278.4 397.029 61.547
v 278.4 397.029 73.547
v 278.4 397.099 59.272
v 278.4 397.099 71.272
v 278.4 397.18 61.904
v 278.4 397.18 73.904
v 278.4 397.272 58.925
v 278.4 397.272 70.925
v 278.4 397.374 62.24
v 278.4 397.374 74.24
v 278.4 397.486 58.602
v 278.4 397.486 70.602
v 278.4 397.608 62.549
v 278.4 397.608 74.549
v 278.4 397.739 58.307
v 278.4 397.739 70.307
v 278.4 397.878 62.828
v 278.4 397.878 74.828
v 278.4 398.025 58.046
v 278.4 398.025 70.046
v 278.4 398.18 63.071
v 278.4 398.18 75.071
v 278.4 398.342 57.822
v 278.4 398.342 69.822
v 278.4 398.51 63.275
v 278.4 398.51 75.275
v 278.4 398.683 57.638
v 278.4 398.683 69.638
v 278.4 398.862 63.437
v 278.4 398.862 75.437
v 278.4 399.045 57.498
v 278.4 399.045 69.498
v 278.4 399.232 63.555
v 278.4 399.232 75.555
v 278.4 399.421 57.404
v 278.4 399.421 69.404
v 278.4 399.613 63.626
v 278.4 399.613 75.626
v 278.4 399.806 57.356
v 278.4 399.806 69.356
v 278.4 400 63.65
v 278.4 400 75.65
v 278.4 400.194 57.356
v 278.4 400.194 69.356
v 278.4 400.387 63.626
v 278.4 400.387 75.626
v 278.4 400.579 57.404
v 278.4 400.579 69.404
v 278.4 400.768 63.555
v 278.4 400.768 75.555
v 278.4 400.955 57.498
v 278.4 400.955 69.498
v 278.4 401.138 63.437
v 278.4 401.138 75.437
v 278.4 401.317 57.638
v 278.4 401.317 69.638
v 278.4 401.49 63.275
v 278.4 401.49 75.275
v 278.4 401.658 57.822
v 278.4 401.658 69.822
v 278.4 401.82 63.071
v 278.4 401.82 75.071
v 278.4 401.975 58.046
v 278.4 401.975 70.046
v 278.4 402.122 62.828
v 278.4 402.122 74.828
v 278.4 402.261 58.307
v 278.4 402.261 70.307
v 278.4 402.392 62.549
v 278.4 402.392 74.549
v 278.4 402.514 58.602
v 278.4 402.514 70.602
v 278.4 402.626 62.24
v 278.4 402.626 74.24
v 278.4 402.728 58.925
v 278.4 402.728 70.925
v 278.4 402.82 61.904
v 278.4 402.82 73.904
v 278.4 402.901 59.272
v 278.4 402.901 71.272
v 278.4 402.971 61.547
v 278.4 402.971 73.547
v 278.4 403.03 59.638
v 278.4 403.03 71.638
v 278.4 403.077 61.174
v 278.4 403.077 73.174
v 278.4 403.113 60.017
v 278.4 403.113 72.017
v 278.4 403.137 60.791
v 278.4 403.137 72.791
v 278.4 403.149 60.403
v 278.4 403.149 72.403
v 278.4 405.851 60.403
v 278.4 405.851 72.403
v 278.4 405.863 60.791
v 278.4 405.863 72.791
v 278.4 405.887 60.017
v 278.4 405.887 72.017
v 278.4 405.923 61.174
v 278.4 405.923 73.174
v 278.4 405.97 59.638
v 278.4 405.97 71.638
v 278.4 406.029 61.547
v 278.4 406.029 73.547
v 278.4 406.099 59.272
v 278.4 406.099 71.272
v 278.4 406.18 61.904
v 278.4 406.18 73.904
v 278.4 406.272 58.925
v 278.4 406.272 70.925
v 278.4 406.374 62.24
v 278.4 406.374 74.24
v 278.4 406.486 58.602
v 278.4 406.486 70.602
v 278.4 406.608 62.549
v 278.4 406.608 74.549
v 278.4 406.739 58.307
v 278.4 406.739 70.307
v 278.4 406.878 62.828
v 278.4 406.878 74.828
v 278.4 407.025 58.046
v 278.4 407.025 70.046
v 278.4 407.18 63.071
v 278.4 407.18 75.071
v 278.4 407.342 57.822
v 278.4 407.342 69.822
v 278.4 407.51 63.275
v 278.4 407.51 75.275
v 278.4 407.683 57.638
v 278.4 407.683 69.638
v 278.4 407.862 63.437
v 278.4 407.862 75.437
v 278.4 408.045 57.498
v 278.4 408.045 69.498
v 278.4 408.232 63.555
v 278.4 408.232 75.555
v 278.4 408.421 57.404
v 278.4 408.421 69.404
v 278.4 408.613 63.626
v 278.4 408.613 75.626
v 278.4 408.806 57.356
v 278.4 408.806 69.356
v 278.4 409 63.65
v 278.4 409 75.65
v 278.4 409.194 57.356
v 278.4 409.194 69.356
v 278.4 409.387 63.626
v 278.4 409.387 75.626
v 278.4 409.579 57.404
v 278.4 409.579 69.404
v 278.4 409.768 63.555
v 278.4 409.768 75.555
v 278.4 409.955 57.498
v 278.4 409.955 69.498
v 278.4 410.138 63.437
v 278.4 410.138 75.437
v 278.4 410.317 57.638
v 278.4 410.317 69.638
v 278.4 410.49 63.275
v 278.4 410.49 75.275
v 278.4 410.658 57.822
v 278.4 410.658 69.822
v 278.4 410.82 63.071
v 278.4 410.82 75.071
v 278.4 410.975 58.046
v 278.4 410.975 70.046
v 278.4 411.122 62.828
v 278.4 411.122 74.828
v 278.4 411.261 58.307
v 278.4 411.261 70.307
v 278.4 411.392 62.549
v 278.4 411.392 74.549
v 278.4 411.514 58.602
v 278.4 411.514 70.602
v 278.4 411.626 62.24
v 278.4 411.626 74.24
v 278.4 411.728 58.925
v 278.4 411.728 70.925
v 278.4 411.82 61.904
v 278.4 411.82 73.904
v 278.4 411.901 59.272
v 278.4 411.901 71.272
v 278.4 411.971 61.547
v 278.4 411.971 73.547
v 278.4 412.03 59.638
v 278.4 412.03 71.638
v 278.4 412.077 61.174
v 278.4 412.077 73.174
v 278.4 412.113 60.017
v 278.4 412.113 72.017
v 278.4 412.137 60.791
v 278.4 412.137 72.791
v 278.4 412.149 60.403
v 278.4 412.149 72.403
v 278.4 414.851 60.403
v 278.4 414.851 72.403
v 278.4 414.863 60.791
v 278.4 414.863 72.791
v 278.4 414.887 60.017
v 278.4 414.887 72.017
v 278.4 414.923 61.174
v 278.4 414.923 73.174
v 278.4 414.97 59.638
v 278.4 414.97 71.638
v 278.4 415.029 61.547
v 278.4 415.029 73.547
v 278.4 415.099 59.272
v 278.4 415.099 71.272
v 278.4 415.18 61.904
v 278.4 415.18 73.904
v 278.4 415.272 58.925
v 278.4 415.272 70.925
v 278.4 415.374 62.24
v 278.4 415.374 74.24
v 278.4 415.486 58.602
v 278.4 415.486 70.602
v 278.4 415.608 62.549
v 278.4 415.608 74.549
v 278.4 415.739 58.307
v 278.4 415.739 70.307
v 278.4 415.878 62.828
v 278.4 415.878 74.828
v 278.4 416.025 58.046
v 278.4 416.025 70.046
v 278.4 416.18 63.071
v 278.4 416.18 75.071
v 278.4 416.342 57.822
v 278.4 416.342 69.822
v 278.4 416.51 63.275
v 278.4 416.51 75.275
v 278.4 416.683 57.638
v 278.4 416.683 69.638
v 278.4 416.862 63.437
v 278.4 416.862 75.437
v 278.4 417.045 57.498
v 278.4 417.045 69.498
v 278.4 417.232 63.555
v 278.4 417.232 75.555
v 278.4 417.421 57.404
v 278.4 417.421 69.404
v 278.4 417.613 63.626
v 278.4 417.613 75.626
v 278.4 417.806 57.356
v 278.4 417.806 69.356
v 278.4 418 63.65
v 278.4 418 75.65
v 278.4 418.194 57.356
v 278.4 418.194 69.356
v 278.4 418.387 63.626
v 278.4 418.387 75.626
v 278.4 418.579 57.404
v 278.4 418.579 69.404
v 278.4 418.768 63.555
v 278.4 418.768 75.555
v 278.4 418.955 57.498
v 278.4 418.955 69.498
v 278.4 419.138 63.437
v 278.4 419.138 75.437
v 278.4 419.317 57.638
v 278.4 419.317 69.638
v 278.4 419.49 63.275
v 278.4 419.49 75.275
v 278.4 419.658 57.822
v 278.4 419.658 69.822
v 278.4 419.82 63.071
v 278.4 419.82 75.071
v 278.4 419.975 58.046
v 278.4 419.975 70.046
v 278.4 420.122 62.828
v 278.4 420.122 74.828
v 278.4 420.261 58.307
v 278.4 420.261 70.307
v 278.4 420.392 62.549
v 278.4 420.392 74.549
v 278.4 420.514 58.602
v 278.4 420.514 70.602
v 278.4 420.626 62.24
v 278.4 420.626 74.24
v 278.4 420.728 58.925
v 278.4 420.728 70.925
v 278.4 420.82 61.904
v 278.4 420.82 73.904
v 278.4 420.901 59.272
v 278.4 420.901 71.272
v 278.4 420.971 61.547
v 278.4 420.971 73.547
v 278.4 421.03 59.638
v 278.4 421.03 71.638
v 278.4 421.077 61.174
v 278.4 421.077 73.174
v 278.4 421.113 60.017
v 278.4 421.113 72.017
v 278.4 421.137 60.791
v 278.4 421.137 72.791
v 278.4 421.149 60.403
v 278.4 421.149 72.403
v 278.4 429 38.45
v 278.4 429 81.95
v 281 33 36.25
v 281 33 81.95
v 281 35.852 60.403
v 281 35.852 72.403
v 281 35.863 60.791
v 281 35.863 72.791
v 281 35.887 60.017
v 281 35.887 72.017
v 281 35.923 61.174
v 281 35.923 73.174
v 281 35.97 59.638
v 281 35.97 71.638
v 281 36.029 61.547
v 281 36.029 73.547
v 281 36.099 59.272
v 281 36.099 71.272
v 281 36.18 61.904
v 281 36.18 73.904
v 281 36.272 58.925
v 281 36.272 70.925
v 281 36.374 62.24
v 281 36.374 74.24
v 281 36.486 58.602
v 281 36.486 70.602
v 281 36.608 62.549
v 281 36.608 74.549
v 281 36.739 58.307
v 281 36.739 70.307
v 281 36.878 62.828
v 281 36.878 74.828
v 281 37.025 58.046
v 281 37.025 70.046
v 281 37.18 63.071
v 281 37.18 75.071
v 281 37.342 57.822
v 281 37.342 69.822
v 281 37.51 63.275
v 281 37.51 75.275
v 281 37.683 57.638
v 281 37.683 69.638
v 281 37.862 63.437
v 281 37.862 75.437
v 281 38.045 57.498
v 281 38.045 69.498
v 281 38.232 63.555
v 281 38.232 75.555
v 281 38.421 57.404
v 281 38.421 69.404
v 281 38.613 63.626
v 281 38.613 75.626
v 281 38.806 57.356
v 281 38.806 69.356
v 281 39 57.35
v 281 39 63.65
v 281 39 75.65
v 281 39.194 69.356
v 281 39.387 75.626
v 281 39.579 69.404
v 281 39.768 75.555
v 281 39.955 69.498
v 281 40.138 75.437
v 281 40.317 69.638
v 281 40.49 75.275
v 281 40.658 69.822
v 281 40.82 75.071
v 281 40.975 70.046
v 281 41.122 74.828
v 281 41.261 70.307
v 281 41.392 74.549
v 281 41.514 70.602
v 281 41.626 74.24
v 281 41.728 70.925
v 281 41.82 73.904
v 281 41.901 71.272
v 281 41.971 73.547
v 281 42.03 71.638
v 281 42.077 73.174
v 281 42.113 72.017
v 281 42.137 72.791
v 281 42.148 72.403
v 281 44.852 72.403
v 281 44.863 72.791
v 281 44.887 72.017
v 281 44.923 73.174
v 281 44.97 71.638
v 281 45.029 73.547
v 281 45.099 71.272
v 281 45.18 73.904
v 281 45.272 70.925
v 281 45.374 74.24
v 281 45.486 70.602
v 281 45.608 74.549
v 281 45.739 70.307
v 281 45.878 74.828
v 281 46.025 70.046
v 281 46.18 75.071
v 281 46.342 69.822
v 281 46.51 75.275
v 281 46.683 69.638
v 281 46.862 75.437
v 281 47.045 69.498
v 281 47.232 75.555
v 281 47.421 69.404
v 281 47.613 75.626
v 281 47.806 69.356
v 281 48 57.35
v 281 48 63.65
v 281 48 75.65
v 281 48.194 57.356
v 281 48.194 69.356
v 281 48.387 63.626
v 281 48.387 75.626
v 281 48.579 57.404
v 281 48.579 69.404
v 281 48.768 63.555
v 281 48.768 75.555
v 281 48.955 57.498
v 281 48.955 69.498
v 281 49.138 63.437
v 281 49.138 75.437
v 281 49.317 57.638
v 281 49.317 69.638
v 281 49.49 63.275
v 281 49.49 75.275
v 281 49.658 57.822
v 281 49.658 69.822
v 281 49.82 63.071
v 281 49.82 75.071
v 281 49.975 58.046
v 281 49.975 70.046
v 281 50.122 62.828
v 281 50.122 74.828
v 281 50.261 58.307
v 281 50.261 70.307
v 281 50.392 62.549
v 281 50.392 74.549
v 281 50.514 58.602
v 281 50.514 70.602
v 281 50.626 62.24
v 281 50.626 74.24
v 281 50.728 58.925
v 281 50.728 70.925
v 281 50.82 61.904
v 281 50.82 73.904
v 281 50.901 59.272
v 281 50.901 71.272
v 281 50.971 61.547
v 281 50.971 73.547
v 281 51.03 59.638
v 281 51.03 71.638
v 281 51.077 61.174
v 281 51.077 73.174
v 281 51.113 60.017
v 281 51.113 72.017
v 281 51.137 60.791
v 281 51.137 72.791
v 281 51.148 60.403
v 281 51.148 72.403
v 281 53.852 60.403
v 281 53.852 72.403
v 281 53.863 60.791
v 281 53.863 72.791
v 281 53.887 60.017
v 281 53.887 72.017
v 281 53.923 61.174
v 281 53.923 73.174
v 281 53.97 59.638
v 281 53.97 71.638
v 281 54.029 61.547
v 281 54.029 73.547
v 281 54.099 59.272
v 281 54.099 71.272
v 281 54.18 61.904
v 281 54.18 73.904
v 281 54.272 58.925
v 281 54.272 70.925
v 281 54.374 62.24
v 281 54.374 74.24
v 281 54.486 58.602
v 281 54.486 70.602
v 281 54.608 62.549
v 281 54.608 74.549
v 281 54.739 58.307
v 281 54.739 70.307
v 281 54.878 62.828
v 281 54.878 74.828
v 281 55.025 58.046
v 281 55.025 70.046
v 281 55.18 63.071
v 281 55.18 75.071
v 281 55.342 57.822
v 281 55.342 69.822
v 281 55.51 63.275
v 281 55.51 75.275
v 281 55.683 57.638
v 281 55.683 69.638
v 281 55.862 63.437
v 281 55.862 75.437
v 281 56.045 57.498
v 281 56.045 69.498
v 281 56.232 63.555
v 281 56.232 75.555
v 281 56.421 57.404
v 281 56.421 69.404
v 281 56.613 63.626
v 281 56.613 75.626
v 281 56.806 57.356
v 281 56.806 69.356
v 281 57 63.65
v 281 57 75.65
v 281 57.194 57.356
v 281 57.194 69.356
v 281 57.387 63.626
v 281 57.387 75.626
v 281 57.579 57.404
v 281 57.579 69.404
v 281 57.768 63.555
v 281 57.768 75.555
v 281 57.955 57.498
v 281 57.955 69.498
v 281 58.138 63.437
v 281 58.138 75.437
v 281 58.317 57.638
v 281 58.317 69.638
v 281 58.49 63.275
v 281 58.49 75.275
v 281 58.658 57.822
v 281 58.658 69.822
v 281 58.82 63.071
v 281 58.82 75.071
v 281 58.975 58.046
v 281 58.975 70.046
v 281 59.122 62.828
v 281 59.122 74.828
v 281 59.261 58.307
v 281 59.261 70.307
v 281 59.392 62.549
v 281 59.392 74.549
v 281 59.514 58.602
v 281 59.514 70.602
v 281 59.626 62.24
v 281 59.626 74.24
v 281 59.728 58.925
v 281 59.728 70.925
v 281 59.82 61.904
v 281 59.82 73.904
v 281 59.901 59.272
v 281 59.901 71.272
v 281 59.971 61.547
v 281 59.971 73.547
v 281 60.03 59.638
v 281 60.03 71.638
v 281 60.077 61.174
v 281 60.077 73.174
v 281 60.113 60.017
v 281 60.113 72.017
v 281 60.137 60.791
v 281 60.137 72.791
v 281 60.148 60.403
v 281 60.148 72.403
v 281 62.852 60.403
v 281 62.852 72.403
v 281 62.863 60.791
v 281 62.863 72.791
v 281 62.887 60.017
v 281 62.887 72.017
v 281 62.923 61.174
v 281 62.923 73.174
v 281 62.97 59.638
v 281 62.97 71.638
v 281 63.029 61.547
v 281 63.029 73.547
v 281 63.099 59.272
v 281 63.099 71.272
v 281 63.18 61.904
v 281 63.18 73.904
v 281 63.272 58.925
v 281 63.272 70.925
v 281 63.374 62.24
v 281 63.374 74.24
v 281 63.486 58.602
v 281 63.486 70.602
v 281 63.608 62.549
v 281 63.608 74.549
v 281 63.739 58.307
v 281 63.739 70.307
v 281 63.878 62.828
v 281 63.878 74.828
v 281 64.025 58.046
v 281 64.025 70.046
v 281 64.18 63.071
v 281 64.18 75.071
v 281 64.342 57.822
v 281 64.342 69.822
v 281 64.51 63.275
v 281 64.51 75.275
v 281 64.683 57.638
v 281 64.683 69.638
v 281 64.862 63.437
v 281 64.862 75.437
v 281 65.045 57.498
v 281 65.045 69.498
v 281 65.232 63.555
v 281 65.232 75.555
v 281 65.421 57.404
v 281 65.421 69.404
v 281 65.613 63.626
v 281 65.613 75.626
v 281 65.806 57.356
v 281 65.806 69.356
v 281 66 63.65
v 281 66 75.65
v 281 66.194 57.356
v 281 66.194 69.356
v 281 66.387 63.626
v 281 66.387 75.626
v 281 66.579 57.404
v 281 66.579 69.404
v 281 66.768 63.555
v 281 66.768 75.555
v 281 66.955 57.498
v 281 66.955 69.498
v 281 67.138 63.437
v 281 67.138 75.437
v 281 67.317 57.638
v 281 67.317 69.638
v 281 67.49 63.275
v 281 67.49 75.275
v 281 67.658 57.822
v 281 67.658 69.822
v 281 67.82 63.071
v 281 67.82 75.071
v 281 67.975 58.046
v 281 67.975 70.046
v 281 68.122 62.828
v 281 68.122 74.828
v 281 68.261 58.307
v 281 68.261 70.307
v 281 68.392 62.549
v 281 68.392 74.549
v 281 68.514 58.602
v 281 68.514 70.602
v 281 68.626 62.24
v 281 68.626 74.24
v 281 68.728 58.925
v 281 68.728 70.925
v 281 68.82 61.904
v 281 68.82 73.904
v 281 68.901 59.272
v 281 68.901 71.272
v 281 68.971 61.547
v 281 68.971 73.547
v 281 69.03 59.638
v 281 69.03 71.638
v 281 69.077 61.174
v 281 69.077 73.174
v 281 69.113 60.017
v 281 69.113 72.017
v 281 69.137 60.791
v 281 69.137 72.791
v 281 69.148 60.403
v 281 69.148 72.403
v 281 85.852 60.403
v 281 85.852 72.403
v 281 85.863 60.791
v 281 85.863 72.791
v 281 85.887 60.017
v 281 85.887 72.017
v 281 85.923 61.174
v 281 85.923 73.174
v 281 85.97 59.638
v 281 85.97 71.638
v 281 86.029 61.547
v 281 86.029 73.547
v 281 86.099 59.272
v 281 86.099 71.272
v 281 86.18 61.904
v 281 86.18 73.904
v 281 86.272 58.925
v 281 86.272 70.925
v 281 86.374 62.24
v 281 86.374 74.24
v 281 86.486 58.602
v 281 86.486 70.602
v 281 86.608 62.549
v 281 86.608 74.549
v 281 86.739 58.307
v 281 86.739 70.307
v 281 86.878 62.828
v 281 86.878 74.828
v 281 87.025 58.046
v 281 87.025 70.046
v 281 87.18 63.071
v 281 87.18 75.071
v 281 87.342 57.822
v 281 87.342 69.822
v 281 87.51 63.275
v 281 87.51 75.275
v 281 87.683 57.638
v 281 87.683 69.638
v 281 87.862 63.437
v 281 87.862 75.437
v 281 88.045 57.498
v 281 88.045 69.498
v 281 88.232 63.555
v 281 88.232 75.555
v 281 88.421 57.404
v 281 88.421 69.404
v 281 88.613 63.626
v 281 88.613 75.626
v 281 88.806 57.356
v 281 88.806 69.356
v 281 89 63.65
v 281 89 75.65
v 281 89.194 57.356
v 281 89.194 69.356
v 281 89.387 63.626
v 281 89.387 75.626
v 281 89.579 57.404
v 281 89.579 69.404
v 281 89.768 63.555
v 281 89.768 75.555
v 281 89.955 57.498
v 281 89.955 69.498
v 281 90.138 63.437
v 281 90.138 75.437
v 281 90.317 57.638
v 281 90.317 69.638
v 281 90.49 63.275
v 281 90.49 75.275
v 281 90.658 57.822
v 281 90.658 69.822
v 281 90.82 63.071
v 281 90.82 75.071
v 281 90.975 58.046
v 281 90.975 70.046
v 281 91.122 62.828
v 281 91.122 74.828
v 281 91.261 58.307
v 281 91.261 70.307
v 281 91.392 62.549
v 281 91.392 74.549
v 281 91.514 58.602
v 281 91.514 70.602
v 281 91.626 62.24
v 281 91.626 74.24
v 281 91.728 58.925
v 281 91.728 70.925
v 281 91.82 61.904
v 281 91.82 73.904
v 281 91.901 59.272
v 281 91.901 71.272
v 281 91.971 61.547
v 281 91.971 73.547
v 281 92.03 59.638
v 281 92.03 71.638
v 281 92.077 61.174
v 281 92.077 73.174
v 281 92.113 60.017
v 281 92.113 72.017
v 281 92.137 60.791
v 281 92.137 72.791
v 281 92.148 60.403
v 281 92.148 72.403
v 281 94.852 60.403
v 281 94.852 72.403
v 281 94.863 60.791
v 281 94.863 72.791
v 281 94.887 60.017
v 281 94.887 72.017
v 281 94.923 61.174
v 281 94.923 73.174
v 281 94.97 59.638
v 281 94.97 71.638
v 281 95.029 61.547
v 281 95.029 73.547
v 281 95.099 59.272
v 281 95.099 71.272
v 281 95.18 61.904
v 281 95.18 73.904
v 281 95.272 58.925
v 281 95.272 70.925
v 281 95.374 62.24
v 281 95.374 74.24
v 281 95.486 58.602
v 281 95.486 70.602
v 281 95.608 62.549
v 281 95.608 74.549
v 281 95.739 58.307
v 281 95.739 70.307
v 281 95.878 62.828
v 281 95.878 74.828
v 281 96.025 58.046
v 281 96.025 70.046
v 281 96.18 63.071
v 281 96.18 75.071
v 281 96.342 57.822
v 281 96.342 69.822
v 281 96.51 63.275
v 281 96.51 75.275
v 281 96.683 57.638
v 281 96.683 69.638
v 281 96.862 63.437
v 281 96.862 75.437
v 281 97.045 57.498
v 281 97.045 69.498
v 281 97.232 63.555
v 281 97.232 75.555
v 281 97.421 57.404
v 281 97.421 69.404
v 281 97.613 63.626
v 281 97.613 75.626
v 281 97.806 57.356
v 281 97.806 69.356
v 281 98 63.65
v 281 98 75.65
v 281 98.194 57.356
v 281 98.194 69.356
v 281 98.387 63.626
v 281 98.387 75.626
v 281 98.579 57.404
v 281 98.579 69.404
v 281 98.768 63.555
v 281 98.768 75.555
v 281 98.955 57.498
v 281 98.955 69.498
v 281 99.138 63.437
v 281 99.138 75.437
v 281 99.317 57.638
v 281 99.317 69.638
v 281 99.49 63.275
v 281 99.49 75.275
v 281 99.658 57.822
v 281 99.658 69.822
v 281 99.82 63.071
v 281 99.82 75.071
v 281 99.975 58.046
v 281 99.975 70.046
v 281 100.122 62.828
v 281 100.122 74.828
v 281 100.261 58.307
v 281 100.261 70.307
v 281 100.392 62.549
v 281 100.392 74.549
v 281 100.514 58.602
v 281 100.514 70.602
v 281 100.626 62.24
v 281 100.626 74.24
v 281 100.728 58.925
v 281 100.728 70.925
v 281 100.82 61.904
v 281 100.82 73.904
v 281 100.901 59.272
v 281 100.901 71.272
v 281 100.971 61.547
v 281 100.971 73.547
v 281 101.03 59.638
v 281 101.03 71.638
v 281 101.077 61.174
v 281 101.077 73.174
v 281 101.113 60.017
v 281 101.113 72.017
v 281 101.137 60.791
v 281 101.137 72.791
v 281 101.149 60.403
v 281 101.149 72.403
v 281 172.851 60.403
v 281 172.851 72.403
v 281 172.863 60.791
v 281 172.863 72.791
v 281 172.887 60.017
v 281 172.887 72.017
v 281 172.923 61.174
v 281 172.923 73.174
v 281 172.97 59.638
v 281 172.97 71.638
v 281 173.029 61.547
v 281 173.029 73.547
v 281 173.099 59.272
v 281 173.099 71.272
v 281 173.18 61.904
v 281 173.18 73.904
v 281 173.272 58.925
v 281 173.272 70.925
v 281 173.374 62.24
v 281 173.374 74.24
v 281 173.486 58.602
v 281 173.486 70.602
v 281 173.608 62.549
v 281 173.608 74.549
v 281 173.739 58.307
v 281 173.739 70.307
v 281 173.878 62.828
v 281 173.878 74.828
v 281 174.025 58.046
v 281 174.025 70.046
v 281 174.18 63.071
v 281 174.18 75.071
v 281 174.342 57.822
v 281 174.342 69.822
v 281 174.51 63.275
v 281 174.51 75.275
v 281 174.683 57.638
v 281 174.683 69.638
v 281 174.862 63.437
v 281 174.862 75.437
v 281 175.045 57.498
v 281 175.045 69.498
v 281 175.232 63.555
v 281 175.232 75.555
v 281 175.421 57.404
v 281 175.421 69.404
v 281 175.613 63.626
v 281 175.613 75.626
v 281 175.806 57.356
v 281 175.806 69.356
v 281 176 63.65
v 281 176 75.65
v 281 176.194 57.356
v 281 176.194 69.356
v 281 176.387 63.626
v 281 176.387 75.626
v 281 176.579 57.404
v 281 176.579 69.404
v 281 176.768 63.555
v 281 176.768 75.555
v 281 176.955 57.498
v 281 176.955 69.498
v 281 177.138 63.437
v 281 177.138 75.437
v 281 177.317 57.638
v 281 177.317 69.638
v 281 177.49 63.275
v 281 177.49 75.275
v 281 177.658 57.822
v 281 177.658 69.822
v 281 177.82 63.071
v 281 177.82 75.071
v 281 177.975 58.046
v 281 177.975 70.046
v 281 178.122 62.828
v 281 178.122 74.828
v 281 178.261 58.307
v 281 178.261 70.307
v 281 178.392 62.549
v 281 178.392 74.549
v 281 178.514 58.602
v 281 178.514 70.602
v 281 178.626 62.24
v 281 178.626 74.24
v 281 178.728 58.925
v 281 178.728 70.925
v 281 178.82 61.904
v 281 178.82 73.904
v 281 178.901 59.272
v 281 178.901 71.272
v 281 178.971 61.547
v 281 178.971 73.547
v 281 179.03 59.638
v 281 179.03 71.638
v 281 179.077 61.174
v 281 179.077 73.174
v 281 179.113 60.017
v 281 179.113 72.017
v 281 179.137 60.791
v 281 179.137 72.791
v 281 179.149 60.403
v 281 179.149 72.403
v 281 181.851 60.403
v 281 181.851 72.403
v 281 181.863 60.791
v 281 181.863 72.791
v 281 181.887 60.017
v 281 181.887 72.017
v 281 181.923 61.174
v 281 181.923 73.174
v 281 181.97 59.638
v 281 181.97 71.638
v 281 182.029 61.547
v 281 182.029 73.547
v 281 182.099 59.272
v 281 182.099 71.272
v 281 182.18 61.904
v 281 182.18 73.904
v 281 182.272 58.925
v 281 182.272 70.925
v 281 182.374 62.24
v 281 182.374 74.24
v 281 182.486 58.602
v 281 182.486 70.602
v 281 182.608 62.549
v 281 182.608 74.549
v 281 182.739 58.307
v 281 182.739 70.307
v 281 182.878 62.828
v 281 182.878 74.828
v 281 183.025 58.046
v 281 183.025 70.046
v 281 183.18 63.071
v 281 183.18 75.071
v 281 183.342 57.822
v 281 183.342 69.822
v 281 183.51 63.275
v 281 183.51 75.275
v 281 183.683 57.638
v 281 183.683 69.638
v 281 183.862 63.437
v 281 183.862 75.437
v 281 184.045 57.498
v 281 184.045 69.498
v 281 184.232 63.555
v 281 184.232 75.555
v 281 184.421 57.404
v 281 184.421 69.404
v 281 184.613 63.626
v 281 184.613 75.626
v 281 184.806 57.356
v 281 184.806 69.356
v 281 185 63.65
v 281 185 75.65
v 281 185.194 57.356
v 281 185.194 69.356
v 281 185.387 63.626
v 281 185.387 75.626
v 281 185.579 57.404
v 281 185.579 69.404
v 281 185.768 63.555
v 281 185.768 75.555
v 281 185.955 57.498
v 281 185.955 69.498
v 281 186.138 63.437
v 281 186.138 75.437
v 281 186.317 57.638
v 281 186.317 69.638
v 281 186.49 63.275
v 281 186.49 75.275
v 281 186.658 57.822
v 281 186.658 69.822
v 281 186.82 63.071
v 281 186.82 75.071
v 281 186.975 58.046
v 281 186.975 70.046
v 281 187.122 62.828
v 281 187.122 74.828
v 281 187.261 58.307
v 281 187.261 70.307
v 281 187.392 62.549
v 281 187.392 74.549
v 281 187.514 58.602
v 281 187.514 70.602
v 281 187.626 62.24
v 281 187.626 74.24
v 281 187.728 58.925
v 281 187.728 70.925
v 281 187.82 61.904
v 281 187.82 73.904
v 281 187.901 59.272
v 281 187.901 71.272
v 281 187.971 61.547
v 281 187.971 73.547
v 281 188.03 59.638
v 281 188.03 71.638
v 281 188.077 61.174
v 281 188.077 73.174
v 281 188.113 60.017
v 281 188.113 72.017
v 281 188.137 60.791
v 281 188.137 72.791
v 281 188.149 60.403
v 281 188.149 72.403
v 281 190.851 60.403
v 281 190.851 72.403
v 281 190.863 60.791
v 281 190.863 72.791
v 281 190.887 60.017
v 281 190.887 72.017
v 281 190.923 61.174
v 281 190.923 73.174
v 281 190.97 59.638
v 281 190.97 71.638
v 281 191.029 61.547
v 281 191.029 73.547
v 281 191.099 59.272
v 281 191.099 71.272
v 281 191.18 61.904
v 281 191.18 73.904
v 281 191.272 58.925
v 281 191.272 70.925
v 281 191.374 62.24
v 281 191.374 74.24
v 281 191.486 58.602
v 281 191.486 70.602
v 281 191.608 62.549
v 281 191.608 74.549
v 281 191.739 58.307
v 281 191.739 70.307
v 281 191.878 62.828
v 281 191.878 74.828
v 281 192.025 58.046
v 281 192.025 70.046
v 281 192.18 63.071
v 281 192.18 75.071
v 281 192.342 57.822
v 281 192.342 69.822
v 281 192.51 63.275
v 281 192.51 75.275
v 281 192.683 57.638
v 281 192.683 69.638
v 281 192.862 63.437
v 281 192.862 75.437
v 281 193.045 57.498
v 281 193.045 69.498
v 281 193.232 63.555
v 281 193.232 75.555
v 281 193.421 57.404
v 281 193.421 69.404
v 281 193.613 63.626
v 281 193.613 75.626
v 281 193.806 57.356
v 281 193.806 69.356
v 281 194 63.65
v 281 194 75.65
v 281 194.194 57.356
v 281 194.194 69.356
v 281 194.387 63.626
v 281 194.387 75.626
v 281 194.579 57.404
v 281 194.579 69.404
v 281 194.768 63.555
v 281 194.768 75.555
v 281 194.955 57.498
v 281 194.955 69.498
v 281 195.138 63.437
v 281 195.138 75.437
v 281 195.317 57.638
v 281 195.317 69.638
v 281 195.49 63.275
v 281 195.49 75.275
v 281 195.658 57.822
v 281 195.658 69.822
v 281 195.82 63.071
v 281 195.82 75.071
v 281 195.975 58.046
v 281 195.975 70.046
v 281 196.122 62.828
v 281 196.122 74.828
v 281 196.261 58.307
v 281 196.261 70.307
v 281 196.392 62.549
v 281 196.392 74.549
v 281 196.514 58.602
v 281 196.514 70.602
v 281 196.626 62.24
v 281 196.626 74.24
v 281 196.728 58.925
v 281 196.728 70.925
v 281 196.82 61.904
v 281 196.82 73.904
v 281 196.901 59.272
v 281 196.901 71.272
v 281 196.971 61.547
v 281 196.971 73.547
v 281 197.03 59.638
v 281 197.03 71.638
v 281 197.077 61.174
v 281 197.077 73.174
v 281 197.113 60.017
v 281 197.113 72.017
v 281 197.137 60.791
v 281 197.137 72.791
v 281 197.149 60.403
v 281 197.149 72.403
v 281 268.851 60.403
v 281 268.851 72.403
v 281 268.863 60.791
v 281 268.863 72.791
v 281 268.887 60.017
v 281 268.887 72.017
v 281 268.923 61.174
v 281 268.923 73.174
v 281 268.97 59.638
v 281 268.97 71.638
v 281 269.029 61.547
v 281 269.029 73.547
v 281 269.099 59.272
v 281 269.099 71.272
v 281 269.18 61.904
v 281 269.18 73.904
v 281 269.272 58.925
v 281 269.272 70.925
v 281 269.374 62.24
v 281 269.374 74.24
v 281 269.486 58.602
v 281 269.486 70.602
v 281 269.608 62.549
v 281 269.608 74.549
v 281 269.739 58.307
v 281 269.739 70.307
v 281 269.878 62.828
v 281 269.878 74.828
v 281 270.025 58.046
v 281 270.025 70.046
v 281 270.18 63.071
v 281 270.18 75.071
v 281 270.342 57.822
v 281 270.342 69.822
v 281 270.51 63.275
v 281 270.51 75.275
v 281 270.683 57.638
v 281 270.683 69.638
v 281 270.862 63.437
v 281 270.862 75.437
v 281 271.045 57.498
v 281 271.045 69.498
v 281 271.232 63.555
v 281 271.232 75.555
v 281 271.421 57.404
v 281 271.421 69.404
v 281 271.613 63.626
v 281 271.613 75.626
v 281 271.806 57.356
v 281 271.806 69.356
v 281 272 63.65
v 281 272 75.65
v 281 272.194 57.356
v 281 272.194 69.356
v 281 272.387 63.626
v 281 272.387 75.626
v 281 272.579 57.404
v 281 272.579 69.404
v 281 272.768 63.555
v 281 272.768 75.555
v 281 272.955 57.498
v 281 272.955 69.498
v 281 273.138 63.437
v 281 273.138 75.437
v 281 273.317 57.638
v 281 273.317 69.638
v 281 273.49 63.275
v 281 273.49 75.275
v 281 273.658 57.822
v 281 273.658 69.822
v 281 273.82 63.071
v 281 273.82 75.071
v 281 273.975 58.046
v 281 273.975 70.046
v 281 274.122 62.828
v 281 274.122 74.828
v 281 274.261 58.307
v 281 274.261 70.307
v 281 274.392 62.549
v 281 274.392 74.549
v 281 274.514 58.602
v 281 274.514 70.602
v 281 274.626 62.24
v 281 274.626 74.24
v 281 274.728 58.925
v 281 274.728 70.925
v 281 274.82 61.904
v 281 274.82 73.904
v 281 274.901 59.272
v 281 274.901 71.272
v 281 274.971 61.547
v 281 274.971 73.547
v 281 275.03 59.638
v 281 275.03 71.638
v 281 275.077 61.174
v 281 275.077 73.174
v 281 275.113 60.017
v 281 275.113 72.017
v 281 275.137 60.791
v 281 275.137 72.791
v 281 275.149 60.403
v 281 275.149 72.403
v 281 277.851 60.403
v 281 277.851 72.403
v 281 277.863 60.791
v 281 277.863 72.791
v 281 277.887 60.017
v 281 277.887 72.017
v 281 277.923 61.174
v 281 277.923 73.174
v 281 277.97 59.638
v 281 277.97 71.638
v 281 278.029 61.547
v 281 278.029 73.547
v 281 278.099 59.272
v 281 278.099 71.272
v 281 278.18 61.904
v 281 278.18 73.904
v 281 278.272 58.925
v 281 278.272 70.925
v 281 278.374 62.24
v 281 278.374 74.24
v 281 278.486 58.602
v 281 278.486 70.602
v 281 278.608 62.549
v 281 278.608 74.549
v 281 278.739 58.307
v 281 278.739 70.307
v 281 278.878 62.828
v 281 278.878 74.828
v 281 279.025 58.046
v 281 279.025 70.046
v 281 279.18 63.071
v 281 279.18 75.071
v 281 279.342 57.822
v 281 279.342 69.822
v 281 279.51 63.275
v 281 279.51 75.275
v 281 279.683 57.638
v 281 279.683 69.638
v 281 279.862 63.437
v 281 279.862 75.437
v 281 280.045 57.498
v 281 280.045 69.498
v 281 280.232 63.555
v 281 280.232 75.555
v 281 280.421 57.404
v 281 280.421 69.404
v 281 280.613 63.626
v 281 280.613 75.626
v 281 280.806 57.356
v 281 280.806 69.356
v 281 281 63.65
v 281 281 75.65
v 281 281.194 57.356
v 281 281.194 69.356
v 281 281.387 63.626
v 281 281.387 75.626
v 281 281.579 57.404
v 281 281.579 69.404
v 281 281.768 63.555
v 281 281.768 75.555
v 281 281.955 57.498
v 281 281.955 69.498
v 281 282.138 63.437
v 281 282.138 75.437
v 281 282.317 57.638
v 281 282.317 69.638
v 281 282.49 63.275
v 281 282.49 75.275
v 281 282.658 57.822
v 281 282.658 69.822
v 281 282.82 63.071
v 281 282.82 75.071
v 281 282.975 58.046
v 281 282.975 70.046
v 281 283.122 62.828
v 281 283.122 74.828
v 281 283.261 58.307
v 281 283.261 70.307
v 281 283.392 62.549
v 281 283.392 74.549
v 281 283.514 58.602
v 281 283.514 70.602
v 281 283.626 62.24
v 281 283.626 74.24
v 281 283.728 58.925
v 281 283.728 70.925
v 281 283.82 61.904
v 281 283.82 73.904
v 281 283.901 59.272
v 281 283.901 71.272
v 281 283.971 61.547
v 281 283.971 73.547
v 281 284.03 59.638
v 281 284.03 71.638
v 281 284.077 61.174
v 281 284.077 73.174
v 281 284.113 60.017
v 281 284.113 72.017
v 281 284.137 60.791
v 281 284.137 72.791
v 281 284.149 60.403
v 281 284.149 72.403
v 281 286.851 60.403
v 281 286.851 72.403
v 281 286.863 60.791
v 281 286.863 72.791
v 281 286.887 60.017
v 281 286.887 72.017
v 281 286.923 61.174
v 281 286.923 73.174
v 281 286.97 59.638
v 281 286.97 71.638
v 281 287.029 61.547
v 281 287.029 73.547
v 281 287.099 59.272
v 281 287.099 71.272
v 281 287.18 61.904
v 281 287.18 73.904
v 281 287.272 58.925
v 281 287.272 70.925
v 281 287.374 62.24
v 281 287.374 74.24
v 281 287.486 58.602
v 281 287.486 70.602
v 281 287.608 62.549
v 281 287.608 74.549
v 281 287.739 58.307
v 281 287.739 70.307
v 281 287.878 62.828
v 281 287.878 74.828
v 281 288.025 58.046
v 281 288.025 70.046
v 281 288.18 63.071
v 281 288.18 75.071
v 281 288.342 57.822
v 281 288.342 69.822
v 281 288.51 63.275
v 281 288.51 75.275
v 281 288.683 57.638
v 281 288.683 69.638
v 281 288.862 63.437
v 281 288.862 75.437
v 281 289.045 57.498
v 281 289.045 69.498
v 281 289.232 63.555
v 281 289.232 75.555
v 281 289.421 57.404
v 281 289.421 69.404
v 281 289.613 63.626
v 281 289.613 75.626
v 281 289.806 57.356
v 281 289.806 69.356
v 281 290 63.65
v 281 290 75.65
v 281 290.194 57.356
v 281 290.194 69.356
v 281 290.387 63.626
v 281 290.387 75.626
v 281 290.579 57.404
v 281 290.579 69.404
v 281 290.768 63.555
v 281 290.768 75.555
v 281 290.955 57.498
v 281 290.955 69.498
v 281 291.138 63.437
v 281 291.138 75.437
v 281 291.317 57.638
v 281 291.317 69.638
v 281 291.49 63.275
v 281 291.49 75.275
v 281 291.658 57.822
v 281 291.658 69.822
v 281 291.82 63.071
v 281 291.82 75.071
v 281 291.975 58.046
v 281 291.975 70.046
v 281 292.122 62.828
v 281 292.122 74.828
v 281 292.261 58.307
v 281 292.261 70.307
v 281 292.392 62.549
v 281 292.392 74.549
v 281 292.514 58.602
v 281 292.514 70.602
v 281 292.626 62.24
v 281 292.626 74.24
v 281 292.728 58.925
v 281 292.728 70.925
v 281 292.82 61.904
v 281 292.82 73.904
v 281 292.901 59.272
v 281 292.901 71.272
v 281 292.971 61.547
v 281 292.971 73.547
v 281 293.03 59.638
v 281 293.03 71.638
v 281 293.077 61.174
v 281 293.077 73.174
v 281 293.113 60.017
v 281 293.113 72.017
v 281 293.137 60.791
v 281 293.137 72.791
v 281 293.149 60.403
v 281 293.149 72.403
v 281 300.851 60.403
v 281 300.851 72.403
v 281 300.863 60.791
v 281 300.863 72.791
v 281 300.887 60.017
v 281 300.887 72.017
v 281 300.923 61.174
v 281 300.923 73.174
v 281 300.97 59.638
v 281 300.97 71.638
v 281 301.029 61.547
v 281 301.029 73.547
v 281 301.099 59.272
v 281 301.099 71.272
v 281 301.18 61.904
v 281 301.18 73.904
v 281 301.272 58.925
v 281 301.272 70.925
v 281 301.374 62.24
v 281 301.374 74.24
v 281 301.486 58.602
v 281 301.486 70.602
v 281 301.608 62.549
v 281 301.608 74.549
v 281 301.739 58.307
v 281 301.739 70.307
v 281 301.878 62.828
v 281 301.878 74.828
v 281 302.025 58.046
v 281 302.025 70.046
v 281 302.18 63.071
v 281 302.18 75.071
v 281 302.342 57.822
v 281 302.342 69.822
v 281 302.51 63.275
v 281 302.51 75.275
v 281 302.683 57.638
v 281 302.683 69.638
v 281 302.862 63.437
v 281 302.862 75.437
v 281 303.045 57.498
v 281 303.045 69.498
v 281 303.232 63.555
v 281 303.232 75.555
v 281 303.421 57.404
v 281 303.421 69.404
v 281 303.613 63.626
v 281 303.613 75.626
v 281 303.806 57.356
v 281 303.806 69.356
v 281 304 63.65
v 281 304 75.65
v 281 304.194 57.356
v 281 304.194 69.356
v 281 304.387 63.626
v 281 304.387 75.626
v 281 304.579 57.404
v 281 304.579 69.404
v 281 304.768 63.555
v 281 304.768 75.555
v 281 304.955 57.498
v 281 304.955 69.498
v 281 305.138 63.437
v 281 305.138 75.437
v 281 305.317 57.638
v 281 305.317 69.638
v 281 305.49 63.275
v 281 305.49 75.275
v 281 305.658 57.822
v 281 305.658 69.822
v 281 305.82 63.071
v 281 305.82 75.071
v 281 305.975 58.046
v 281 305.975 70.046
v 281 306.122 62.828
v 281 306.122 74.828
v 281 306.261 58.307
v 281 306.261 70.307
v 281 306.392 62.549
v 281 306.392 74.549
v 281 306.514 58.602
v 281 306.514 70.602
v 281 306.626 62.24
v 281 306.626 74.24
v 281 306.728 58.925
v 281 306.728 70.925
v 281 306.82 61.904
v 281 306.82 73.904
v 281 306.901 59.272
v 281 306.901 71.272
v 281 306.971 61.547
v 281 306.971 73.547
v 281 307.03 59.638
v 281 307.03 71.638
v 281 307.077 61.174
v 281 307.077 73.174
v 281 307.113 60.017
v 281 307.113 72.017
v 281 307.137 60.791
v 281 307.137 72.791
v 281 307.149 60.403
v 281 307.149 72.403
v 281 309.851 60.403
v 281 309.851 72.403
v 281 309.863 60.791
v 281 309.863 72.791
v 281 309.887 60.017
v 281 309.887 72.017
v 281 309.923 61.174
v 281 309.923 73.174
v 281 309.97 59.638
v 281 309.97 71.638
v 281 310.029 61.547
v 281 310.029 73.547
v 281 310.099 59.272
v 281 310.099 71.272
v 281 310.18 61.904
v 281 310.18 73.904
v 281 310.272 58.925
v 281 310.272 70.925
v 281 310.374 62.24
v 281 310.374 74.24
v 281 310.486 58.602
v 281 310.486 70.602
v 281 310.608 62.549
v 281 310.608 74.549
v 281 310.739 58.307
v 281 310.739 70.307
v 281 310.878 62.828
v 281 310.878 74.828
v 281 311.025 58.046
v 281 311.025 70.046
v 281 311.18 63.071
v 281 311.18 75.071
v 281 311.342 57.822
v 281 311.342 69.822
v 281 311.51 63.275
v 281 311.51 75.275
v 281 311.683 57.638
v 281 311.683 69.638
v 281 311.862 63.437
v 281 311.862 75.437
v 281 312.045 57.498
v 281 312.045 69.498
v 281 312.232 63.555
v 281 312.232 75.555
v 281 312.421 57.404
v 281 312.421 69.404
v 281 312.613 63.626
v 281 312.613 75.626
v 281 312.806 57.356
v 281 312.806 69.356
v 281 313 63.65
v 281 313 75.65
v 281 313.194 57.356
v 281 313.194 69.356
v 281 313.387 63.626
v 281 313.387 75.626
v 281 313.579 57.404
v 281 313.579 69.404
v 281 313.768 63.555
v 281 313.768 75.555
v 281 313.955 57.498
v 281 313.955 69.498
v 281 314.138 63.437
v 281 314.138 75.437
v 281 314.317 57.638
v 281 314.317 69.638
v 281 314.49 63.275
v 281 314.49 75.275
v 281 314.658 57.822
v 281 314.658 69.822
v 281 314.82 63.071
v 281 314.82 75.071
v 281 314.975 58.046
v 281 314.975 70.046
v 281 315.122 62.828
v 281 315.122 74.828
v 281 315.261 58.307
v 281 315.261 70.307
v 281 315.392 62.549
v 281 315.392 74.549
v 281 315.514 58.602
v 281 315.514 70.602
v 281 315.626 62.24
v 281 315.626 74.24
v 281 315.728 58.925
v 281 315.728 70.925
v 281 315.82 61.904
v 281 315.82 73.904
v 281 315.901 59.272
v 281 315.901 71.272
v 281 315.971 61.547
v 281 315.971 73.547
v 281 316.03 59.638
v 281 316.03 71.638
v 281 316.077 61.174
v 281 316.077 73.174
v 281 316.113 60.017
v 281 316.113 72.017
v 281 316.137 60.791
v 281 316.137 72.791
v 281 316.149 60.403
v 281 316.149 72.403
v 281 318.851 60.403
v 281 318.851 72.403
v 281 318.863 60.791
v 281 318.863 72.791
v 281 318.887 60.017
v 281 318.887 72.017
v 281 318.923 61.174
v 281 318.923 73.174
v 281 318.97 59.638
v 281 318.97 71.638
v 281 319.029 61.547
v 281 319.029 73.547
v 281 319.099 59.272
v 281 319.099 71.272
v 281 319.18 61.904
v 281 319.18 73.904
v 281 319.272 58.925
v 281 319.272 70.925
v 281 319.374 62.24
v 281 319.374 74.24
v 281 319.486 58.602
v 281 319.486 70.602
v 281 319.608 62.549
v 281 319.608 74.549
v 281 319.739 58.307
v 281 319.739 70.307
v 281 319.878 62.828
v 281 319.878 74.828
v 281 320.025 58.046
v 281 320.025 70.046
v 281 320.18 63.071
v 281 320.18 75.071
v 281 320.342 57.822
v 281 320.342 69.822
v 281 320.51 63.275
v 281 320.51 75.275
v 281 320.683 57.638
v 281 320.683 69.638
v 281 320.862 63.437
v 281 320.862 75.437
v 281 321.045 57.498
v 281 321.045 69.498
v 281 321.232 63.555
v 281 321.232 75.555
v 281 321.421 57.404
v 281 321.421 69.404
v 281 321.613 63.626
v 281 321.613 75.626
v 281 321.806 57.356
v 281 321.806 69.356
v 281 322 63.65
v 281 322 75.65
v 281 322.194 57.356
v 281 322.194 69.356
v 281 322.387 63.626
v 281 322.387 75.626
v 281 322.579 57.404
v 281 322.579 69.404
v 281 322.768 63.555
v 281 322.768 75.555
v 281 322.955 57.498
v 281 322.955 69.498
v 281 323.138 63.437
v 281 323.138 75.437
v 281 323.317 57.638
v 281 323.317 69.638
v 281 323.49 63.275
v 281 323.49 75.275
v 281 323.658 57.822
v 281 323.658 69.822
v 281 323.82 63.071
v 281 323.82 75.071
v 281 323.975 58.046
v 281 323.975 70.046
v 281 324.122 62.828
v 281 324.122 74.828
v 281 324.261 58.307
v 281 324.261 70.307
v 281 324.392 62.549
v 281 324.392 74.549
v 281 324.514 58.602
v 281 324.514 70.602
v 281 324.626 62.24
v 281 324.626 74.24
v 281 324.728 58.925
v 281 324.728 70.925
v 281 324.82 61.904
v 281 324.82 73.904
v 281 324.901 59.272
v 281 324.901 71.272
v 281 324.971 61.547
v 281 324.971 73.547
v 281 325.03 59.638
v 281 325.03 71.638
v 281 325.077 61.174
v 281 325.077 73.174
v 281 325.113 60.017
v 281 325.113 72.017
v 281 325.137 60.791
v 281 325.137 72.791
v 281 325.149 60.403
v 281 325.149 72.403
v 281 332.851 60.403
v 281 332.851 72.403
v 281 332.863 60.791
v 281 332.863 72.791
v 281 332.887 60.017
v 281 332.887 72.017
v 281 332.923 61.174
v 281 332.923 73.174
v 281 332.97 59.638
v 281 332.97 71.638
v 281 333.029 61.547
v 281 333.029 73.547
v 281 333.099 59.272
v 281 333.099 71.272
v 281 333.18 61.904
v 281 333.18 73.904
v 281 333.272 58.925
v 281 333.272 70.925
v 281 333.374 62.24
v 281 333.374 74.24
v 281 333.486 58.602
v 281 333.486 70.602
v 281 333.608 62.549
v 281 333.608 74.549
v 281 333.739 58.307
v 281 333.739 70.307
v 281 333.878 62.828
v 281 333.878 74.828
v 281 334.025 58.046
v 281 334.025 70.046
v 281 334.18 63.071
v 281 334.18 75.071
v 281 334.342 57.822
v 281 334.342 69.822
v 281 334.51 63.275
v 281 334.51 75.275
v 281 334.683 57.638
v 281 334.683 69.638
v 281 334.862 63.437
v 281 334.862 75.437
v 281 335.045 57.498
v 281 335.045 69.498
v 281 335.232 63.555
v 281 335.232 75.555
v 281 335.421 57.404
v 281 335.421 69.404
v 281 335.613 63.626
v 281 335.613 75.626
v 281 335.806 57.356
v 281 335.806 69.356
v 281 336 63.65
v 281 336 75.65
v 281 336.194 57.356
v 281 336.194 69.356
v 281 336.387 63.626
v 281 336.387 75.626
v 281 336.579 57.404
v 281 336.579 69.404
v 281 336.768 63.555
v 281 336.768 75.555
v 281 336.955 57.498
v 281 336.955 69.498
v 281 337.138 63.437
v 281 337.138 75.437
v 281 337.317 57.638
v 281 337.317 69.638
v 281 337.49 63.275
v 281 337.49 75.275
v 281 337.658 57.822
v 281 337.658 69.822
v 281 337.82 63.071
v 281 337.82 75.071
v 281 337.975 58.046
v 281 337.975 70.046
v 281 338.122 62.828
v 281 338.122 74.828
v 281 338.261 58.307
v 281 338.261 70.307
v 281 338.392 62.549
v 281 338.392 74.549
v 281 338.514 58.602
v 281 338.514 70.602
v 281 338.626 62.24
v 281 338.626 74.24
v 281 338.728 58.925
v 281 338.728 70.925
v 281 338.82 61.904
v 281 338.82 73.904
v 281 338.901 59.272
v 281 338.901 71.272
v 281 338.971 61.547
v 281 338.971 73.547
v 281 339.03 59.638
v 281 339.03 71.638
v 281 339.077 61.174
v 281 339.077 73.174
v 281 339.113 60.017
v 281 339.113 72.017
v 281 339.137 60.791
v 281 339.137 72.791
v 281 339.149 60.403
v 281 339.149 72.403
v 281 341.851 60.403
v 281 341.851 72.403
v 281 341.863 60.791
v 281 341.863 72.791
v 281 341.887 60.017
v 281 341.887 72.017
v 281 341.923 61.174
v 281 341.923 73.174
v 281 341.97 59.638
v 281 341.97 71.638
v 281 342.029 61.547
v 281 342.029 73.547
v 281 342.099 59.272
v 281 342.099 71.272
v 281 342.18 61.904
v 281 342.18 73.904
v 281 342.272 58.925
v 281 342.272 70.925
v 281 342.374 62.24
v 281 342.374 74.24
v 281 342.486 58.602
v 281 342.486 70.602
v 281 342.608 62.549
v 281 342.608 74.549
v 281 342.739 58.307
v 281 342.739 70.307
v 281 342.878 62.828
v 281 342.878 74.828
v 281 343.025 58.046
v 281 343.025 70.046
v 281 343.18 63.071
v 281 343.18 75.071
v 281 343.342 57.822
v 281 343.342 69.822
v 281 343.51 63.275
v 281 343.51 75.275
v 281 343.683 57.638
v 281 343.683 69.638
v 281 343.862 63.437
v 281 343.862 75.437
v 281 344.045 57.498
v 281 344.045 69.498
v 281 344.232 63.555
v 281 344.232 75.555
v 281 344.421 57.404
v 281 344.421 69.404
v 281 344.613 63.626
v 281 344.613 75.626
v 281 344.806 57.356
v 281 344.806 69.356
v 281 345 63.65
v 281 345 75.65
v 281 345.194 57.356
v 281 345.194 69.356
v 281 345.387 63.626
v 281 345.387 75.626
v 281 345.579 57.404
v 281 345.579 69.404
v 281 345.768 63.555
v 281 345.768 75.555
v 281 345.955 57.498
v 281 345.955 69.498
v 281 346.138 63.437
v 281 346.138 75.437
v 281 346.317 57.638
v 281 346.317 69.638
v 281 346.49 63.275
v 281 346.49 75.275
v 281 346.658 57.822
v 281 346.658 69.822
v 281 346.82 63.071
v 281 346.82 75.071
v 281 346.975 58.046
v 281 346.975 70.046
v 281 347.122 62.828
v 281 347.122 74.828
v 281 347.261 58.307
v 281 347.261 70.307
v 281 347.392 62.549
v 281 347.392 74.549
v 281 347.514 58.602
v 281 347.514 70.602
v 281 347.626 62.24
v 281 347.626 74.24
v 281 347.728 58.925
v 281 347.728 70.925
v 281 347.82 61.904
v 281 347.82 73.904
v 281 347.901 59.272
v 281 347.901 71.272
v 281 347.971 61.547
v 281 347.971 73.547
v 281 348.03 59.638
v 281 348.03 71.638
v 281 348.077 61.174
v 281 348.077 73.174
v 281 348.113 60.017
v 281 348.113 72.017
v 281 348.137 60.791
v 281 348.137 72.791
v 281 348.149 60.403
v 281 348.149 72.403
v 281 350.851 60.403
v 281 350.851 72.403
v 281 350.863 60.791
v 281 350.863 72.791
v 281 350.887 60.017
v 281 350.887 72.017
v 281 350.923 61.174
v 281 350.923 73.174
v 281 350.97 59.638
v 281 350.97 71.638
v 281 351.029 61.547
v 281 351.029 73.547
v 281 351.099 59.272
v 281 351.099 71.272
v 281 351.18 61.904
v 281 351.18 73.904
v 281 351.272 58.925
v 281 351.272 70.925
v 281 351.374 62.24
v 281 351.374 74.24
v 281 351.486 58.602
v 281 351.486 70.602
v 281 351.608 62.549
v 281 351.608 74.549
v 281 351.739 58.307
v 281 351.739 70.307
v 281 351.878 62.828
v 281 351.878 74.828
v 281 352.025 58.046
v 281 352.025 70.046
v 281 352.18 63.071
v 281 352.18 75.071
v 281 352.342 57.822
v 281 352.342 69.822
v 281 352.51 63.275
v 281 352.51 75.275
v 281 352.683 57.638
v 281 352.683 69.638
v 281 352.862 63.437
v 281 352.862 75.437
v 281 353.045 57.498
v 281 353.045 69.498
v 281 353.232 63.555
v 281 353.232 75.555
v 281 353.421 57.404
v 281 353.421 69.404
v 281 353.613 63.626
v 281 353.613 75.626
v 281 353.806 57.356
v 281 353.806 69.356
v 281 354 63.65
v 281 354 75.65
v 281 354.194 57.356
v 281 354.194 69.356
v 281 354.387 63.626
v 281 354.387 75.626
v 281 354.579 57.404
v 281 354.579 69.404
v 281 354.768 63.555
v 281 354.768 75.555
v 281 354.955 57.498
v 281 354.955 69.498
v 281 355.138 63.437
v 281 355.138 75.437
v 281 355.317 57.638
v 281 355.317 69.638
v 281 355.49 63.275
v 281 355.49 75.275
v 281 355.658 57.822
v 281 355.658 69.822
v 281 355.82 63.071
v 281 355.82 75.071
v 281 355.975 58.046
v 281 355.975 70.046
v 281 356.122 62.828
v 281 356.122 74.828
v 281 356.261 58.307
v 281 356.261 70.307
v 281 356.392 62.549
v 281 356.392 74.549
v 281 356.514 58.602
v 281 356.514 70.602
v 281 356.626 62.24
v 281 356.626 74.24
v 281 356.728 58.925
v 281 356.728 70.925
v 281 356.82 61.904
v 281 356.82 73.904
v 281 356.901 59.272
v 281 356.901 71.272
v 281 356.971 61.547
v 281 356.971 73.547
v 281 357.03 59.638
v 281 357.03 71.638
v 281 357.077 61.174
v 281 357.077 73.174
v 281 357.113 60.017
v 281 357.113 72.017
v 281 357.137 60.791
v 281 357.137 72.791
v 281 357.149 60.403
v 281 357.149 72.403
v 281 396.851 60.403
v 281 396.851 72.403
v 281 396.863 60.791
v 281 396.863 72.791
v 281 396.887 60.017
v 281 396.887 72.017
v 281 396.923 61.174
v 281 396.923 73.174
v 281 396.97 59.638
v 281 396.97 71.638
v 281 397.029 61.547
v 281 397.029 73.547
v 281 397.099 59.272
v 281 397.099 71.272
v 281 397.18 61.904
v 281 397.18 73.904
v 281 397.272 58.925
v 281 397.272 70.925
v 281 397.374 62.24
v 281 397.374 74.24
v 281 397.486 58.602
v 281 397.486 70.602
v 281 397.608 62.549
v 281 397.608 74.549
v 281 397.739 58.307
v 281 397.739 70.307
v 281 397.878 62.828
v 281 397.878 74.828
v 281 398.025 58.046
v 281 398.025 70.046
v 281 398.18 63.071
v 281 398.18 75.071
v 281 398.342 57.822
v 281 398.342 69.822
v 281 398.51 63.275
v 281 398.51 75.275
v 281 398.683 57.638
v 281 398.683 69.638
v 281 398.862 63.437
v 281 398.862 75.437
v 281 399.045 57.498
v 281 399.045 69.498
v 281 399.232 63.555
v 281 399.232 75.555
v 281 399.421 57.404
v 281 399.421 69.404
v 281 399.613 63.626
v 281 399.613 75.626
v 281 399.806 57.356
v 281 399.806 69.356
v 281 400 63.65
v 281 400 75.65
v 281 400.194 57.356
v 281 400.194 69.356
v 281 400.387 63.626
v 281 400.387 75.626
v 281 400.579 57.404
v 281 400.579 69.404
v 281 400.768 63.555
v 281 400.768 75.555
v 281 400.955 57.498
v 281 400.955 69.498
v 281 401.138 63.437
v 281 401.138 75.437
v 281 401.317 57.638
v 281 401.317 69.638
v 281 401.49 63.275
v 281 401.49 75.275
v 281 401.658 57.822
v 281 401.658 69.822
v 281 401.82 63.071
v 281 401.82 75.071
v 281 401.975 58.046
v 281 401.975 70.046
v 281 402.122 62.828
v 281 402.122 74.828
v 281 402.261 58.307
v 281 402.261 70.307
v 281 402.392 62.549
v 281 402.392 74.549
v 281 402.514 58.602
v 281 402.514 70.602
v 281 402.626 62.24
v 281 402.626 74.24
v 281 402.728 58.925
v 281 402.728 70.925
v 281 402.82 61.904
v 281 402.82 73.904
v 281 402.901 59.272
v 281 402.901 71.272
v 281 402.971 61.547
v 281 402.971 73.547
v 281 403.03 59.638
v 281 403.03 71.638
v 281 403.077 61.174
v 281 403.077 73.174
v 281 403.113 60.017
v 281 403.113 72.017
v 281 403.137 60.791
v 281 403.137 72.791
v 281 403.149 60.403
v 281 403.149 72.403
v 281 405.851 60.403
v 281 405.851 72.403
v 281 405.863 60.791
v 281 405.863 72.791
v 281 405.887 60.017
v 281 405.887 72.017
v 281 405.923 61.174
v 281 405.923 73.174
v 281 405.97 59.638
v 281 405.97 71.638
v 281 406.029 61.547
v 281 406.029 73.547
v 281 406.099 59.272
v 281 406.099 71.272
v 281 406.18 61.904
v 281 406.18 73.904
v 281 406.272 58.925
v 281 406.272 70.925
v 281 406.374 62.24
v 281 406.374 74.24
v 281 406.486 58.602
v 281 406.486 70.602
v 281 406.608 62.549
v 281 406.608 74.549
v 281 406.739 58.307
v 281 406.739 70.307
v 281 406.878 62.828
v 281 406.878 74.828
v 281 407.025 58.046
v 281 407.025 70.046
v 281 407.18 63.071
v 281 407.18 75.071
v 281 407.342 57.822
v 281 407.342 69.822
v 281 407.51 63.275
v 281 407.51 75.275
v 281 407.683 57.638
v 281 407.683 69.638
v 281 407.862 63.437
v 281 407.862 75.437
v 281 408.045 57.498
v 281 408.045 69.498
v 281 408.232 63.555
v 281 408.232 75.555
v 281 408.421 57.404
v 281 408.421 69.404
v 281 408.613 63.626
v 281 408.613 75.626
v 281 408.806 57.356
v 281 408.806 69.356
v 281 409 63.65
v 281 409 75.65
v 281 409.194 57.356
v 281 409.194 69.356
v 281 409.387 63.626
v 281 409.387 75.626
v 281 409.579 57.404
v 281 409.579 69.404
v 281 409.768 63.555
v 281 409.768 75.555
v 281 409.955 57.498
v 281 409.955 69.498
v 281 410.138 63.437
v 281 410.138 75.437
v 281 410.317 57.638
v 281 410.317 69.638
v 281 410.49 63.275
v 281 410.49 75.275
v 281 410.658 57.822
v 281 410.658 69.822
v 281 410.82 63.071
v 281 410.82 75.071
v 281 410.975 58.046
v 281 410.975 70.046
v 281 411.122 62.828
v 281 411.122 74.828
v 281 411.261 58.307
v 281 411.261 70.307
v 281 411.392 62.549
v 281 411.392 74.549
v 281 411.514 58.602
v 281 411.514 70.602
v 281 411.626 62.24
v 281 411.626 74.24
v 281 411.728 58.925
v 281 411.728 70.925
v 281 411.82 61.904
v 281 411.82 73.904
v 281 411.901 59.272
v 281 411.901 71.272
v 281 411.971 61.547
v 281 411.971 73.547
v 281 412.03 59.638
v 281 412.03 71.638
v 281 412.077 61.174
v 281 412.077 73.174
v 281 412.113 60.017
v 281 412.113 72.017
v 281 412.137 60.791
v 281 412.137 72.791
v 281 412.149 60.403
v 281 412.149 72.403
v 281 414.851 60.403
v 281 414.851 72.403
v 281 414.863 60.791
v 281 414.863 72.791
v 281 414.887 60.017
v 281 414.887 72.017
v 281 414.923 61.174
v 281 414.923 73.174
v 281 414.97 59.638
v 281 414.97 71.638
v 281 415.029 61.547
v 281 415.029 73.547
v 281 415.099 59.272
v 281 415.099 71.272
v 281 415.18 61.904
v 281 415.18 73.904
v 281 415.272 58.925
v 281 415.272 70.925
v 281 415.374 62.24
v 281 415.374 74.24
v 281 415.486 58.602
v 281 415.486 70.602
v 281 415.608 62.549
v 281 415.608 74.549
v 281 415.739 58.307
v 281 415.739 70.307
v 281 415.878 62.828
v 281 415.878 74.828
v 281 416.025 58.046
v 281 416.025 70.046
v 281 416.18 63.071
v 281 416.18 75.071
v 281 416.342 57.822
v 281 416.342 69.822
v 281 416.51 63.275
v 281 416.51 75.275
v 281 416.683 57.638
v 281 416.683 69.638
v 281 416.862 63.437
v 281 416.862 75.437
v 281 417.045 57.498
v 281 417.045 69.498
v 281 417.232 63.555
v 281 417.232 75.555
v 281 417.421 57.404
v 281 417.421 69.404
v 281 417.613 63.626
v 281 417.613 75.626
v 281 417.806 57.356
v 281 417.806 69.356
v 281 418 63.65
v 281 418 75.65
v 281 418.194 57.356
v 281 418.194 69.356
v 281 418.387 63.626
v 281 418.387 75.626
v 281 418.579 57.404
v 281 418.579 69.404
v 281 418.768 63.555
v 281 418.768 75.555
v 281 418.955 57.498
v 281 418.955 69.498
v 281 419.138 63.437
v 281 419.138 75.437
v 281 419.317 57.638
v 281 419.317 69.638
v 281 419.49 63.275
v 281 419.49 75.275
v 281 419.658 57.822
v 281 419.658 69.822
v 281 419.82 63.071
v 281 419.82 75.071
v 281 419.975 58.046
v 281 419.975 70.046
v 281 420.122 62.828
v 281 420.122 74.828
v 281 420.261 58.307
v 281 420.261 70.307
v 281 420.392 62.549
v 281 420.392 74.549
v 281 420.514 58.602
v 281 420.514 70.602
v 281 420.626 62.24
v 281 420.626 74.24
v 281 420.728 58.925
v 281 420.728 70.925
v 281 420.82 61.904
v 281 420.82 73.904
v 281 420.901 59.272
v 281 420.901 71.272
v 281 420.971 61.547
v 281 420.971 73.547
v 281 421.03 59.638
v 281 421.03 71.638
v 281 421.077 61.174
v 281 421.077 73.174
v 281 421.113 60.017
v 281 421.113 72.017
v 281 421.137 60.791
v 281 421.137 72.791
v 281 421.149 60.403
v 281 421.149 72.403
v 281 429 36.25
v 281 429 81.95

vn -1 0 0
vn 0 -1 0
vn -0 -1 0.031
vn -0 -0.996 -0.092
vn -0 -0.988 0.153
vn -0 -0.977 -0.214
vn -0 -0.962 0.274
vn -0 -0.943 -0.332
vn -0 -0.921 0.39
vn -0 -0.895 -0.446
vn -0 -0.866 0.5
vn -0 -0.834 -0.552
vn -0 -0.798 0.603
vn -0 -0.759 -0.651
vn -0 -0.718 0.696
vn -0 -0.674 -0.739
vn -0 -0.627 0.779
vn -0 -0.578 -0.816
vn -0 -0.526 0.85
vn -0 -0.473 -0.881
vn -0 -0.418 0.908
vn -0 -0.361 -0.932
vn -0 -0.303 0.953
vn -0 -0.244 -0.97
vn -0 -0.184 0.983
vn -0 -0.123 -0.992
vn -0 -0.062 0.998
vn 0 0 -1
vn -0 -0 1
vn -0 0.062 0.998
vn -0 0.123 -0.992
vn -0 0.184 0.983
vn -0 0.244 -0.97
vn -0 0.303 0.953
vn -0 0.361 -0.932
vn -0 0.418 0.908
vn -0 0.473 -0.881
vn -0 0.526 0.85
vn -0 0.578 -0.816
vn -0 0.627 0.779
vn -0 0.674 -0.739
vn -0 0.718 0.696
vn -0 0.759 -0.651
vn -0 0.798 0.603
vn -0 0.834 -0.552
vn -0 0.866 0.5
vn -0 0.895 -0.446
vn -0 0.921 0.39
vn -0 0.943 -0.332
vn -0 0.962 0.274
vn -0 0.977 -0.214
vn -0 0.988 0.153
vn -0 0.996 -0.092
vn 0 1 0
vn -0 1 0.031
vn 1 0 0

vt 0 0
vt 0 0.02
vt 0 0.028
vt 0 0.032
vt 0 0.04
vt 0 0.044
vt 0 0.052
vt 0 0.059
vt 0 0.06
vt 0 0.074
vt 0 0.078
vt 0 0.08
vt 0 0.098
vt 0 0.1
vt 0 0.118
vt 0 0.12
vt 0 0.137
vt 0 0.14
vt 0 0.157
vt 0 0.16
vt 0 0.176
vt 0 0.18
vt 0 0.196
vt 0 0.2
vt 0 0.216
vt 0 0.22
vt 0 0.235
vt 0 0.24
vt 0 0.255
vt 0 0.26
vt 0 0.275
vt 0 0.28
vt 0 0.294
vt 0 0.3
vt 0 0.314
vt 0 0.32
vt 0 0.333
vt 0 0.34
vt 0 0.349
vt 0 0.353
vt 0 0.36
vt 0 0.373
vt 0 0.38
vt 0 0.392
vt 0 0.4
vt 0 0.412
vt 0 0.42
vt 0 0.431
vt 0 0.44
vt 0 0.451
vt 0 0.46
vt 0 0.465
vt 0 0.471
vt 0 0.48
vt 0 0.49
vt 0 0.493
vt 0 0.5
vt 0 0.501
vt 0 0.51
vt 0 0.52
vt 0 0.529
vt 0 0.535
vt 0 0.54
vt 0 0.549
vt 0 0.56
vt 0 0.569
vt 0 0.58
vt 0 0.588
vt 0 0.6
vt 0 0.608
vt 0 0.62
vt 0 0.627
vt 0 0.64
vt 0 0.647
vt 0 0.651
vt 0 0.66
vt 0 0.667
vt 0 0.68
vt 0 0.686
vt 0 0.7
vt 0 0.706
vt 0 0.717
vt 0 0.72
vt 0 0.725
vt 0 0.74
vt 0 0.745
vt 0 0.76
vt 0 0.765
vt 0 0.78
vt 0 0.784
vt 0 0.8
vt 0 0.804
vt 0 0.82
vt 0 0.824
vt 0 0.833
vt 0 0.84
vt 0 0.843
vt 0 0.86
vt 0 0.863
vt 0 0.88
vt 0 0.882
vt 0 0.9
vt 0 0.902
vt 0 0.92
vt 0 0.922
vt 0 0.94
vt 0 0.941
vt 0 0.948
vt 0 0.961
vt 0 0.972
vt 0 0.98
vt 0 1
vt 0.008 0
vt 0.008 0.234
vt 0.008 0.494
vt 0.008 0.717
vt 0.052 0.997
vt 0.052 1
vt 0.144 0.015
vt 0.145 0.028
vt 0.145 0.037
vt 0.145 0.039
vt 0.145 0.051
vt 0.145 0.06
vt 0.145 0.062
vt 0.145 0.073
vt 0.145 0.082
vt 0.145 0.084
vt 0.145 0.14
vt 0.145 0.142
vt 0.145 0.163
vt 0.145 0.165
vt 0.145 0.189
vt 0.145 0.212
vt 0.145 0.235
vt 0.145 0.27
vt 0.145 0.293
vt 0.145 0.316
vt 0.145 0.351
vt 0.145 0.36
vt 0.145 0.362
vt 0.145 0.374
vt 0.145 0.385
vt 0.145 0.383
vt 0.145 0.396
vt 0.145 0.408
vt 0.145 0.406
vt 0.145 0.593
vt 0.144 0.604
vt 0.145 0.616
vt 0.145 0.627
vt 0.145 0.625
vt 0.145 0.639
vt 0.145 0.648
vt 0.145 0.65
vt 0.145 0.683
vt 0.145 0.685
vt 0.145 0.706
vt 0.145 0.708
vt 0.144 0.73
vt 0.145 0.764
vt 0.145 0.766
vt 0.144 0.788
vt 0.145 0.812
vt 0.145 0.81
vt 0.145 0.836
vt 0.145 0.859
vt 0.145 0.917
vt 0.145 0.926
vt 0.145 0.928
vt 0.145 0.939
vt 0.145 0.949
vt 0.145 0.95
vt 0.145 0.962
vt 0.145 0.971
vt 0.145 0.973
vt 0.145 0.985
vt 0.146 0.013
vt 0.146 0.017
vt 0.145 0.027
vt 0.145 0.029
vt 0.146 0.036
vt 0.146 0.04
vt 0.145 0.05
vt 0.145 0.051
vt 0.146 0.059
vt 0.146 0.063
vt 0.145 0.072
vt 0.145 0.074
vt 0.145 0.188
vt 0.145 0.19
vt 0.145 0.211
vt 0.145 0.213
vt 0.145 0.234
vt 0.145 0.236
vt 0.145 0.269
vt 0.145 0.271
vt 0.145 0.292
vt 0.145 0.294
vt 0.145 0.315
vt 0.145 0.317
vt 0.145 0.35
vt 0.145 0.352
vt 0.145 0.373
vt 0.145 0.375
vt 0.145 0.395
vt 0.145 0.397
vt 0.145 0.592
vt 0.145 0.594
vt 0.145 0.615
vt 0.145 0.617
vt 0.145 0.638
vt 0.145 0.64
vt 0.145 0.835
vt 0.145 0.837
vt 0.145 0.858
vt 0.145 0.86
vt 0.145 0.916
vt 0.145 0.918
vt 0.145 0.938
vt 0.145 0.94
vt 0.145 0.961
vt 0.145 0.963
vt 0.145 0.984
vt 0.145 0.986
vt 0.147 0.026
vt 0.147 0.03
vt 0.147 0.049
vt 0.147 0.052
vt 0.147 0.071
vt 0.147 0.075
vt 0.146 0.081
vt 0.146 0.085
vt 0.146 0.139
vt 0.146 0.143
vt 0.146 0.162
vt 0.146 0.166
vt 0.147 0.187
vt 0.147 0.191
vt 0.147 0.21
vt 0.147 0.214
vt 0.147 0.233
vt 0.147 0.237
vt 0.147 0.268
vt 0.147 0.272
vt 0.147 0.291
vt 0.147 0.295
vt 0.147 0.314
vt 0.147 0.318
vt 0.147 0.349
vt 0.147 0.353
vt 0.146 0.359
vt 0.146 0.363
vt 0.147 0.372
vt 0.147 0.376
vt 0.146 0.382
vt 0.146 0.386
vt 0.147 0.395
vt 0.147 0.398
vt 0.146 0.405
vt 0.146 0.409
vt 0.147 0.591
vt 0.147 0.595
vt 0.146 0.602
vt 0.146 0.605
vt 0.147 0.614
vt 0.147 0.618
vt 0.146 0.624
vt 0.146 0.628
vt 0.147 0.637
vt 0.147 0.641
vt 0.146 0.647
vt 0.146 0.651
vt 0.146 0.682
vt 0.146 0.686
vt 0.146 0.705
vt 0.146 0.709
vt 0.146 0.728
vt 0.146 0.732
vt 0.146 0.763
vt 0.146 0.767
vt 0.146 0.786
vt 0.146 0.79
vt 0.146 0.809
vt 0.146 0.813
vt 0.147 0.834
vt 0.147 0.838
vt 0.147 0.857
vt 0.147 0.861
vt 0.147 0.915
vt 0.147 0.919
vt 0.146 0.925
vt 0.146 0.929
vt 0.147 0.937
vt 0.147 0.941
vt 0.146 0.948
vt 0.146 0.951
vt 0.147 0.96
vt 0.147 0.964
vt 0.146 0.97
vt 0.146 0.974
vt 0.147 0.983
vt 0.147 0.987
vt 0.149 0.012
vt 0.149 0.018
vt 0.15 0.025
vt 0.15 0.031
vt 0.149 0.035
vt 0.149 0.041
vt 0.15 0.048
vt 0.15 0.053
vt 0.149 0.058
vt 0.149 0.063
vt 0.15 0.07
vt 0.15 0.076
vt 0.149 0.08
vt 0.149 0.086
vt 0.149 0.139
vt 0.149 0.144
vt 0.149 0.161
vt 0.149 0.167
vt 0.15 0.187
vt 0.15 0.192
vt 0.15 0.209
vt 0.15 0.215
vt 0.15 0.232
vt 0.15 0.238
vt 0.15 0.267
vt 0.15 0.273
vt 0.15 0.29
vt 0.15 0.296
vt 0.15 0.313
vt 0.15 0.319
vt 0.15 0.348
vt 0.15 0.354
vt 0.149 0.358
vt 0.149 0.364
vt 0.15 0.371
vt 0.15 0.377
vt 0.149 0.381
vt 0.149 0.387
vt 0.15 0.394
vt 0.15 0.399
vt 0.149 0.404
vt 0.149 0.409
vt 0.15 0.591
vt 0.15 0.596
vt 0.149 0.601
vt 0.149 0.606
vt 0.15 0.613
vt 0.15 0.619
vt 0.149 0.623
vt 0.149 0.629
vt 0.15 0.636
vt 0.15 0.642
vt 0.149 0.646
vt 0.149 0.652
vt 0.149 0.681
vt 0.149 0.687
vt 0.149 0.704
vt 0.149 0.71
vt 0.149 0.727
vt 0.149 0.733
vt 0.149 0.762
vt 0.149 0.768
vt 0.149 0.785
vt 0.149 0.791
vt 0.149 0.808
vt 0.149 0.813
vt 0.15 0.833
vt 0.15 0.839
vt 0.15 0.856
vt 0.15 0.861
vt 0.15 0.914
vt 0.15 0.92
vt 0.149 0.924
vt 0.149 0.93
vt 0.15 0.937
vt 0.15 0.942
vt 0.149 0.947
vt 0.149 0.952
vt 0.15 0.959
vt 0.15 0.965
vt 0.149 0.969
vt 0.149 0.975
vt 0.15 0.982
vt 0.15 0.988
vt 0.153 0.011
vt 0.153 0.019
vt 0.153 0.024
vt 0.153 0.032
vt 0.153 0.034
vt 0.153 0.042
vt 0.153 0.047
vt 0.153 0.054
vt 0.153 0.057
vt 0.153 0.064
vt 0.153 0.069
vt 0.153 0.077
vt 0.153 0.08
vt 0.153 0.087
vt 0.153 0.138
vt 0.153 0.145
vt 0.153 0.16
vt 0.153 0.168
vt 0.153 0.186
vt 0.153 0.193
vt 0.153 0.208
vt 0.153 0.216
vt 0.153 0.231
vt 0.153 0.239
vt 0.153 0.266
vt 0.153 0.274
vt 0.153 0.289
vt 0.153 0.297
vt 0.153 0.312
vt 0.153 0.319
vt 0.153 0.347
vt 0.153 0.355
vt 0.153 0.357
vt 0.153 0.365
vt 0.153 0.37
vt 0.153 0.378
vt 0.153 0.38
vt 0.153 0.388
vt 0.153 0.393
vt 0.153 0.4
vt 0.153 0.403
vt 0.153 0.41
vt 0.153 0.59
vt 0.153 0.597
vt 0.153 0.6
vt 0.153 0.607
vt 0.153 0.612
vt 0.153 0.62
vt 0.153 0.622
vt 0.153 0.63
vt 0.153 0.635
vt 0.153 0.643
vt 0.153 0.645
vt 0.153 0.653
vt 0.153 0.681
vt 0.153 0.688
vt 0.153 0.703
vt 0.153 0.711
vt 0.153 0.726
vt 0.153 0.734
vt 0.153 0.761
vt 0.153 0.769
vt 0.153 0.784
vt 0.153 0.792
vt 0.153 0.807
vt 0.153 0.814
vt 0.153 0.832
vt 0.153 0.84
vt 0.153 0.855
vt 0.153 0.862
vt 0.153 0.913
vt 0.153 0.92
vt 0.153 0.923
vt 0.153 0.931
vt 0.153 0.936
vt 0.153 0.943
vt 0.153 0.946
vt 0.153 0.953
vt 0.153 0.958
vt 0.153 0.966
vt 0.153 0.968
vt 0.153 0.976
vt 0.153 0.981
vt 0.153 0.989
vt 0.157 0.011
vt 0.157 0.02
vt 0.158 0.023
vt 0.157 0.033
vt 0.157 0.042
vt 0.158 0.046
vt 0.157 0.056
vt 0.157 0.065
vt 0.158 0.069
vt 0.158 0.078
vt 0.157 0.088
vt 0.157 0.137
vt 0.157 0.146
vt 0.157 0.16
vt 0.157 0.169
vt 0.158 0.185
vt 0.158 0.194
vt 0.158 0.208
vt 0.158 0.217
vt 0.158 0.23
vt 0.158 0.239
vt 0.158 0.266
vt 0.158 0.275
vt 0.158 0.288
vt 0.158 0.298
vt 0.158 0.311
vt 0.158 0.32
vt 0.158 0.346
vt 0.157 0.357
vt 0.157 0.366
vt 0.158 0.369
vt 0.158 0.378
vt 0.157 0.388
vt 0.158 0.392
vt 0.158 0.401
vt 0.157 0.411
vt 0.158 0.589
vt 0.157 0.599
vt 0.157 0.608
vt 0.158 0.612
vt 0.158 0.621
vt 0.157 0.631
vt 0.158 0.634
vt 0.157 0.644
vt 0.157 0.654
vt 0.157 0.68
vt 0.157 0.689
vt 0.157 0.702
vt 0.157 0.712
vt 0.157 0.725
vt 0.157 0.734
vt 0.157 0.761
vt 0.157 0.77
vt 0.157 0.783
vt 0.157 0.792
vt 0.157 0.806
vt 0.157 0.815
vt 0.158 0.831
vt 0.158 0.84
vt 0.158 0.854
vt 0.158 0.863
vt 0.158 0.912
vt 0.158 0.921
vt 0.157 0.931
vt 0.158 0.935
vt 0.157 0.945
vt 0.157 0.954
vt 0.158 0.958
vt 0.157 0.968
vt 0.157 0.977
vt 0.158 0.98
vt 0.158 0.989
vt 0.163 0.01
vt 0.163 0.021
vt 0.164 0.022
vt 0.164 0.033
vt 0.163 0.043
vt 0.164 0.045
vt 0.164 0.056
vt 0.163 0.066
vt 0.164 0.068
vt 0.164 0.079
vt 0.163 0.089
vt 0.163 0.136
vt 0.163 0.147
vt 0.163 0.159
vt 0.163 0.17
vt 0.164 0.184
vt 0.164 0.195
vt 0.164 0.207
vt 0.164 0.217
vt 0.164 0.229
vt 0.164 0.24
vt 0.164 0.265
vt 0.164 0.276
vt 0.164 0.288
vt 0.164 0.298
vt 0.164 0.31
vt 0.164 0.321
vt 0.164 0.346
vt 0.163 0.356
vt 0.163 0.366
vt 0.164 0.368
vt 0.163 0.378
vt 0.163 0.389
vt 0.164 0.391
vt 0.163 0.401
vt 0.163 0.412
vt 0.164 0.588
vt 0.163 0.598
vt 0.163 0.609
vt 0.164 0.611
vt 0.164 0.622
vt 0.163 0.632
vt 0.164 0.634
vt 0.164 0.644
vt 0.163 0.654
vt 0.163 0.679
vt 0.163 0.69
vt 0.163 0.702
vt 0.163 0.712
vt 0.163 0.724
vt 0.163 0.735
vt 0.163 0.76
vt 0.163 0.771
vt 0.163 0.783
vt 0.163 0.793
vt 0.163 0.805
vt 0.163 0.816
vt 0.164 0.831
vt 0.164 0.841
vt 0.164 0.853
vt 0.164 0.864
vt 0.164 0.911
vt 0.164 0.922
vt 0.163 0.932
vt 0.164 0.934
vt 0.163 0.944
vt 0.163 0.955
vt 0.164 0.957
vt 0.164 0.967
vt 0.163 0.978
vt 0.164 0.979
vt 0.164 0.99
vt 0.169 0.009
vt 0.17 0.022
vt 0.169 0.032
vt 0.17 0.034
vt 0.17 0.044
vt 0.169 0.055
vt 0.17 0.057
vt 0.17 0.067
vt 0.169 0.077
vt 0.17 0.079
vt 0.169 0.089
vt 0.169 0.135
vt 0.169 0.147
vt 0.169 0.158
vt 0.169 0.17
vt 0.17 0.183
vt 0.17 0.195
vt 0.17 0.206
vt 0.17 0.218
vt 0.17 0.229
vt 0.17 0.241
vt 0.17 0.264
vt 0.17 0.276
vt 0.17 0.287
vt 0.17 0.299
vt 0.17 0.31
vt 0.17 0.322
vt 0.17 0.345
vt 0.169 0.355
vt 0.17 0.357
vt 0.17 0.368
vt 0.169 0.378
vt 0.17 0.38
vt 0.17 0.39
vt 0.169 0.401
vt 0.17 0.403
vt 0.169 0.413
vt 0.17 0.587
vt 0.169 0.597
vt 0.17 0.599
vt 0.169 0.61
vt 0.169 0.62
vt 0.17 0.622
vt 0.169 0.632
vt 0.169 0.643
vt 0.17 0.645
vt 0.169 0.655
vt 0.169 0.678
vt 0.169 0.69
vt 0.169 0.701
vt 0.169 0.713
vt 0.169 0.724
vt 0.169 0.736
vt 0.169 0.759
vt 0.169 0.771
vt 0.169 0.782
vt 0.169 0.794
vt 0.169 0.805
vt 0.169 0.817
vt 0.17 0.83
vt 0.17 0.842
vt 0.17 0.853
vt 0.17 0.865
vt 0.17 0.911
vt 0.169 0.921
vt 0.17 0.923
vt 0.169 0.933
vt 0.169 0.943
vt 0.17 0.945
vt 0.169 0.956
vt 0.169 0.966
vt 0.17 0.968
vt 0.17 0.979
vt 0.17 0.991
vt 0.176 0.009
vt 0.176 0.022
vt 0.176 0.031
vt 0.177 0.034
vt 0.176 0.045
vt 0.176 0.054
vt 0.177 0.057
vt 0.177 0.067
vt 0.176 0.077
vt 0.177 0.08
vt 0.176 0.09
vt 0.176 0.135
vt 0.176 0.148
vt 0.176 0.158
vt 0.176 0.171
vt 0.177 0.183
vt 0.177 0.196
vt 0.177 0.205
vt 0.177 0.219
vt 0.177 0.228
vt 0.177 0.241
vt 0.177 0.264
vt 0.177 0.277
vt 0.177 0.286
vt 0.177 0.3
vt 0.177 0.309
vt 0.177 0.322
vt 0.177 0.344
vt 0.176 0.354
vt 0.177 0.358
vt 0.176 0.368
vt 0.176 0.377
vt 0.177 0.38
vt 0.176 0.39
vt 0.176 0.4
vt 0.177 0.403
vt 0.176 0.413
vt 0.177 0.587
vt 0.176 0.597
vt 0.177 0.6
vt 0.176 0.61
vt 0.176 0.62
vt 0.177 0.623
vt 0.177 0.632
vt 0.176 0.642
vt 0.177 0.646
vt 0.176 0.656
vt 0.176 0.678
vt 0.176 0.691
vt 0.176 0.7
vt 0.176 0.714
vt 0.176 0.723
vt 0.176 0.736
vt 0.176 0.759
vt 0.176 0.772
vt 0.176 0.781
vt 0.176 0.795
vt 0.176 0.804
vt 0.176 0.817
vt 0.177 0.829
vt 0.177 0.842
vt 0.177 0.852
vt 0.177 0.865
vt 0.177 0.91
vt 0.176 0.92
vt 0.177 0.923
vt 0.177 0.933
vt 0.176 0.943
vt 0.177 0.946
vt 0.176 0.956
vt 0.176 0.966
vt 0.177 0.969
vt 0.176 0.979
vt 0.177 0.991
vt 0.184 0.008
vt 0.185 0.021
vt 0.184 0.022
vt 0.184 0.031
vt 0.185 0.035
vt 0.185 0.043
vt 0.184 0.045
vt 0.184 0.053
vt 0.185 0.058
vt 0.185 0.066
vt 0.184 0.068
vt 0.184 0.076
vt 0.185 0.08
vt 0.184 0.09
vt 0.184 0.134
vt 0.184 0.149
vt 0.184 0.157
vt 0.184 0.171
vt 0.185 0.182
vt 0.185 0.197
vt 0.185 0.205
vt 0.185 0.219
vt 0.185 0.228
vt 0.185 0.242
vt 0.185 0.263
vt 0.185 0.277
vt 0.185 0.286
vt 0.185 0.3
vt 0.185 0.309
vt 0.185 0.323
vt 0.185 0.344
vt 0.184 0.354
vt 0.185 0.358
vt 0.185 0.367
vt 0.184 0.368
vt 0.184 0.377
vt 0.185 0.381
vt 0.185 0.389
vt 0.184 0.391
vt 0.184 0.399
vt 0.185 0.404
vt 0.184 0.414
vt 0.185 0.586
vt 0.184 0.596
vt 0.185 0.601
vt 0.185 0.609
vt 0.184 0.611
vt 0.184 0.619
vt 0.185 0.623
vt 0.185 0.632
vt 0.184 0.633
vt 0.184 0.642
vt 0.185 0.646
vt 0.184 0.656
vt 0.184 0.677
vt 0.184 0.691
vt 0.184 0.7
vt 0.184 0.714
vt 0.184 0.723
vt 0.184 0.737
vt 0.184 0.758
vt 0.184 0.772
vt 0.184 0.781
vt 0.184 0.795
vt 0.184 0.803
vt 0.184 0.818
vt 0.185 0.829
vt 0.185 0.843
vt 0.185 0.851
vt 0.185 0.866
vt 0.185 0.91
vt 0.184 0.92
vt 0.185 0.924
vt 0.185 0.932
vt 0.184 0.934
vt 0.184 0.942
vt 0.185 0.947
vt 0.185 0.955
vt 0.184 0.957
vt 0.184 0.965
vt 0.185 0.969
vt 0.185 0.978
vt 0.184 0.979
vt 0.185 0.992
vt 0.192 0.008
vt 0.193 0.02
vt 0.192 0.023
vt 0.192 0.03
vt 0.193 0.035
vt 0.193 0.043
vt 0.192 0.045
vt 0.192 0.053
vt 0.193 0.058
vt 0.193 0.066
vt 0.192 0.068
vt 0.192 0.076
vt 0.193 0.081
vt 0.192 0.091
vt 0.192 0.134
vt 0.192 0.149
vt 0.192 0.157
vt 0.192 0.172
vt 0.193 0.182
vt 0.193 0.197
vt 0.193 0.205
vt 0.193 0.22
vt 0.193 0.227
vt 0.193 0.242
vt 0.193 0.263
vt 0.193 0.278
vt 0.193 0.285
vt 0.193 0.3
vt 0.193 0.308
vt 0.193 0.323
vt 0.193 0.344
vt 0.192 0.354
vt 0.193 0.359
vt 0.193 0.366
vt 0.192 0.369
vt 0.192 0.376
vt 0.193 0.381
vt 0.193 0.389
vt 0.192 0.391
vt 0.192 0.399
vt 0.193 0.404
vt 0.192 0.414
vt 0.193 0.586
vt 0.192 0.596
vt 0.193 0.601
vt 0.193 0.609
vt 0.192 0.611
vt 0.192 0.619
vt 0.193 0.624
vt 0.193 0.631
vt 0.192 0.634
vt 0.192 0.641
vt 0.193 0.646
vt 0.192 0.656
vt 0.192 0.677
vt 0.192 0.692
vt 0.192 0.7
vt 0.192 0.715
vt 0.192 0.722
vt 0.192 0.737
vt 0.192 0.758
vt 0.192 0.773
vt 0.192 0.78
vt 0.192 0.795
vt 0.192 0.803
vt 0.192 0.818
vt 0.193 0.828
vt 0.193 0.843
vt 0.193 0.851
vt 0.193 0.866
vt 0.193 0.909
vt 0.192 0.919
vt 0.193 0.924
vt 0.193 0.932
vt 0.192 0.934
vt 0.192 0.942
vt 0.193 0.947
vt 0.193 0.955
vt 0.192 0.957
vt 0.192 0.965
vt 0.193 0.97
vt 0.193 0.977
vt 0.192 0.98
vt 0.193 0.992
vt 0.201 0.007
vt 0.202 0.02
vt 0.201 0.023
vt 0.201 0.03
vt 0.202 0.036
vt 0.202 0.043
vt 0.201 0.046
vt 0.201 0.053
vt 0.202 0.058
vt 0.202 0.065
vt 0.201 0.068
vt 0.201 0.076
vt 0.202 0.081
vt 0.201 0.091
vt 0.201 0.134
vt 0.201 0.149
vt 0.201 0.156
vt 0.201 0.172
vt 0.202 0.182
vt 0.202 0.197
vt 0.202 0.204
vt 0.202 0.22
vt 0.202 0.227
vt 0.202 0.243
vt 0.202 0.262
vt 0.202 0.278
vt 0.202 0.285
vt 0.202 0.301
vt 0.202 0.308
vt 0.202 0.323
vt 0.202 0.343
vt 0.201 0.353
vt 0.202 0.359
vt 0.202 0.366
vt 0.201 0.369
vt 0.201 0.376
vt 0.202 0.382
vt 0.202 0.389
vt 0.201 0.392
vt 0.201 0.399
vt 0.202 0.404
vt 0.201 0.414
vt 0.202 0.586
vt 0.201 0.596
vt 0.202 0.601
vt 0.202 0.608
vt 0.201 0.611
vt 0.201 0.618
vt 0.202 0.624
vt 0.202 0.631
vt 0.201 0.634
vt 0.201 0.641
vt 0.202 0.647
vt 0.201 0.657
vt 0.201 0.677
vt 0.201 0.692
vt 0.201 0.699
vt 0.201 0.715
vt 0.201 0.722
vt 0.201 0.738
vt 0.201 0.757
vt 0.201 0.773
vt 0.201 0.78
vt 0.201 0.796
vt 0.201 0.803
vt 0.201 0.818
vt 0.202 0.828
vt 0.202 0.844
vt 0.202 0.851
vt 0.202 0.866
vt 0.202 0.909
vt 0.201 0.919
vt 0.202 0.924
vt 0.202 0.932
vt 0.201 0.935
vt 0.201 0.942
vt 0.202 0.947
vt 0.202 0.954
vt 0.201 0.957
vt 0.201 0.964
vt 0.202 0.97
vt 0.202 0.977
vt 0.201 0.98
vt 0.202 0.993
vt 0.21 0.007
vt 0.211 0.02
vt 0.21 0.023
vt 0.21 0.03
vt 0.211 0.036
vt 0.211 0.043
vt 0.21 0.046
vt 0.21 0.053
vt 0.211 0.058
vt 0.211 0.065
vt 0.21 0.069
vt 0.21 0.075
vt 0.211 0.081
vt 0.21 0.091
vt 0.21 0.133
vt 0.21 0.149
vt 0.21 0.156
vt 0.21 0.172
vt 0.211 0.181
vt 0.211 0.197
vt 0.211 0.204
vt 0.211 0.22
vt 0.211 0.227
vt 0.211 0.243
vt 0.211 0.262
vt 0.211 0.278
vt 0.211 0.285
vt 0.211 0.301
vt 0.211 0.308
vt 0.211 0.324
vt 0.211 0.343
vt 0.21 0.353
vt 0.211 0.359
vt 0.211 0.366
vt 0.21 0.369
vt 0.21 0.376
vt 0.211 0.382
vt 0.211 0.389
vt 0.21 0.392
vt 0.21 0.399
vt 0.211 0.404
vt 0.21 0.414
vt 0.211 0.586
vt 0.21 0.596
vt 0.211 0.601
vt 0.211 0.608
vt 0.21 0.611
vt 0.21 0.618
vt 0.211 0.624
vt 0.211 0.631
vt 0.21 0.634
vt 0.21 0.641
vt 0.211 0.647
vt 0.21 0.657
vt 0.21 0.676
vt 0.21 0.692
vt 0.21 0.699
vt 0.21 0.715
vt 0.21 0.722
vt 0.21 0.738
vt 0.21 0.757
vt 0.21 0.773
vt 0.21 0.78
vt 0.21 0.796
vt 0.21 0.803
vt 0.21 0.819
vt 0.211 0.828
vt 0.211 0.844
vt 0.211 0.851
vt 0.211 0.867
vt 0.211 0.909
vt 0.21 0.919
vt 0.211 0.925
vt 0.211 0.931
vt 0.21 0.935
vt 0.21 0.942
vt 0.211 0.947
vt 0.211 0.954
vt 0.21 0.957
vt 0.21 0.964
vt 0.211 0.97
vt 0.211 0.977
vt 0.21 0.98
vt 0.211 0.993
vt 0.218 0.007
vt 0.218 0.023
vt 0.218 0.03
vt 0.218 0.046
vt 0.218 0.053
vt 0.218 0.069
vt 0.218 0.075
vt 0.218 0.091
vt 0.218 0.133
vt 0.218 0.149
vt 0.218 0.156
vt 0.218 0.172
vt 0.218 0.353
vt 0.218 0.369
vt 0.218 0.376
vt 0.218 0.392
vt 0.218 0.399
vt 0.218 0.415
vt 0.218 0.596
vt 0.218 0.611
vt 0.218 0.618
vt 0.218 0.634
vt 0.218 0.641
vt 0.218 0.657
vt 0.218 0.676
vt 0.218 0.692
vt 0.218 0.699
vt 0.218 0.715
vt 0.218 0.722
vt 0.218 0.738
vt 0.218 0.757
vt 0.218 0.773
vt 0.218 0.78
vt 0.218 0.796
vt 0.218 0.803
vt 0.218 0.819
vt 0.218 0.919
vt 0.218 0.935
vt 0.218 0.942
vt 0.218 0.957
vt 0.218 0.964
vt 0.218 0.98
vt 0.219 0.02
vt 0.219 0.036
vt 0.219 0.043
vt 0.219 0.058
vt 0.219 0.065
vt 0.219 0.081
vt 0.219 0.181
vt 0.219 0.197
vt 0.219 0.204
vt 0.219 0.22
vt 0.219 0.227
vt 0.219 0.243
vt 0.219 0.262
vt 0.219 0.278
vt 0.219 0.285
vt 0.219 0.301
vt 0.219 0.308
vt 0.219 0.324
vt 0.219 0.343
vt 0.219 0.359
vt 0.219 0.366
vt 0.219 0.382
vt 0.219 0.389
vt 0.219 0.404
vt 0.219 0.585
vt 0.219 0.601
vt 0.219 0.608
vt 0.219 0.624
vt 0.219 0.631
vt 0.219 0.647
vt 0.219 0.828
vt 0.219 0.844
vt 0.219 0.851
vt 0.219 0.867
vt 0.219 0.909
vt 0.219 0.925
vt 0.219 0.931
vt 0.219 0.947
vt 0.219 0.954
vt 0.219 0.97
vt 0.219 0.977
vt 0.219 0.993
vt 0.227 0.007
vt 0.227 0.023
vt 0.227 0.03
vt 0.227 0.046
vt 0.227 0.053
vt 0.227 0.068
vt 0.227 0.075
vt 0.227 0.091
vt 0.227 0.134
vt 0.227 0.149
vt 0.227 0.156
vt 0.227 0.172
vt 0.227 0.353
vt 0.227 0.369
vt 0.227 0.376
vt 0.227 0.392
vt 0.227 0.399
vt 0.227 0.414
vt 0.227 0.596
vt 0.227 0.611
vt 0.227 0.618
vt 0.227 0.634
vt 0.227 0.641
vt 0.227 0.657
vt 0.227 0.676
vt 0.227 0.692
vt 0.227 0.699
vt 0.227 0.715
vt 0.227 0.722
vt 0.227 0.738
vt 0.227 0.757
vt 0.227 0.773
vt 0.227 0.78
vt 0.227 0.796
vt 0.227 0.803
vt 0.227 0.818
vt 0.227 0.919
vt 0.227 0.935
vt 0.227 0.942
vt 0.227 0.957
vt 0.227 0.964
vt 0.227 0.98
vt 0.228 0.02
vt 0.228 0.036
vt 0.228 0.043
vt 0.228 0.058
vt 0.228 0.065
vt 0.228 0.081
vt 0.228 0.182
vt 0.228 0.197
vt 0.228 0.204
vt 0.228 0.22
vt 0.228 0.227
vt 0.228 0.243
vt 0.228 0.262
vt 0.228 0.278
vt 0.228 0.285
vt 0.228 0.301
vt 0.228 0.308
vt 0.228 0.324
vt 0.228 0.343
vt 0.228 0.359
vt 0.228 0.366
vt 0.228 0.382
vt 0.228 0.389
vt 0.228 0.404
vt 0.228 0.586
vt 0.228 0.601
vt 0.228 0.608
vt 0.228 0.624
vt 0.228 0.631
vt 0.228 0.647
vt 0.228 0.828
vt 0.228 0.844
vt 0.228 0.851
vt 0.228 0.866
vt 0.228 0.909
vt 0.228 0.925
vt 0.228 0.932
vt 0.228 0.947
vt 0.228 0.954
vt 0.228 0.97
vt 0.228 0.977
vt 0.228 0.993
vt 0.233 0
vt 0.233 0.773
vt 0.233 0.833
vt 0.233 1
vt 0.236 0.008
vt 0.236 0.023
vt 0.236 0.03
vt 0.236 0.046
vt 0.236 0.053
vt 0.236 0.068
vt 0.236 0.076
vt 0.236 0.091
vt 0.236 0.134
vt 0.236 0.149
vt 0.236 0.156
vt 0.236 0.172
vt 0.236 0.353
vt 0.236 0.369
vt 0.236 0.376
vt 0.236 0.391
vt 0.236 0.399
vt 0.236 0.414
vt 0.236 0.596
vt 0.236 0.611
vt 0.236 0.619
vt 0.236 0.634
vt 0.236 0.641
vt 0.236 0.657
vt 0.236 0.677
vt 0.236 0.692
vt 0.236 0.699
vt 0.236 0.715
vt 0.236 0.722
vt 0.236 0.737
vt 0.236 0.758
vt 0.236 0.773
vt 0.236 0.78
vt 0.236 0.796
vt 0.236 0.803
vt 0.236 0.818
vt 0.236 0.919
vt 0.236 0.934
vt 0.236 0.942
vt 0.236 0.957
vt 0.236 0.965
vt 0.236 0.98
vt 0.237 0.02
vt 0.237 0.035
vt 0.237 0.043
vt 0.237 0.058
vt 0.237 0.066
vt 0.237 0.081
vt 0.237 0.182
vt 0.237 0.197
vt 0.237 0.204
vt 0.237 0.22
vt 0.237 0.227
vt 0.237 0.242
vt 0.237 0.263
vt 0.237 0.278
vt 0.237 0.285
vt 0.237 0.301
vt 0.237 0.308
vt 0.237 0.323
vt 0.237 0.343
vt 0.237 0.359
vt 0.237 0.366
vt 0.237 0.381
vt 0.237 0.389
vt 0.237 0.404
vt 0.237 0.586
vt 0.237 0.601
vt 0.237 0.609
vt 0.237 0.624
vt 0.237 0.631
vt 0.237 0.647
vt 0.237 0.828
vt 0.237 0.844
vt 0.237 0.851
vt 0.237 0.866
vt 0.237 0.909
vt 0.237 0.924
vt 0.237 0.932
vt 0.237 0.947
vt 0.237 0.954
vt 0.237 0.97
vt 0.237 0.977
vt 0.237 0.992
vt 0.244 0.008
vt 0.244 0.022
vt 0.244 0.031
vt 0.244 0.045
vt 0.244 0.053
vt 0.244 0.068
vt 0.244 0.076
vt 0.244 0.091
vt 0.244 0.134
vt 0.244 0.149
vt 0.244 0.157
vt 0.244 0.171
vt 0.244 0.354
vt 0.244 0.368
vt 0.244 0.377
vt 0.244 0.391
vt 0.244 0.399
vt 0.244 0.414
vt 0.244 0.596
vt 0.244 0.611
vt 0.244 0.619
vt 0.244 0.634
vt 0.244 0.642
vt 0.244 0.656
vt 0.244 0.677
vt 0.244 0.692
vt 0.244 0.7
vt 0.244 0.714
vt 0.244 0.722
vt 0.244 0.737
vt 0.244 0.758
vt 0.244 0.772
vt 0.244 0.781
vt 0.244 0.795
vt 0.244 0.803
vt 0.244 0.818
vt 0.244 0.919
vt 0.244 0.934
vt 0.244 0.942
vt 0.244 0.957
vt 0.244 0.965
vt 0.244 0.98
vt 0.245 0.02
vt 0.245 0.035
vt 0.245 0.043
vt 0.245 0.058
vt 0.245 0.066
vt 0.245 0.081
vt 0.245 0.182
vt 0.245 0.197
vt 0.245 0.205
vt 0.245 0.219
vt 0.245 0.228
vt 0.245 0.242
vt 0.245 0.263
vt 0.245 0.278
vt 0.245 0.286
vt 0.245 0.3
vt 0.245 0.308
vt 0.245 0.323
vt 0.245 0.344
vt 0.245 0.358
vt 0.245 0.366
vt 0.245 0.381
vt 0.245 0.389
vt 0.245 0.404
vt 0.245 0.586
vt 0.245 0.601
vt 0.245 0.609
vt 0.245 0.623
vt 0.245 0.632
vt 0.245 0.646
vt 0.245 0.829
vt 0.245 0.843
vt 0.245 0.851
vt 0.245 0.866
vt 0.245 0.909
vt 0.245 0.924
vt 0.245 0.932
vt 0.245 0.947
vt 0.245 0.955
vt 0.245 0.969
vt 0.245 0.978
vt 0.245 0.992
vt 0.252 0.008
vt 0.252 0.022
vt 0.252 0.031
vt 0.252 0.045
vt 0.252 0.054
vt 0.252 0.067
vt 0.252 0.076
vt 0.252 0.09
vt 0.252 0.135
vt 0.252 0.148
vt 0.252 0.157
vt 0.252 0.171
vt 0.252 0.354
vt 0.252 0.368
vt 0.252 0.377
vt 0.252 0.391
vt 0.252 0.4
vt 0.252 0.413
vt 0.252 0.597
vt 0.252 0.61
vt 0.252 0.619
vt 0.252 0.633
vt 0.252 0.642
vt 0.252 0.656
vt 0.252 0.677
vt 0.252 0.691
vt 0.252 0.7
vt 0.252 0.714
vt 0.252 0.723
vt 0.252 0.737
vt 0.252 0.758
vt 0.252 0.772
vt 0.252 0.781
vt 0.252 0.795
vt 0.252 0.804
vt 0.252 0.817
vt 0.252 0.92
vt 0.252 0.934
vt 0.252 0.943
vt 0.252 0.956
vt 0.252 0.965
vt 0.252 0.979
vt 0.253 0.021
vt 0.253 0.035
vt 0.253 0.044
vt 0.253 0.057
vt 0.253 0.066
vt 0.253 0.08
vt 0.253 0.183
vt 0.253 0.196
vt 0.253 0.205
vt 0.253 0.219
vt 0.253 0.228
vt 0.253 0.242
vt 0.253 0.263
vt 0.253 0.277
vt 0.253 0.286
vt 0.253 0.3
vt 0.253 0.309
vt 0.253 0.323
vt 0.253 0.344
vt 0.253 0.358
vt 0.253 0.367
vt 0.253 0.381
vt 0.253 0.39
vt 0.253 0.403
vt 0.253 0.587
vt 0.253 0.6
vt 0.253 0.609
vt 0.253 0.623
vt 0.253 0.632
vt 0.253 0.646
vt 0.253 0.829
vt 0.253 0.843
vt 0.253 0.852
vt 0.253 0.865
vt 0.253 0.91
vt 0.253 0.924
vt 0.253 0.933
vt 0.253 0.946
vt 0.253 0.955
vt 0.253 0.969
vt 0.253 0.978
vt 0.253 0.992
vt 0.26 0.009
vt 0.26 0.021
vt 0.26 0.032
vt 0.26 0.044
vt 0.26 0.054
vt 0.26 0.067
vt 0.26 0.077
vt 0.26 0.09
vt 0.26 0.135
vt 0.26 0.148
vt 0.26 0.158
vt 0.26 0.17
vt 0.26 0.355
vt 0.26 0.367
vt 0.26 0.377
vt 0.26 0.39
vt 0.26 0.4
vt 0.26 0.413
vt 0.26 0.597
vt 0.26 0.61
vt 0.26 0.62
vt 0.26 0.633
vt 0.26 0.643
vt 0.26 0.655
vt 0.26 0.678
vt 0.26 0.691
vt 0.26 0.701
vt 0.26 0.713
vt 0.26 0.723
vt 0.26 0.736
vt 0.26 0.759
vt 0.26 0.771
vt 0.26 0.782
vt 0.26 0.794
vt 0.26 0.804
vt 0.26 0.817
vt 0.26 0.92
vt 0.26 0.933
vt 0.26 0.943
vt 0.26 0.956
vt 0.26 0.966
vt 0.26 0.979
vt 0.261 0.021
vt 0.261 0.034
vt 0.261 0.044
vt 0.261 0.057
vt 0.261 0.067
vt 0.261 0.08
vt 0.261 0.183
vt 0.261 0.196
vt 0.261 0.206
vt 0.261 0.218
vt 0.261 0.229
vt 0.261 0.241
vt 0.261 0.264
vt 0.261 0.277
vt 0.261 0.287
vt 0.261 0.299
vt 0.261 0.309
vt 0.261 0.322
vt 0.261 0.345
vt 0.261 0.357
vt 0.261 0.367
vt 0.261 0.38
vt 0.261 0.39
vt 0.261 0.403
vt 0.261 0.587
vt 0.261 0.6
vt 0.261 0.61
vt 0.261 0.623
vt 0.261 0.633
vt 0.261 0.645
vt 0.261 0.83
vt 0.261 0.842
vt 0.261 0.852
vt 0.261 0.865
vt 0.261 0.91
vt 0.261 0.923
vt 0.261 0.933
vt 0.261 0.946
vt 0.261 0.956
vt 0.261 0.968
vt 0.261 0.979
vt 0.261 0.991
vt 0.266 0.009
vt 0.266 0.021
vt 0.266 0.032
vt 0.266 0.044
vt 0.266 0.055
vt 0.266 0.066
vt 0.266 0.078
vt 0.266 0.089
vt 0.266 0.136
vt 0.266 0.147
vt 0.266 0.158
vt 0.266 0.17
vt 0.266 0.355
vt 0.266 0.367
vt 0.266 0.378
vt 0.266 0.39
vt 0.266 0.401
vt 0.266 0.412
vt 0.266 0.598
vt 0.266 0.609
vt 0.266 0.621
vt 0.266 0.632
vt 0.266 0.643
vt 0.266 0.655
vt 0.266 0.679
vt 0.266 0.69
vt 0.266 0.701
vt 0.266 0.713
vt 0.266 0.724
vt 0.266 0.736
vt 0.266 0.759
vt 0.266 0.771
vt 0.266 0.782
vt 0.266 0.794
vt 0.266 0.805
vt 0.266 0.816
vt 0.266 0.921
vt 0.266 0.932
vt 0.266 0.944
vt 0.266 0.955
vt 0.266 0.967
vt 0.266 0.978
vt 0.268 0.022
vt 0.268 0.033
vt 0.268 0.045
vt 0.268 0.056
vt 0.268 0.068
vt 0.268 0.079
vt 0.268 0.184
vt 0.268 0.195
vt 0.268 0.206
vt 0.268 0.218
vt 0.268 0.229
vt 0.268 0.241
vt 0.268 0.264
vt 0.268 0.276
vt 0.268 0.287
vt 0.268 0.299
vt 0.268 0.31
vt 0.268 0.321
vt 0.268 0.345
vt 0.268 0.357
vt 0.268 0.368
vt 0.268 0.379
vt 0.268 0.391
vt 0.268 0.402
vt 0.268 0.588
vt 0.268 0.599
vt 0.268 0.61
vt 0.268 0.622
vt 0.268 0.633
vt 0.268 0.645
vt 0.268 0.83
vt 0.268 0.842
vt 0.268 0.853
vt 0.268 0.864
vt 0.268 0.911
vt 0.268 0.922
vt 0.268 0.934
vt 0.268 0.945
vt 0.268 0.956
vt 0.268 0.968
vt 0.268 0.979
vt 0.268 0.991
vt 0.272 0.01
vt 0.272 0.02
vt 0.272 0.033
vt 0.272 0.043
vt 0.272 0.056
vt 0.272 0.066
vt 0.272 0.078
vt 0.272 0.088
vt 0.272 0.136
vt 0.272 0.146
vt 0.272 0.159
vt 0.272 0.169
vt 0.272 0.356
vt 0.272 0.366
vt 0.272 0.379
vt 0.272 0.389
vt 0.272 0.402
vt 0.272 0.412
vt 0.272 0.599
vt 0.272 0.609
vt 0.272 0.621
vt 0.272 0.631
vt 0.272 0.644
vt 0.272 0.654
vt 0.272 0.679
vt 0.272 0.689
vt 0.272 0.702
vt 0.272 0.712
vt 0.272 0.725
vt 0.272 0.735
vt 0.272 0.76
vt 0.272 0.77
vt 0.272 0.783
vt 0.272 0.793
vt 0.272 0.806
vt 0.272 0.816
vt 0.272 0.922
vt 0.272 0.932
vt 0.272 0.945
vt 0.272 0.954
vt 0.272 0.967
vt 0.272 0.977
vt 0.274 0.023
vt 0.274 0.033
vt 0.274 0.046
vt 0.274 0.055
vt 0.274 0.068
vt 0.274 0.078
vt 0.274 0.184
vt 0.274 0.194
vt 0.274 0.207
vt 0.274 0.217
vt 0.274 0.23
vt 0.274 0.24
vt 0.274 0.265
vt 0.274 0.275
vt 0.274 0.288
vt 0.274 0.298
vt 0.274 0.311
vt 0.274 0.321
vt 0.274 0.346
vt 0.274 0.356
vt 0.274 0.369
vt 0.274 0.379
vt 0.274 0.391
vt 0.274 0.401
vt 0.274 0.588
vt 0.274 0.598
vt 0.274 0.611
vt 0.274 0.621
vt 0.274 0.634
vt 0.274 0.644
vt 0.274 0.831
vt 0.274 0.841
vt 0.274 0.854
vt 0.274 0.864
vt 0.274 0.912
vt 0.274 0.922
vt 0.274 0.934
vt 0.274 0.944
vt 0.274 0.957
vt 0.274 0.967
vt 0.274 0.98
vt 0.274 0.99
vt 0.278 0.011
vt 0.278 0.019
vt 0.278 0.034
vt 0.278 0.042
vt 0.278 0.056
vt 0.278 0.065
vt 0.278 0.079
vt 0.278 0.088
vt 0.278 0.137
vt 0.278 0.146
vt 0.278 0.16
vt 0.278 0.168
vt 0.278 0.357
vt 0.278 0.365
vt 0.278 0.38
vt 0.278 0.388
vt 0.278 0.402
vt 0.278 0.411
vt 0.278 0.599
vt 0.278 0.608
vt 0.278 0.622
vt 0.278 0.63
vt 0.278 0.645
vt 0.278 0.653
vt 0.278 0.68
vt 0.278 0.689
vt 0.278 0.703
vt 0.278 0.711
vt 0.278 0.726
vt 0.278 0.734
vt 0.278 0.761
vt 0.278 0.769
vt 0.278 0.784
vt 0.278 0.792
vt 0.278 0.806
vt 0.278 0.815
vt 0.278 0.923
vt 0.278 0.931
vt 0.278 0.945
vt 0.278 0.954
vt 0.278 0.968
vt 0.278 0.976
vt 0.279 0.024
vt 0.279 0.032
vt 0.279 0.046
vt 0.279 0.055
vt 0.279 0.069
vt 0.279 0.077
vt 0.279 0.185
vt 0.279 0.194
vt 0.279 0.208
vt 0.279 0.216
vt 0.279 0.231
vt 0.279 0.239
vt 0.279 0.266
vt 0.279 0.274
vt 0.279 0.289
vt 0.279 0.297
vt 0.279 0.311
vt 0.279 0.32
vt 0.279 0.347
vt 0.279 0.355
vt 0.279 0.37
vt 0.279 0.378
vt 0.279 0.392
vt 0.279 0.401
vt 0.279 0.589
vt 0.279 0.598
vt 0.279 0.612
vt 0.279 0.62
vt 0.279 0.635
vt 0.279 0.643
vt 0.279 0.832
vt 0.279 0.84
vt 0.279 0.854
vt 0.279 0.863
vt 0.279 0.912
vt 0.279 0.921
vt 0.279 0.935
vt 0.279 0.944
vt 0.279 0.958
vt 0.279 0.966
vt 0.279 0.981
vt 0.279 0.989
vt 0.282 0.012
vt 0.282 0.018
vt 0.282 0.035
vt 0.282 0.041
vt 0.282 0.057
vt 0.282 0.064
vt 0.282 0.08
vt 0.282 0.087
vt 0.282 0.138
vt 0.282 0.145
vt 0.282 0.161
vt 0.282 0.167
vt 0.282 0.358
vt 0.282 0.364
vt 0.282 0.381
vt 0.282 0.387
vt 0.282 0.403
vt 0.282 0.41
vt 0.282 0.6
vt 0.282 0.607
vt 0.282 0.623
vt 0.282 0.63
vt 0.282 0.646
vt 0.282 0.652
vt 0.282 0.681
vt 0.282 0.688
vt 0.282 0.704
vt 0.282 0.71
vt 0.282 0.726
vt 0.282 0.733
vt 0.282 0.762
vt 0.282 0.768
vt 0.282 0.785
vt 0.282 0.791
vt 0.282 0.807
vt 0.282 0.814
vt 0.282 0.923
vt 0.282 0.93
vt 0.282 0.946
vt 0.282 0.953
vt 0.282 0.969
vt 0.282 0.976
vt 0.283 0.024
vt 0.283 0.031
vt 0.283 0.047
vt 0.283 0.054
vt 0.283 0.07
vt 0.283 0.077
vt 0.283 0.186
vt 0.283 0.193
vt 0.283 0.209
vt 0.283 0.215
vt 0.283 0.232
vt 0.283 0.238
vt 0.283 0.267
vt 0.283 0.274
vt 0.283 0.29
vt 0.283 0.296
vt 0.283 0.312
vt 0.283 0.319
vt 0.283 0.348
vt 0.283 0.354
vt 0.283 0.37
vt 0.283 0.377
vt 0.283 0.393
vt 0.283 0.4
vt 0.283 0.59
vt 0.283 0.597
vt 0.283 0.613
vt 0.283 0.619
vt 0.283 0.636
vt 0.283 0.642
vt 0.283 0.833
vt 0.283 0.839
vt 0.283 0.855
vt 0.283 0.862
vt 0.283 0.913
vt 0.283 0.92
vt 0.283 0.936
vt 0.283 0.943
vt 0.283 0.959
vt 0.283 0.965
vt 0.283 0.982
vt 0.283 0.988
vt 0.285 0.013
vt 0.285 0.018
vt 0.285 0.035
vt 0.285 0.04
vt 0.285 0.058
vt 0.285 0.063
vt 0.285 0.081
vt 0.285 0.086
vt 0.285 0.139
vt 0.285 0.144
vt 0.285 0.162
vt 0.285 0.167
vt 0.285 0.359
vt 0.285 0.364
vt 0.285 0.381
vt 0.285 0.386
vt 0.285 0.404
vt 0.285 0.409
vt 0.285 0.601
vt 0.285 0.606
vt 0.285 0.624
vt 0.285 0.629
vt 0.285 0.647
vt 0.285 0.651
vt 0.285 0.682
vt 0.285 0.687
vt 0.285 0.705
vt 0.285 0.709
vt 0.285 0.727
vt 0.285 0.732
vt 0.285 0.763
vt 0.285 0.768
vt 0.285 0.785
vt 0.285 0.79
vt 0.285 0.808
vt 0.285 0.813
vt 0.285 0.924
vt 0.285 0.929
vt 0.285 0.947
vt 0.285 0.952
vt 0.285 0.97
vt 0.285 0.975
vt 0.287 0.014
vt 0.287 0.017
vt 0.286 0.025
vt 0.286 0.03
vt 0.287 0.036
vt 0.287 0.039
vt 0.286 0.048
vt 0.286 0.053
vt 0.287 0.059
vt 0.287 0.062
vt 0.286 0.071
vt 0.286 0.076
vt 0.287 0.082
vt 0.287 0.085
vt 0.287 0.14
vt 0.287 0.143
vt 0.287 0.163
vt 0.287 0.166
vt 0.286 0.187
vt 0.286 0.192
vt 0.286 0.21
vt 0.286 0.215
vt 0.286 0.232
vt 0.286 0.237
vt 0.286 0.268
vt 0.286 0.273
vt 0.286 0.291
vt 0.286 0.295
vt 0.286 0.313
vt 0.286 0.318
vt 0.286 0.349
vt 0.286 0.353
vt 0.287 0.36
vt 0.287 0.363
vt 0.286 0.371
vt 0.286 0.376
vt 0.287 0.382
vt 0.287 0.385
vt 0.286 0.394
vt 0.286 0.399
vt 0.287 0.405
vt 0.287 0.408
vt 0.286 0.591
vt 0.286 0.596
vt 0.287 0.602
vt 0.287 0.605
vt 0.286 0.614
vt 0.286 0.619
vt 0.287 0.625
vt 0.287 0.628
vt 0.286 0.636
vt 0.286 0.641
vt 0.287 0.648
vt 0.287 0.65
vt 0.287 0.683
vt 0.287 0.686
vt 0.287 0.706
vt 0.287 0.709
vt 0.287 0.728
vt 0.287 0.731
vt 0.287 0.764
vt 0.287 0.767
vt 0.287 0.786
vt 0.287 0.789
vt 0.287 0.809
vt 0.287 0.812
vt 0.286 0.833
vt 0.286 0.838
vt 0.286 0.856
vt 0.286 0.861
vt 0.286 0.914
vt 0.286 0.919
vt 0.287 0.925
vt 0.287 0.928
vt 0.286 0.937
vt 0.286 0.942
vt 0.287 0.948
vt 0.287 0.951
vt 0.286 0.96
vt 0.286 0.965
vt 0.287 0.971
vt 0.287 0.974
vt 0.286 0.982
vt 0.286 0.987
vt 0.288 0.015
vt 0.288 0.026
vt 0.288 0.029
vt 0.288 0.037
vt 0.288 0.049
vt 0.288 0.052
vt 0.288 0.06
vt 0.288 0.072
vt 0.288 0.075
vt 0.288 0.084
vt 0.288 0.142
vt 0.288 0.165
vt 0.288 0.188
vt 0.288 0.191
vt 0.288 0.211
vt 0.288 0.214
vt 0.288 0.233
vt 0.288 0.236
vt 0.288 0.269
vt 0.288 0.272
vt 0.288 0.291
vt 0.288 0.294
vt 0.288 0.314
vt 0.288 0.317
vt 0.288 0.35
vt 0.288 0.352
vt 0.288 0.362
vt 0.288 0.372
vt 0.288 0.375
vt 0.288 0.383
vt 0.288 0.395
vt 0.288 0.398
vt 0.288 0.406
vt 0.288 0.592
vt 0.288 0.595
vt 0.288 0.604
vt 0.288 0.615
vt 0.288 0.618
vt 0.288 0.626
vt 0.288 0.637
vt 0.288 0.64
vt 0.288 0.648
vt 0.288 0.685
vt 0.288 0.707
vt 0.288 0.729
vt 0.288 0.765
vt 0.288 0.788
vt 0.288 0.81
vt 0.288 0.834
vt 0.288 0.837
vt 0.288 0.857
vt 0.288 0.86
vt 0.288 0.915
vt 0.288 0.918
vt 0.288 0.927
vt 0.288 0.938
vt 0.288 0.941
vt 0.288 0.95
vt 0.288 0.961
vt 0.288 0.964
vt 0.288 0.972
vt 0.288 0.983
vt 0.288 0.986
vt 0.29 0.027
vt 0.29 0.051
vt 0.29 0.073
vt 0.29 0.19
vt 0.29 0.212
vt 0.29 0.234
vt 0.29 0.27
vt 0.29 0.292
vt 0.29 0.315
vt 0.29 0.351
vt 0.29 0.373
vt 0.29 0.396
vt 0.29 0.593
vt 0.29 0.616
vt 0.29 0.639
vt 0.29 0.835
vt 0.29 0.859
vt 0.29 0.916
vt 0.29 0.939
vt 0.29 0.963
vt 0.29 0.985
vt 0.365 0.234
vt 0.365 0.494
vt 0.4 0.349
vt 0.4 1
vt 0.403 0.074
vt 0.419 0.014
vt 0.419 0.039
vt 0.419 0.062
vt 0.419 0.06
vt 0.419 0.082
vt 0.419 0.084
vt 0.419 0.142
vt 0.419 0.14
vt 0.419 0.163
vt 0.419 0.165
vt 0.419 0.361
vt 0.419 0.385
vt 0.419 0.383
vt 0.419 0.406
vt 0.419 0.408
vt 0.419 0.604
vt 0.419 0.625
vt 0.419 0.627
vt 0.419 0.649
vt 0.419 0.683
vt 0.419 0.685
vt 0.419 0.708
vt 0.419 0.706
vt 0.419 0.729
vt 0.419 0.731
vt 0.419 0.765
vt 0.419 0.787
vt 0.419 0.789
vt 0.419 0.81
vt 0.419 0.812
vt 0.419 0.926
vt 0.419 0.928
vt 0.419 0.949
vt 0.419 0.95
vt 0.419 0.973
vt 0.419 0.971
vt 0.421 0.013
vt 0.421 0.027
vt 0.421 0.029
vt 0.421 0.04
vt 0.421 0.05
vt 0.421 0.051
vt 0.421 0.059
vt 0.421 0.063
vt 0.421 0.073
vt 0.421 0.081
vt 0.421 0.085
vt 0.421 0.139
vt 0.421 0.143
vt 0.421 0.162
vt 0.421 0.166
vt 0.421 0.19
vt 0.421 0.188
vt 0.421 0.212
vt 0.421 0.235
vt 0.421 0.269
vt 0.421 0.271
vt 0.421 0.292
vt 0.421 0.294
vt 0.421 0.317
vt 0.421 0.315
vt 0.421 0.35
vt 0.421 0.352
vt 0.421 0.359
vt 0.421 0.363
vt 0.421 0.373
vt 0.421 0.375
vt 0.421 0.382
vt 0.421 0.386
vt 0.421 0.397
vt 0.421 0.395
vt 0.421 0.405
vt 0.421 0.409
vt 0.421 0.592
vt 0.421 0.594
vt 0.421 0.602
vt 0.421 0.605
vt 0.421 0.615
vt 0.421 0.617
vt 0.421 0.624
vt 0.421 0.628
vt 0.421 0.638
vt 0.421 0.64
vt 0.421 0.647
vt 0.421 0.651
vt 0.421 0.682
vt 0.421 0.686
vt 0.421 0.705
vt 0.421 0.709
vt 0.421 0.728
vt 0.421 0.732
vt 0.421 0.763
vt 0.421 0.767
vt 0.421 0.786
vt 0.421 0.79
vt 0.421 0.809
vt 0.421 0.813
vt 0.421 0.835
vt 0.421 0.837
vt 0.421 0.858
vt 0.421 0.86
vt 0.421 0.917
vt 0.421 0.925
vt 0.421 0.929
vt 0.421 0.94
vt 0.421 0.938
vt 0.421 0.948
vt 0.421 0.951
vt 0.421 0.962
vt 0.421 0.97
vt 0.421 0.974
vt 0.421 0.986
vt 0.424 0.012
vt 0.423 0.026
vt 0.423 0.03
vt 0.424 0.041
vt 0.423 0.049
vt 0.423 0.052
vt 0.424 0.058
vt 0.424 0.063
vt 0.423 0.071
vt 0.423 0.075
vt 0.424 0.08
vt 0.424 0.086
vt 0.424 0.139
vt 0.424 0.144
vt 0.424 0.161
vt 0.424 0.167
vt 0.423 0.187
vt 0.423 0.191
vt 0.423 0.21
vt 0.423 0.214
vt 0.423 0.233
vt 0.423 0.237
vt 0.423 0.268
vt 0.423 0.272
vt 0.423 0.291
vt 0.423 0.295
vt 0.423 0.314
vt 0.423 0.318
vt 0.423 0.349
vt 0.423 0.353
vt 0.424 0.358
vt 0.424 0.364
vt 0.423 0.372
vt 0.423 0.376
vt 0.424 0.381
vt 0.424 0.387
vt 0.423 0.395
vt 0.423 0.398
vt 0.424 0.404
vt 0.424 0.409
vt 0.423 0.591
vt 0.423 0.595
vt 0.424 0.601
vt 0.424 0.606
vt 0.423 0.614
vt 0.423 0.618
vt 0.424 0.623
vt 0.424 0.629
vt 0.423 0.637
vt 0.423 0.641
vt 0.424 0.646
vt 0.424 0.652
vt 0.424 0.681
vt 0.424 0.687
vt 0.424 0.704
vt 0.424 0.71
vt 0.424 0.727
vt 0.424 0.733
vt 0.424 0.762
vt 0.424 0.768
vt 0.424 0.785
vt 0.424 0.791
vt 0.424 0.808
vt 0.424 0.813
vt 0.423 0.834
vt 0.423 0.838
vt 0.423 0.857
vt 0.423 0.861
vt 0.423 0.915
vt 0.423 0.919
vt 0.424 0.924
vt 0.424 0.93
vt 0.423 0.937
vt 0.423 0.941
vt 0.424 0.947
vt 0.424 0.952
vt 0.423 0.96
vt 0.424 0.969
vt 0.424 0.975
vt 0.423 0.987
vt 0.426 0.025
vt 0.426 0.031
vt 0.426 0.048
vt 0.426 0.053
vt 0.426 0.07
vt 0.426 0.076
vt 0.426 0.187
vt 0.426 0.192
vt 0.426 0.209
vt 0.426 0.215
vt 0.426 0.232
vt 0.426 0.238
vt 0.426 0.267
vt 0.426 0.273
vt 0.426 0.29
vt 0.426 0.296
vt 0.426 0.313
vt 0.426 0.319
vt 0.426 0.348
vt 0.426 0.354
vt 0.426 0.371
vt 0.426 0.377
vt 0.426 0.394
vt 0.426 0.399
vt 0.426 0.591
vt 0.426 0.596
vt 0.426 0.613
vt 0.426 0.619
vt 0.426 0.636
vt 0.426 0.642
vt 0.426 0.833
vt 0.426 0.839
vt 0.426 0.856
vt 0.426 0.861
vt 0.426 0.914
vt 0.426 0.92
vt 0.426 0.937
vt 0.426 0.942
vt 0.426 0.959
vt 0.426 0.988
vt 0.427 0.011
vt 0.427 0.042
vt 0.427 0.057
vt 0.427 0.064
vt 0.427 0.08
vt 0.427 0.087
vt 0.427 0.138
vt 0.427 0.145
vt 0.427 0.16
vt 0.427 0.168
vt 0.427 0.357
vt 0.427 0.365
vt 0.427 0.38
vt 0.427 0.388
vt 0.427 0.403
vt 0.427 0.41
vt 0.427 0.6
vt 0.427 0.607
vt 0.427 0.622
vt 0.427 0.63
vt 0.427 0.645
vt 0.427 0.653
vt 0.427 0.681
vt 0.427 0.688
vt 0.427 0.703
vt 0.427 0.711
vt 0.427 0.726
vt 0.427 0.734
vt 0.427 0.761
vt 0.427 0.769
vt 0.427 0.784
vt 0.427 0.792
vt 0.427 0.807
vt 0.427 0.814
vt 0.427 0.923
vt 0.427 0.931
vt 0.427 0.946
vt 0.427 0.953
vt 0.427 0.968
vt 0.427 0.976
vt 0.429 0
vt 0.429 0.024
vt 0.429 0.032
vt 0.429 0.047
vt 0.429 0.054
vt 0.429 0.069
vt 0.429 0.077
vt 0.429 0.186
vt 0.429 0.193
vt 0.429 0.208
vt 0.429 0.216
vt 0.429 0.231
vt 0.429 0.239
vt 0.429 0.266
vt 0.429 0.274
vt 0.429 0.289
vt 0.429 0.297
vt 0.429 0.312
vt 0.429 0.319
vt 0.429 0.347
vt 0.429 0.355
vt 0.429 0.37
vt 0.429 0.378
vt 0.429 0.393
vt 0.429 0.4
vt 0.429 0.59
vt 0.429 0.597
vt 0.429 0.612
vt 0.429 0.62
vt 0.429 0.635
vt 0.429 0.643
vt 0.429 0.832
vt 0.429 0.84
vt 0.429 0.855
vt 0.429 0.862
vt 0.429 0.913
vt 0.429 0.92
vt 0.429 0.936
vt 0.429 0.943
vt 0.429 0.958
vt 0.429 0.989
vt 0.432 0.011
vt 0.432 0.042
vt 0.432 0.056
vt 0.432 0.065
vt 0.432 0.079
vt 0.432 0.088
vt 0.432 0.137
vt 0.432 0.146
vt 0.432 0.16
vt 0.432 0.169
vt 0.432 0.357
vt 0.432 0.366
vt 0.432 0.379
vt 0.432 0.388
vt 0.432 0.402
vt 0.432 0.411
vt 0.432 0.599
vt 0.432 0.608
vt 0.432 0.622
vt 0.432 0.631
vt 0.432 0.644
vt 0.432 0.654
vt 0.432 0.68
vt 0.432 0.689
vt 0.432 0.702
vt 0.432 0.712
vt 0.432 0.725
vt 0.432 0.734
vt 0.432 0.761
vt 0.432 0.77
vt 0.432 0.783
vt 0.432 0.792
vt 0.432 0.806
vt 0.432 0.815
vt 0.432 0.922
vt 0.432 0.931
vt 0.432 0.945
vt 0.432 0.954
vt 0.432 0.968
vt 0.432 0.977
vt 0.434 0.023
vt 0.434 0.032
vt 0.434 0.046
vt 0.434 0.055
vt 0.434 0.069
vt 0.434 0.078
vt 0.434 0.185
vt 0.434 0.194
vt 0.434 0.208
vt 0.434 0.217
vt 0.434 0.23
vt 0.434 0.239
vt 0.434 0.266
vt 0.434 0.275
vt 0.434 0.288
vt 0.434 0.298
vt 0.434 0.311
vt 0.434 0.32
vt 0.434 0.346
vt 0.434 0.356
vt 0.434 0.369
vt 0.434 0.378
vt 0.434 0.392
vt 0.434 0.401
vt 0.434 0.589
vt 0.434 0.598
vt 0.434 0.612
vt 0.434 0.621
vt 0.434 0.634
vt 0.434 0.643
vt 0.434 0.831
vt 0.434 0.84
vt 0.434 0.854
vt 0.434 0.863
vt 0.434 0.912
vt 0.434 0.921
vt 0.434 0.935
vt 0.434 0.944
vt 0.434 0.958
vt 0.434 0.989
vt 0.438 0.01
vt 0.438 0.043
vt 0.438 0.055
vt 0.438 0.066
vt 0.438 0.078
vt 0.438 0.089
vt 0.438 0.136
vt 0.438 0.147
vt 0.438 0.159
vt 0.438 0.17
vt 0.438 0.356
vt 0.438 0.366
vt 0.438 0.378
vt 0.438 0.389
vt 0.438 0.401
vt 0.438 0.412
vt 0.438 0.598
vt 0.438 0.609
vt 0.438 0.621
vt 0.438 0.632
vt 0.438 0.644
vt 0.438 0.654
vt 0.438 0.679
vt 0.438 0.69
vt 0.438 0.702
vt 0.438 0.712
vt 0.438 0.724
vt 0.438 0.735
vt 0.438 0.76
vt 0.438 0.771
vt 0.438 0.783
vt 0.438 0.793
vt 0.438 0.805
vt 0.438 0.816
vt 0.438 0.921
vt 0.438 0.932
vt 0.438 0.944
vt 0.438 0.955
vt 0.438 0.967
vt 0.438 0.978
vt 0.44 0.022
vt 0.44 0.033
vt 0.44 0.045
vt 0.44 0.056
vt 0.44 0.068
vt 0.44 0.079
vt 0.44 0.184
vt 0.44 0.195
vt 0.44 0.207
vt 0.44 0.217
vt 0.44 0.229
vt 0.44 0.24
vt 0.44 0.265
vt 0.44 0.276
vt 0.44 0.288
vt 0.44 0.298
vt 0.44 0.31
vt 0.44 0.321
vt 0.44 0.346
vt 0.44 0.356
vt 0.44 0.368
vt 0.44 0.379
vt 0.44 0.391
vt 0.44 0.402
vt 0.44 0.588
vt 0.44 0.599
vt 0.44 0.611
vt 0.44 0.622
vt 0.44 0.634
vt 0.44 0.644
vt 0.44 0.831
vt 0.44 0.841
vt 0.44 0.853
vt 0.44 0.864
vt 0.44 0.911
vt 0.44 0.922
vt 0.44 0.934
vt 0.44 0.945
vt 0.44 0.957
vt 0.44 0.99
vt 0.444 0.009
vt 0.444 0.044
vt 0.444 0.055
vt 0.444 0.067
vt 0.444 0.077
vt 0.444 0.089
vt 0.444 0.135
vt 0.444 0.147
vt 0.444 0.158
vt 0.444 0.17
vt 0.444 0.355
vt 0.444 0.367
vt 0.444 0.378
vt 0.444 0.39
vt 0.444 0.401
vt 0.444 0.413
vt 0.444 0.597
vt 0.444 0.61
vt 0.444 0.62
vt 0.444 0.632
vt 0.444 0.643
vt 0.444 0.655
vt 0.444 0.678
vt 0.444 0.69
vt 0.444 0.701
vt 0.444 0.713
vt 0.444 0.724
vt 0.444 0.736
vt 0.444 0.759
vt 0.444 0.771
vt 0.444 0.782
vt 0.444 0.794
vt 0.444 0.805
vt 0.444 0.817
vt 0.444 0.921
vt 0.444 0.933
vt 0.444 0.943
vt 0.444 0.956
vt 0.444 0.966
vt 0.444 0.978
vt 0.446 0.022
vt 0.446 0.034
vt 0.446 0.044
vt 0.446 0.057
vt 0.446 0.067
vt 0.446 0.079
vt 0.446 0.183
vt 0.446 0.195
vt 0.446 0.206
vt 0.446 0.218
vt 0.446 0.229
vt 0.446 0.241
vt 0.446 0.264
vt 0.446 0.276
vt 0.446 0.287
vt 0.446 0.299
vt 0.446 0.31
vt 0.446 0.322
vt 0.446 0.345
vt 0.446 0.357
vt 0.446 0.368
vt 0.446 0.38
vt 0.446 0.39
vt 0.446 0.403
vt 0.446 0.587
vt 0.446 0.599
vt 0.446 0.61
vt 0.446 0.622
vt 0.446 0.633
vt 0.446 0.645
vt 0.446 0.83
vt 0.446 0.842
vt 0.446 0.853
vt 0.446 0.865
vt 0.446 0.911
vt 0.446 0.923
vt 0.446 0.933
vt 0.446 0.945
vt 0.446 0.956
vt 0.446 0.991
vt 0.451 0.009
vt 0.451 0.045
vt 0.451 0.054
vt 0.451 0.067
vt 0.451 0.077
vt 0.451 0.09
vt 0.451 0.135
vt 0.451 0.148
vt 0.451 0.158
vt 0.451 0.171
vt 0.451 0.354
vt 0.451 0.368
vt 0.451 0.377
vt 0.451 0.39
vt 0.451 0.4
vt 0.451 0.413
vt 0.451 0.597
vt 0.451 0.61
vt 0.451 0.62
vt 0.451 0.633
vt 0.451 0.642
vt 0.451 0.656
vt 0.451 0.678
vt 0.451 0.691
vt 0.451 0.7
vt 0.451 0.714
vt 0.451 0.723
vt 0.451 0.736
vt 0.451 0.759
vt 0.451 0.772
vt 0.451 0.781
vt 0.451 0.795
vt 0.451 0.804
vt 0.451 0.817
vt 0.451 0.92
vt 0.451 0.933
vt 0.451 0.943
vt 0.451 0.956
vt 0.451 0.966
vt 0.451 0.979
vt 0.453 0.021
vt 0.453 0.034
vt 0.453 0.044
vt 0.453 0.057
vt 0.453 0.067
vt 0.453 0.08
vt 0.453 0.183
vt 0.453 0.196
vt 0.453 0.205
vt 0.453 0.219
vt 0.453 0.228
vt 0.453 0.241
vt 0.453 0.264
vt 0.453 0.277
vt 0.453 0.286
vt 0.453 0.3
vt 0.453 0.309
vt 0.453 0.322
vt 0.453 0.344
vt 0.453 0.358
vt 0.453 0.367
vt 0.453 0.38
vt 0.453 0.39
vt 0.453 0.403
vt 0.453 0.587
vt 0.453 0.6
vt 0.453 0.61
vt 0.453 0.623
vt 0.453 0.632
vt 0.453 0.646
vt 0.453 0.829
vt 0.453 0.842
vt 0.453 0.852
vt 0.453 0.865
vt 0.453 0.91
vt 0.453 0.923
vt 0.453 0.933
vt 0.453 0.946
vt 0.453 0.955
vt 0.453 0.991
vt 0.459 0.008
vt 0.459 0.045
vt 0.459 0.053
vt 0.459 0.068
vt 0.459 0.076
vt 0.459 0.09
vt 0.459 0.134
vt 0.459 0.149
vt 0.459 0.157
vt 0.459 0.171
vt 0.459 0.354
vt 0.459 0.368
vt 0.459 0.377
vt 0.459 0.391
vt 0.459 0.399
vt 0.459 0.414
vt 0.459 0.596
vt 0.459 0.611
vt 0.459 0.619
vt 0.459 0.633
vt 0.459 0.642
vt 0.459 0.656
vt 0.459 0.677
vt 0.459 0.691
vt 0.459 0.7
vt 0.459 0.714
vt 0.459 0.723
vt 0.459 0.737
vt 0.459 0.758
vt 0.459 0.772
vt 0.459 0.781
vt 0.459 0.795
vt 0.459 0.803
vt 0.459 0.818
vt 0.459 0.92
vt 0.459 0.934
vt 0.459 0.942
vt 0.459 0.957
vt 0.459 0.965
vt 0.459 0.979
vt 0.462 0
vt 0.462 0.015
vt 0.461 0.021
vt 0.462 0.028
vt 0.461 0.035
vt 0.462 0.038
vt 0.461 0.043
vt 0.461 0.058
vt 0.461 0.066
vt 0.461 0.08
vt 0.461 0.182
vt 0.461 0.197
vt 0.461 0.205
vt 0.461 0.219
vt 0.461 0.228
vt 0.461 0.242
vt 0.461 0.263
vt 0.461 0.277
vt 0.461 0.286
vt 0.461 0.3
vt 0.461 0.309
vt 0.461 0.323
vt 0.461 0.344
vt 0.461 0.358
vt 0.461 0.367
vt 0.461 0.381
vt 0.461 0.389
vt 0.461 0.404
vt 0.461 0.586
vt 0.461 0.601
vt 0.461 0.609
vt 0.461 0.623
vt 0.461 0.632
vt 0.461 0.646
vt 0.461 0.829
vt 0.461 0.843
vt 0.461 0.851
vt 0.461 0.866
vt 0.461 0.91
vt 0.461 0.924
vt 0.461 0.932
vt 0.461 0.947
vt 0.461 0.955
vt 0.461 0.992
vt 0.462 0.015
vt 0.462 0.027
vt 0.462 0.038
vt 0.462 0.05
vt 0.462 0.06
vt 0.462 0.073
vt 0.462 0.084
vt 0.462 0.142
vt 0.462 0.164
vt 0.462 0.19
vt 0.462 0.213
vt 0.462 0.234
vt 0.462 0.271
vt 0.462 0.293
vt 0.462 0.315
vt 0.462 0.351
vt 0.462 0.361
vt 0.462 0.373
vt 0.462 0.384
vt 0.462 0.396
vt 0.462 0.407
vt 0.462 0.594
vt 0.462 0.604
vt 0.462 0.616
vt 0.462 0.627
vt 0.462 0.639
vt 0.462 0.648
vt 0.462 0.684
vt 0.462 0.708
vt 0.462 0.73
vt 0.462 0.766
vt 0.462 0.788
vt 0.462 0.81
vt 0.462 0.835
vt 0.462 0.858
vt 0.462 0.916
vt 0.462 0.927
vt 0.462 0.94
vt 0.462 0.95
vt 0.462 0.962
vt 0.462 0.973
vt 0.462 0.985
vt 0.463 0.014
vt 0.463 0.026
vt 0.463 0.029
vt 0.463 0.039
vt 0.463 0.049
vt 0.463 0.052
vt 0.463 0.059
vt 0.463 0.062
vt 0.463 0.072
vt 0.463 0.075
vt 0.463 0.082
vt 0.463 0.085
vt 0.463 0.14
vt 0.463 0.143
vt 0.463 0.163
vt 0.463 0.166
vt 0.463 0.188
vt 0.463 0.191
vt 0.463 0.211
vt 0.463 0.214
vt 0.463 0.233
vt 0.463 0.236
vt 0.463 0.269
vt 0.463 0.272
vt 0.463 0.291
vt 0.463 0.294
vt 0.463 0.314
vt 0.463 0.317
vt 0.463 0.35
vt 0.463 0.352
vt 0.463 0.36
vt 0.463 0.363
vt 0.463 0.372
vt 0.463 0.375
vt 0.463 0.382
vt 0.463 0.385
vt 0.463 0.395
vt 0.463 0.398
vt 0.463 0.405
vt 0.463 0.408
vt 0.463 0.592
vt 0.463 0.595
vt 0.463 0.602
vt 0.463 0.605
vt 0.463 0.615
vt 0.463 0.618
vt 0.463 0.625
vt 0.463 0.628
vt 0.463 0.637
vt 0.463 0.64
vt 0.463 0.648
vt 0.463 0.65
vt 0.463 0.683
vt 0.463 0.686
vt 0.463 0.706
vt 0.463 0.709
vt 0.463 0.728
vt 0.463 0.731
vt 0.463 0.764
vt 0.463 0.767
vt 0.463 0.786
vt 0.463 0.789
vt 0.463 0.809
vt 0.463 0.812
vt 0.463 0.834
vt 0.463 0.837
vt 0.463 0.857
vt 0.463 0.86
vt 0.463 0.915
vt 0.463 0.918
vt 0.463 0.925
vt 0.463 0.928
vt 0.463 0.938
vt 0.463 0.941
vt 0.463 0.948
vt 0.463 0.951
vt 0.463 0.961
vt 0.463 0.971
vt 0.463 0.974
vt 0.463 0.986
vt 0.465 0.013
vt 0.465 0.025
vt 0.465 0.03
vt 0.465 0.04
vt 0.465 0.048
vt 0.465 0.053
vt 0.465 0.058
vt 0.465 0.063
vt 0.465 0.071
vt 0.465 0.076
vt 0.465 0.081
vt 0.465 0.086
vt 0.465 0.139
vt 0.465 0.144
vt 0.465 0.162
vt 0.465 0.167
vt 0.465 0.187
vt 0.465 0.192
vt 0.465 0.21
vt 0.465 0.215
vt 0.465 0.232
vt 0.465 0.237
vt 0.465 0.268
vt 0.465 0.273
vt 0.465 0.291
vt 0.465 0.295
vt 0.465 0.313
vt 0.465 0.318
vt 0.465 0.349
vt 0.465 0.353
vt 0.465 0.359
vt 0.465 0.364
vt 0.465 0.371
vt 0.465 0.376
vt 0.465 0.381
vt 0.465 0.386
vt 0.465 0.394
vt 0.465 0.399
vt 0.465 0.404
vt 0.465 0.409
vt 0.465 0.591
vt 0.465 0.596
vt 0.465 0.601
vt 0.465 0.606
vt 0.465 0.614
vt 0.465 0.619
vt 0.465 0.624
vt 0.465 0.629
vt 0.465 0.636
vt 0.465 0.641
vt 0.465 0.647
vt 0.465 0.651
vt 0.465 0.682
vt 0.465 0.687
vt 0.465 0.705
vt 0.465 0.709
vt 0.465 0.727
vt 0.465 0.732
vt 0.465 0.763
vt 0.465 0.768
vt 0.465 0.785
vt 0.465 0.79
vt 0.465 0.808
vt 0.465 0.813
vt 0.465 0.833
vt 0.465 0.838
vt 0.465 0.856
vt 0.465 0.861
vt 0.465 0.914
vt 0.465 0.919
vt 0.465 0.924
vt 0.465 0.929
vt 0.465 0.937
vt 0.465 0.942
vt 0.465 0.947
vt 0.465 0.952
vt 0.465 0.96
vt 0.465 0.97
vt 0.465 0.975
vt 0.465 0.987
vt 0.465 0.997
vt 0.465 1
vt 0.467 0.008
vt 0.467 0.045
vt 0.467 0.053
vt 0.467 0.068
vt 0.467 0.076
vt 0.467 0.091
vt 0.467 0.134
vt 0.467 0.149
vt 0.467 0.157
vt 0.467 0.172
vt 0.467 0.354
vt 0.467 0.369
vt 0.467 0.376
vt 0.467 0.391
vt 0.467 0.399
vt 0.467 0.414
vt 0.467 0.596
vt 0.467 0.611
vt 0.467 0.619
vt 0.467 0.634
vt 0.467 0.641
vt 0.467 0.656
vt 0.467 0.677
vt 0.467 0.692
vt 0.467 0.7
vt 0.467 0.715
vt 0.467 0.722
vt 0.467 0.737
vt 0.467 0.758
vt 0.467 0.773
vt 0.467 0.78
vt 0.467 0.795
vt 0.467 0.803
vt 0.467 0.818
vt 0.467 0.919
vt 0.467 0.934
vt 0.467 0.942
vt 0.467 0.957
vt 0.467 0.965
vt 0.467 0.98
vt 0.468 0.012
vt 0.468 0.024
vt 0.468 0.031
vt 0.468 0.041
vt 0.468 0.047
vt 0.468 0.054
vt 0.468 0.057
vt 0.468 0.064
vt 0.468 0.07
vt 0.468 0.077
vt 0.468 0.08
vt 0.468 0.087
vt 0.468 0.138
vt 0.468 0.145
vt 0.468 0.161
vt 0.468 0.167
vt 0.468 0.186
vt 0.468 0.193
vt 0.468 0.209
vt 0.468 0.215
vt 0.468 0.232
vt 0.468 0.238
vt 0.468 0.267
vt 0.468 0.274
vt 0.468 0.29
vt 0.468 0.296
vt 0.468 0.312
vt 0.468 0.319
vt 0.468 0.348
vt 0.468 0.354
vt 0.468 0.358
vt 0.468 0.364
vt 0.468 0.37
vt 0.468 0.377
vt 0.468 0.381
vt 0.468 0.387
vt 0.468 0.393
vt 0.468 0.4
vt 0.468 0.403
vt 0.468 0.41
vt 0.468 0.59
vt 0.468 0.597
vt 0.468 0.6
vt 0.468 0.607
vt 0.468 0.613
vt 0.468 0.619
vt 0.468 0.623
vt 0.468 0.63
vt 0.468 0.636
vt 0.468 0.642
vt 0.468 0.646
vt 0.468 0.652
vt 0.468 0.681
vt 0.468 0.688
vt 0.468 0.704
vt 0.468 0.71
vt 0.468 0.726
vt 0.468 0.733
vt 0.468 0.762
vt 0.468 0.768
vt 0.468 0.785
vt 0.468 0.791
vt 0.468 0.807
vt 0.468 0.814
vt 0.468 0.833
vt 0.468 0.839
vt 0.468 0.855
vt 0.468 0.862
vt 0.468 0.913
vt 0.468 0.92
vt 0.468 0.923
vt 0.468 0.93
vt 0.468 0.936
vt 0.468 0.943
vt 0.468 0.946
vt 0.468 0.953
vt 0.468 0.959
vt 0.468 0.969
vt 0.468 0.976
vt 0.468 0.988
vt 0.469 0.02
vt 0.469 0.035
vt 0.469 0.043
vt 0.469 0.058
vt 0.469 0.066
vt 0.469 0.081
vt 0.469 0.182
vt 0.469 0.197
vt 0.469 0.205
vt 0.469 0.22
vt 0.469 0.227
vt 0.469 0.242
vt 0.469 0.263
vt 0.469 0.278
vt 0.469 0.285
vt 0.469 0.3
vt 0.469 0.308
vt 0.469 0.323
vt 0.469 0.344
vt 0.469 0.359
vt 0.469 0.366
vt 0.469 0.381
vt 0.469 0.389
vt 0.469 0.404
vt 0.469 0.586
vt 0.469 0.601
vt 0.469 0.609
vt 0.469 0.624
vt 0.469 0.631
vt 0.469 0.646
vt 0.469 0.828
vt 0.469 0.843
vt 0.469 0.851
vt 0.469 0.866
vt 0.469 0.909
vt 0.469 0.924
vt 0.469 0.932
vt 0.469 0.947
vt 0.469 0.955
vt 0.469 0.972
vt 0.469 0.992
vt 0.469 1
vt 0.472 0.011
vt 0.472 0.024
vt 0.472 0.032
vt 0.472 0.042
vt 0.472 0.046
vt 0.472 0.055
vt 0.472 0.056
vt 0.472 0.065
vt 0.472 0.069
vt 0.472 0.077
vt 0.472 0.079
vt 0.472 0.088
vt 0.472 0.137
vt 0.472 0.146
vt 0.472 0.16
vt 0.472 0.168
vt 0.472 0.185
vt 0.472 0.194
vt 0.472 0.208
vt 0.472 0.216
vt 0.472 0.231
vt 0.472 0.239
vt 0.472 0.266
vt 0.472 0.274
vt 0.472 0.289
vt 0.472 0.297
vt 0.472 0.311
vt 0.472 0.32
vt 0.472 0.347
vt 0.472 0.355
vt 0.472 0.357
vt 0.472 0.365
vt 0.472 0.37
vt 0.472 0.378
vt 0.472 0.38
vt 0.472 0.388
vt 0.472 0.392
vt 0.472 0.401
vt 0.472 0.402
vt 0.472 0.411
vt 0.472 0.589
vt 0.472 0.598
vt 0.472 0.599
vt 0.472 0.608
vt 0.472 0.612
vt 0.472 0.62
vt 0.472 0.622
vt 0.472 0.63
vt 0.472 0.635
vt 0.472 0.643
vt 0.472 0.645
vt 0.472 0.653
vt 0.472 0.68
vt 0.472 0.689
vt 0.472 0.703
vt 0.472 0.711
vt 0.472 0.726
vt 0.472 0.734
vt 0.472 0.761
vt 0.472 0.769
vt 0.472 0.784
vt 0.472 0.792
vt 0.472 0.806
vt 0.472 0.815
vt 0.472 0.832
vt 0.472 0.84
vt 0.472 0.854
vt 0.472 0.863
vt 0.472 0.912
vt 0.472 0.921
vt 0.472 0.923
vt 0.472 0.931
vt 0.472 0.935
vt 0.472 0.944
vt 0.472 0.945
vt 0.472 0.954
vt 0.472 0.958
vt 0.472 0.968
vt 0.472 0.976
vt 0.472 0.989
vt 0.475 0.007
vt 0.475 0.046
vt 0.475 0.053
vt 0.475 0.068
vt 0.475 0.076
vt 0.475 0.091
vt 0.475 0.134
vt 0.475 0.149
vt 0.475 0.156
vt 0.475 0.172
vt 0.475 0.353
vt 0.475 0.369
vt 0.475 0.376
vt 0.475 0.392
vt 0.475 0.399
vt 0.475 0.414
vt 0.475 0.596
vt 0.475 0.611
vt 0.475 0.618
vt 0.475 0.634
vt 0.475 0.641
vt 0.475 0.657
vt 0.475 0.677
vt 0.475 0.692
vt 0.475 0.699
vt 0.475 0.715
vt 0.475 0.722
vt 0.475 0.738
vt 0.475 0.757
vt 0.475 0.773
vt 0.475 0.78
vt 0.475 0.796
vt 0.475 0.803
vt 0.475 0.818
vt 0.475 0.919
vt 0.475 0.935
vt 0.475 0.942
vt 0.475 0.957
vt 0.475 0.964
vt 0.475 0.98
vt 0.477 0.01
vt 0.478 0.02
vt 0.477 0.023
vt 0.477 0.033
vt 0.478 0.036
vt 0.477 0.043
vt 0.477 0.046
vt 0.477 0.056
vt 0.478 0.058
vt 0.478 0.065
vt 0.477 0.068
vt 0.477 0.078
vt 0.478 0.081
vt 0.477 0.088
vt 0.477 0.136
vt 0.477 0.146
vt 0.477 0.159
vt 0.477 0.169
vt 0.478 0.182
vt 0.477 0.184
vt 0.477 0.194
vt 0.478 0.197
vt 0.478 0.204
vt 0.477 0.207
vt 0.477 0.217
vt 0.478 0.22
vt 0.478 0.227
vt 0.477 0.23
vt 0.477 0.24
vt 0.478 0.243
vt 0.478 0.262
vt 0.477 0.265
vt 0.477 0.275
vt 0.478 0.278
vt 0.478 0.285
vt 0.477 0.288
vt 0.477 0.298
vt 0.478 0.301
vt 0.478 0.308
vt 0.477 0.311
vt 0.477 0.321
vt 0.478 0.323
vt 0.478 0.343
vt 0.477 0.346
vt 0.477 0.356
vt 0.478 0.359
vt 0.477 0.366
vt 0.477 0.369
vt 0.477 0.379
vt 0.478 0.382
vt 0.477 0.389
vt 0.477 0.391
vt 0.477 0.401
vt 0.478 0.404
vt 0.477 0.412
vt 0.478 0.586
vt 0.477 0.588
vt 0.477 0.599
vt 0.478 0.601
vt 0.477 0.609
vt 0.477 0.611
vt 0.477 0.621
vt 0.478 0.624
vt 0.478 0.631
vt 0.477 0.634
vt 0.477 0.644
vt 0.478 0.647
vt 0.477 0.654
vt 0.477 0.679
vt 0.477 0.689
vt 0.477 0.702
vt 0.477 0.712
vt 0.477 0.725
vt 0.477 0.735
vt 0.477 0.76
vt 0.477 0.77
vt 0.477 0.783
vt 0.477 0.793
vt 0.477 0.806
vt 0.477 0.816
vt 0.478 0.828
vt 0.477 0.831
vt 0.477 0.841
vt 0.478 0.844
vt 0.478 0.851
vt 0.477 0.854
vt 0.477 0.864
vt 0.478 0.866
vt 0.478 0.909
vt 0.477 0.912
vt 0.477 0.922
vt 0.478 0.924
vt 0.477 0.932
vt 0.477 0.934
vt 0.477 0.945
vt 0.478 0.947
vt 0.477 0.954
vt 0.477 0.957
vt 0.477 0.967
vt 0.477 0.977
vt 0.477 0.99
vt 0.478 0.993
vt 0.483 0.009
vt 0.483 0.022
vt 0.483 0.033
vt 0.483 0.044
vt 0.483 0.045
vt 0.483 0.055
vt 0.483 0.056
vt 0.483 0.066
vt 0.483 0.068
vt 0.483 0.078
vt 0.483 0.079
vt 0.483 0.089
vt 0.483 0.136
vt 0.483 0.147
vt 0.483 0.158
vt 0.483 0.17
vt 0.483 0.184
vt 0.483 0.195
vt 0.483 0.206
vt 0.483 0.218
vt 0.483 0.229
vt 0.483 0.241
vt 0.483 0.264
vt 0.483 0.276
vt 0.483 0.287
vt 0.483 0.299
vt 0.483 0.31
vt 0.483 0.321
vt 0.483 0.345
vt 0.483 0.355
vt 0.483 0.357
vt 0.483 0.367
vt 0.483 0.368
vt 0.483 0.378
vt 0.483 0.379
vt 0.483 0.39
vt 0.483 0.391
vt 0.483 0.401
vt 0.483 0.402
vt 0.483 0.412
vt 0.483 0.588
vt 0.483 0.598
vt 0.483 0.599
vt 0.483 0.609
vt 0.483 0.61
vt 0.483 0.621
vt 0.483 0.622
vt 0.483 0.632
vt 0.483 0.633
vt 0.483 0.643
vt 0.483 0.645
vt 0.483 0.655
vt 0.483 0.679
vt 0.483 0.69
vt 0.483 0.701
vt 0.483 0.713
vt 0.483 0.724
vt 0.483 0.736
vt 0.483 0.759
vt 0.483 0.771
vt 0.483 0.782
vt 0.483 0.794
vt 0.483 0.805
vt 0.483 0.816
vt 0.483 0.83
vt 0.483 0.842
vt 0.483 0.853
vt 0.483 0.864
vt 0.483 0.911
vt 0.483 0.921
vt 0.483 0.922
vt 0.483 0.932
vt 0.483 0.934
vt 0.483 0.944
vt 0.483 0.945
vt 0.483 0.955
vt 0.483 0.956
vt 0.483 0.967
vt 0.483 0.978
vt 0.483 0.991
vt 0.484 0.007
vt 0.484 0.046
vt 0.484 0.053
vt 0.484 0.069
vt 0.484 0.075
vt 0.484 0.091
vt 0.484 0.133
vt 0.484 0.149
vt 0.484 0.156
vt 0.484 0.172
vt 0.484 0.353
vt 0.484 0.369
vt 0.484 0.376
vt 0.484 0.392
vt 0.484 0.399
vt 0.484 0.414
vt 0.484 0.596
vt 0.484 0.611
vt 0.484 0.618
vt 0.484 0.634
vt 0.484 0.641
vt 0.484 0.657
vt 0.484 0.676
vt 0.484 0.692
vt 0.484 0.699
vt 0.484 0.715
vt 0.484 0.722
vt 0.484 0.738
vt 0.484 0.757
vt 0.484 0.773
vt 0.484 0.78
vt 0.484 0.796
vt 0.484 0.803
vt 0.484 0.819
vt 0.484 0.919
vt 0.484 0.935
vt 0.484 0.942
vt 0.484 0.957
vt 0.484 0.964
vt 0.484 0.98
vt 0.486 0.02
vt 0.486 0.036
vt 0.486 0.043
vt 0.486 0.058
vt 0.486 0.065
vt 0.486 0.081
vt 0.486 0.181
vt 0.486 0.197
vt 0.486 0.204
vt 0.486 0.22
vt 0.486 0.227
vt 0.486 0.243
vt 0.486 0.262
vt 0.486 0.278
vt 0.486 0.285
vt 0.486 0.301
vt 0.486 0.308
vt 0.486 0.324
vt 0.486 0.343
vt 0.486 0.359
vt 0.486 0.366
vt 0.486 0.382
vt 0.486 0.389
vt 0.486 0.404
vt 0.486 0.586
vt 0.486 0.601
vt 0.486 0.608
vt 0.486 0.624
vt 0.486 0.631
vt 0.486 0.647
vt 0.486 0.828
vt 0.486 0.844
vt 0.486 0.851
vt 0.486 0.867
vt 0.486 0.909
vt 0.486 0.925
vt 0.486 0.931
vt 0.486 0.947
vt 0.486 0.954
vt 0.486 0.993
vt 0.489 0.009
vt 0.489 0.021
vt 0.489 0.034
vt 0.489 0.044
vt 0.489 0.054
vt 0.489 0.057
vt 0.489 0.067
vt 0.489 0.077
vt 0.489 0.08
vt 0.489 0.09
vt 0.489 0.135
vt 0.489 0.148
vt 0.489 0.158
vt 0.489 0.17
vt 0.489 0.183
vt 0.489 0.196
vt 0.489 0.206
vt 0.489 0.218
vt 0.489 0.229
vt 0.489 0.241
vt 0.489 0.264
vt 0.489 0.277
vt 0.489 0.287
vt 0.489 0.299
vt 0.489 0.309
vt 0.489 0.322
vt 0.489 0.345
vt 0.489 0.355
vt 0.489 0.357
vt 0.489 0.367
vt 0.489 0.377
vt 0.489 0.38
vt 0.489 0.39
vt 0.489 0.4
vt 0.489 0.403
vt 0.489 0.413
vt 0.489 0.587
vt 0.489 0.597
vt 0.489 0.6
vt 0.489 0.61
vt 0.489 0.62
vt 0.489 0.623
vt 0.489 0.633
vt 0.489 0.643
vt 0.489 0.645
vt 0.489 0.655
vt 0.489 0.678
vt 0.489 0.691
vt 0.489 0.701
vt 0.489 0.713
vt 0.489 0.723
vt 0.489 0.736
vt 0.489 0.759
vt 0.489 0.771
vt 0.489 0.782
vt 0.489 0.794
vt 0.489 0.804
vt 0.489 0.817
vt 0.489 0.83
vt 0.489 0.842
vt 0.489 0.852
vt 0.489 0.865
vt 0.489 0.91
vt 0.489 0.92
vt 0.489 0.923
vt 0.489 0.933
vt 0.489 0.943
vt 0.489 0.946
vt 0.489 0.956
vt 0.489 0.966
vt 0.489 0.979
vt 0.489 0.991
vt 0.493 0.007
vt 0.493 0.046
vt 0.493 0.053
vt 0.493 0.069
vt 0.493 0.075
vt 0.493 0.091
vt 0.493 0.133
vt 0.493 0.149
vt 0.493 0.156
vt 0.493 0.172
vt 0.493 0.353
vt 0.493 0.369
vt 0.493 0.376
vt 0.493 0.392
vt 0.493 0.399
vt 0.493 0.415
vt 0.493 0.596
vt 0.493 0.611
vt 0.493 0.618
vt 0.493 0.634
vt 0.493 0.641
vt 0.493 0.657
vt 0.493 0.676
vt 0.493 0.692
vt 0.493 0.699
vt 0.493 0.715
vt 0.493 0.722
vt 0.493 0.738
vt 0.493 0.757
vt 0.493 0.773
vt 0.493 0.78
vt 0.493 0.796
vt 0.493 0.803
vt 0.493 0.819
vt 0.493 0.919
vt 0.493 0.935
vt 0.493 0.942
vt 0.493 0.957
vt 0.493 0.964
vt 0.493 0.98
vt 0.496 0.008
vt 0.495 0.02
vt 0.496 0.021
vt 0.496 0.035
vt 0.495 0.036
vt 0.495 0.043
vt 0.496 0.044
vt 0.496 0.045
vt 0.496 0.054
vt 0.496 0.057
vt 0.495 0.058
vt 0.495 0.065
vt 0.496 0.066
vt 0.496 0.067
vt 0.496 0.076
vt 0.496 0.08
vt 0.495 0.081
vt 0.496 0.09
vt 0.496 0.135
vt 0.496 0.148
vt 0.496 0.157
vt 0.496 0.171
vt 0.495 0.181
vt 0.496 0.183
vt 0.496 0.196
vt 0.495 0.197
vt 0.495 0.204
vt 0.496 0.205
vt 0.496 0.219
vt 0.495 0.22
vt 0.495 0.227
vt 0.496 0.228
vt 0.496 0.242
vt 0.495 0.243
vt 0.495 0.262
vt 0.496 0.263
vt 0.496 0.277
vt 0.495 0.278
vt 0.495 0.285
vt 0.496 0.286
vt 0.496 0.3
vt 0.495 0.301
vt 0.495 0.308
vt 0.496 0.309
vt 0.496 0.323
vt 0.495 0.324
vt 0.495 0.343
vt 0.496 0.344
vt 0.496 0.354
vt 0.496 0.358
vt 0.495 0.359
vt 0.495 0.366
vt 0.496 0.367
vt 0.496 0.368
vt 0.496 0.377
vt 0.496 0.381
vt 0.495 0.382
vt 0.495 0.389
vt 0.496 0.39
vt 0.496 0.391
vt 0.496 0.4
vt 0.496 0.403
vt 0.495 0.404
vt 0.496 0.413
vt 0.495 0.585
vt 0.496 0.587
vt 0.496 0.597
vt 0.496 0.6
vt 0.495 0.601
vt 0.495 0.608
vt 0.496 0.609
vt 0.496 0.61
vt 0.496 0.619
vt 0.496 0.623
vt 0.495 0.624
vt 0.495 0.631
vt 0.496 0.632
vt 0.496 0.633
vt 0.496 0.642
vt 0.496 0.646
vt 0.495 0.647
vt 0.496 0.656
vt 0.496 0.677
vt 0.496 0.691
vt 0.496 0.7
vt 0.496 0.714
vt 0.496 0.723
vt 0.496 0.737
vt 0.496 0.758
vt 0.496 0.772
vt 0.496 0.781
vt 0.496 0.795
vt 0.496 0.804
vt 0.496 0.817
vt 0.495 0.828
vt 0.496 0.829
vt 0.496 0.843
vt 0.495 0.844
vt 0.495 0.851
vt 0.496 0.852
vt 0.496 0.865
vt 0.495 0.867
vt 0.495 0.909
vt 0.496 0.91
vt 0.496 0.92
vt 0.496 0.924
vt 0.495 0.925
vt 0.495 0.931
vt 0.496 0.933
vt 0.496 0.934
vt 0.496 0.943
vt 0.496 0.946
vt 0.495 0.947
vt 0.495 0.954
vt 0.496 0.955
vt 0.496 0.956
vt 0.496 0.965
vt 0.496 0.979
vt 0.496 0.992
vt 0.495 0.993
vt 0.502 0.007
vt 0.502 0.046
vt 0.502 0.053
vt 0.502 0.068
vt 0.502 0.075
vt 0.502 0.091
vt 0.502 0.134
vt 0.502 0.149
vt 0.502 0.156
vt 0.502 0.172
vt 0.502 0.353
vt 0.502 0.369
vt 0.502 0.376
vt 0.502 0.392
vt 0.502 0.399
vt 0.502 0.414
vt 0.502 0.596
vt 0.502 0.611
vt 0.502 0.618
vt 0.502 0.634
vt 0.502 0.641
vt 0.502 0.657
vt 0.502 0.676
vt 0.502 0.692
vt 0.502 0.699
vt 0.502 0.715
vt 0.502 0.722
vt 0.502 0.738
vt 0.502 0.757
vt 0.502 0.773
vt 0.502 0.78
vt 0.502 0.796
vt 0.502 0.803
vt 0.502 0.818
vt 0.502 0.919
vt 0.502 0.935
vt 0.502 0.942
vt 0.502 0.957
vt 0.502 0.964
vt 0.502 0.98
vt 0.504 0.008
vt 0.504 0.02
vt 0.504 0.036
vt 0.504 0.043
vt 0.504 0.045
vt 0.504 0.053
vt 0.504 0.058
vt 0.504 0.066
vt 0.504 0.068
vt 0.504 0.076
vt 0.504 0.081
vt 0.504 0.091
vt 0.504 0.134
vt 0.504 0.149
vt 0.504 0.157
vt 0.504 0.171
vt 0.504 0.182
vt 0.504 0.197
vt 0.504 0.205
vt 0.504 0.219
vt 0.504 0.228
vt 0.504 0.243
vt 0.504 0.263
vt 0.504 0.278
vt 0.504 0.286
vt 0.504 0.3
vt 0.504 0.308
vt 0.504 0.323
vt 0.504 0.344
vt 0.504 0.354
vt 0.504 0.359
vt 0.504 0.366
vt 0.504 0.368
vt 0.504 0.377
vt 0.504 0.381
vt 0.504 0.389
vt 0.504 0.391
vt 0.504 0.399
vt 0.504 0.404
vt 0.504 0.414
vt 0.504 0.586
vt 0.504 0.596
vt 0.504 0.601
vt 0.504 0.609
vt 0.504 0.611
vt 0.504 0.619
vt 0.504 0.624
vt 0.504 0.631
vt 0.504 0.634
vt 0.504 0.642
vt 0.504 0.647
vt 0.504 0.656
vt 0.504 0.677
vt 0.504 0.692
vt 0.504 0.7
vt 0.504 0.714
vt 0.504 0.722
vt 0.504 0.737
vt 0.504 0.758
vt 0.504 0.772
vt 0.504 0.781
vt 0.504 0.795
vt 0.504 0.803
vt 0.504 0.818
vt 0.504 0.829
vt 0.504 0.844
vt 0.504 0.851
vt 0.504 0.866
vt 0.504 0.909
vt 0.504 0.919
vt 0.504 0.925
vt 0.504 0.932
vt 0.504 0.934
vt 0.504 0.942
vt 0.504 0.947
vt 0.504 0.955
vt 0.504 0.957
vt 0.504 0.965
vt 0.504 0.98
vt 0.504 0.993
vt 0.511 0.008
vt 0.511 0.046
vt 0.511 0.053
vt 0.511 0.068
vt 0.511 0.076
vt 0.511 0.091
vt 0.511 0.134
vt 0.511 0.149
vt 0.511 0.156
vt 0.511 0.172
vt 0.511 0.353
vt 0.511 0.369
vt 0.511 0.376
vt 0.511 0.391
vt 0.511 0.399
vt 0.511 0.414
vt 0.511 0.596
vt 0.511 0.611
vt 0.511 0.619
vt 0.511 0.634
vt 0.511 0.641
vt 0.511 0.657
vt 0.511 0.677
vt 0.511 0.692
vt 0.511 0.699
vt 0.511 0.715
vt 0.511 0.722
vt 0.511 0.737
vt 0.511 0.758
vt 0.511 0.773
vt 0.511 0.78
vt 0.511 0.796
vt 0.511 0.803
vt 0.511 0.818
vt 0.511 0.919
vt 0.511 0.934
vt 0.511 0.942
vt 0.511 0.957
vt 0.511 0.965
vt 0.511 0.98
vt 0.512 0.008
vt 0.512 0.02
vt 0.512 0.035
vt 0.512 0.043
vt 0.512 0.046
vt 0.512 0.053
vt 0.512 0.058
vt 0.512 0.066
vt 0.512 0.068
vt 0.512 0.076
vt 0.512 0.081
vt 0.512 0.091
vt 0.512 0.134
vt 0.512 0.149
vt 0.512 0.156
vt 0.512 0.172
vt 0.512 0.182
vt 0.512 0.197
vt 0.512 0.204
vt 0.512 0.22
vt 0.512 0.227
vt 0.512 0.242
vt 0.512 0.263
vt 0.512 0.278
vt 0.512 0.285
vt 0.512 0.301
vt 0.512 0.308
vt 0.512 0.323
vt 0.512 0.343
vt 0.512 0.353
vt 0.512 0.359
vt 0.512 0.366
vt 0.512 0.369
vt 0.512 0.376
vt 0.512 0.381
vt 0.512 0.389
vt 0.512 0.391
vt 0.512 0.399
vt 0.512 0.404
vt 0.512 0.414
vt 0.512 0.586
vt 0.512 0.596
vt 0.512 0.601
vt 0.512 0.609
vt 0.512 0.611
vt 0.512 0.619
vt 0.512 0.624
vt 0.512 0.631
vt 0.512 0.634
vt 0.512 0.641
vt 0.512 0.647
vt 0.512 0.657
vt 0.512 0.677
vt 0.512 0.692
vt 0.512 0.699
vt 0.512 0.715
vt 0.512 0.722
vt 0.512 0.737
vt 0.512 0.758
vt 0.512 0.773
vt 0.512 0.78
vt 0.512 0.796
vt 0.512 0.803
vt 0.512 0.818
vt 0.512 0.828
vt 0.512 0.844
vt 0.512 0.851
vt 0.512 0.866
vt 0.512 0.909
vt 0.512 0.919
vt 0.512 0.924
vt 0.512 0.932
vt 0.512 0.934
vt 0.512 0.942
vt 0.512 0.947
vt 0.512 0.954
vt 0.512 0.957
vt 0.512 0.965
vt 0.512 0.98
vt 0.512 0.992
vt 0.513 0.02
vt 0.513 0.035
vt 0.513 0.043
vt 0.513 0.058
vt 0.513 0.066
vt 0.513 0.081
vt 0.513 0.182
vt 0.513 0.197
vt 0.513 0.204
vt 0.513 0.22
vt 0.513 0.227
vt 0.513 0.242
vt 0.513 0.263
vt 0.513 0.278
vt 0.513 0.285
vt 0.513 0.301
vt 0.513 0.308
vt 0.513 0.323
vt 0.513 0.343
vt 0.513 0.359
vt 0.513 0.366
vt 0.513 0.381
vt 0.513 0.389
vt 0.513 0.404
vt 0.513 0.586
vt 0.513 0.601
vt 0.513 0.609
vt 0.513 0.624
vt 0.513 0.631
vt 0.513 0.647
vt 0.513 0.828
vt 0.513 0.844
vt 0.513 0.851
vt 0.513 0.866
vt 0.513 0.909
vt 0.513 0.924
vt 0.513 0.932
vt 0.513 0.947
vt 0.513 0.954
vt 0.513 0.992
vt 0.519 0.008
vt 0.519 0.045
vt 0.519 0.053
vt 0.519 0.068
vt 0.519 0.076
vt 0.519 0.091
vt 0.519 0.134
vt 0.519 0.149
vt 0.519 0.157
vt 0.519 0.171
vt 0.519 0.354
vt 0.519 0.368
vt 0.519 0.377
vt 0.519 0.391
vt 0.519 0.399
vt 0.519 0.414
vt 0.519 0.596
vt 0.519 0.611
vt 0.519 0.619
vt 0.519 0.634
vt 0.519 0.642
vt 0.519 0.656
vt 0.519 0.677
vt 0.519 0.692
vt 0.519 0.7
vt 0.519 0.714
vt 0.519 0.722
vt 0.519 0.737
vt 0.519 0.758
vt 0.519 0.772
vt 0.519 0.781
vt 0.519 0.795
vt 0.519 0.803
vt 0.519 0.818
vt 0.519 0.919
vt 0.519 0.934
vt 0.519 0.942
vt 0.519 0.957
vt 0.519 0.965
vt 0.519 0.98
vt 0.52 0.007
vt 0.52 0.02
vt 0.52 0.036
vt 0.52 0.043
vt 0.52 0.046
vt 0.52 0.053
vt 0.52 0.058
vt 0.52 0.065
vt 0.52 0.068
vt 0.52 0.075
vt 0.52 0.081
vt 0.52 0.091
vt 0.52 0.134
vt 0.52 0.149
vt 0.52 0.156
vt 0.52 0.172
vt 0.52 0.182
vt 0.52 0.197
vt 0.52 0.204
vt 0.52 0.22
vt 0.52 0.227
vt 0.52 0.243
vt 0.52 0.262
vt 0.52 0.278
vt 0.52 0.285
vt 0.52 0.301
vt 0.52 0.308
vt 0.52 0.324
vt 0.52 0.343
vt 0.52 0.353
vt 0.52 0.359
vt 0.52 0.366
vt 0.52 0.369
vt 0.52 0.376
vt 0.52 0.382
vt 0.52 0.389
vt 0.52 0.392
vt 0.52 0.399
vt 0.52 0.404
vt 0.52 0.414
vt 0.52 0.586
vt 0.52 0.596
vt 0.52 0.601
vt 0.52 0.608
vt 0.52 0.611
vt 0.52 0.618
vt 0.52 0.624
vt 0.52 0.631
vt 0.52 0.634
vt 0.52 0.641
vt 0.52 0.647
vt 0.52 0.657
vt 0.52 0.676
vt 0.52 0.692
vt 0.52 0.699
vt 0.52 0.715
vt 0.52 0.722
vt 0.52 0.738
vt 0.52 0.757
vt 0.52 0.773
vt 0.52 0.78
vt 0.52 0.796
vt 0.52 0.803
vt 0.52 0.818
vt 0.52 0.828
vt 0.52 0.844
vt 0.52 0.851
vt 0.52 0.866
vt 0.52 0.909
vt 0.52 0.919
vt 0.52 0.925
vt 0.52 0.932
vt 0.52 0.935
vt 0.52 0.942
vt 0.52 0.947
vt 0.52 0.954
vt 0.52 0.957
vt 0.52 0.964
vt 0.52 0.98
vt 0.52 0.993
vt 0.521 0.02
vt 0.521 0.035
vt 0.521 0.043
vt 0.521 0.058
vt 0.521 0.066
vt 0.521 0.081
vt 0.521 0.182
vt 0.521 0.197
vt 0.521 0.205
vt 0.521 0.219
vt 0.521 0.228
vt 0.521 0.242
vt 0.521 0.263
vt 0.521 0.278
vt 0.521 0.286
vt 0.521 0.3
vt 0.521 0.308
vt 0.521 0.323
vt 0.521 0.344
vt 0.521 0.358
vt 0.521 0.366
vt 0.521 0.381
vt 0.521 0.389
vt 0.521 0.404
vt 0.521 0.586
vt 0.521 0.601
vt 0.521 0.609
vt 0.521 0.623
vt 0.521 0.632
vt 0.521 0.646
vt 0.521 0.829
vt 0.521 0.843
vt 0.521 0.851
vt 0.521 0.866
vt 0.521 0.909
vt 0.521 0.924
vt 0.521 0.932
vt 0.521 0.947
vt 0.521 0.955
vt 0.521 0.992
vt 0.527 0.008
vt 0.527 0.045
vt 0.527 0.054
vt 0.527 0.067
vt 0.527 0.076
vt 0.527 0.09
vt 0.527 0.135
vt 0.527 0.148
vt 0.527 0.157
vt 0.527 0.171
vt 0.527 0.354
vt 0.527 0.368
vt 0.527 0.377
vt 0.527 0.391
vt 0.527 0.4
vt 0.527 0.413
vt 0.527 0.597
vt 0.527 0.61
vt 0.527 0.619
vt 0.527 0.633
vt 0.527 0.642
vt 0.527 0.656
vt 0.527 0.677
vt 0.527 0.691
vt 0.527 0.7
vt 0.527 0.714
vt 0.527 0.723
vt 0.527 0.737
vt 0.527 0.758
vt 0.527 0.772
vt 0.527 0.781
vt 0.527 0.795
vt 0.527 0.804
vt 0.527 0.817
vt 0.527 0.92
vt 0.527 0.934
vt 0.527 0.943
vt 0.527 0.956
vt 0.527 0.965
vt 0.527 0.979
vt 0.529 0.007
vt 0.529 0.02
vt 0.529 0.021
vt 0.529 0.035
vt 0.529 0.036
vt 0.529 0.043
vt 0.529 0.044
vt 0.529 0.046
vt 0.529 0.053
vt 0.529 0.057
vt 0.529 0.058
vt 0.529 0.065
vt 0.529 0.066
vt 0.529 0.069
vt 0.529 0.075
vt 0.529 0.08
vt 0.529 0.081
vt 0.529 0.091
vt 0.529 0.133
vt 0.529 0.149
vt 0.529 0.156
vt 0.529 0.172
vt 0.529 0.181
vt 0.529 0.183
vt 0.529 0.196
vt 0.529 0.197
vt 0.529 0.204
vt 0.529 0.205
vt 0.529 0.219
vt 0.529 0.22
vt 0.529 0.227
vt 0.529 0.228
vt 0.529 0.242
vt 0.529 0.243
vt 0.529 0.262
vt 0.529 0.263
vt 0.529 0.277
vt 0.529 0.278
vt 0.529 0.285
vt 0.529 0.286
vt 0.529 0.3
vt 0.529 0.301
vt 0.529 0.308
vt 0.529 0.309
vt 0.529 0.323
vt 0.529 0.324
vt 0.529 0.343
vt 0.529 0.344
vt 0.529 0.353
vt 0.529 0.358
vt 0.529 0.359
vt 0.529 0.366
vt 0.529 0.367
vt 0.529 0.369
vt 0.529 0.376
vt 0.529 0.381
vt 0.529 0.382
vt 0.529 0.389
vt 0.529 0.39
vt 0.529 0.392
vt 0.529 0.399
vt 0.529 0.403
vt 0.529 0.404
vt 0.529 0.415
vt 0.529 0.585
vt 0.529 0.587
vt 0.529 0.596
vt 0.529 0.6
vt 0.529 0.601
vt 0.529 0.608
vt 0.529 0.609
vt 0.529 0.611
vt 0.529 0.618
vt 0.529 0.623
vt 0.529 0.624
vt 0.529 0.631
vt 0.529 0.632
vt 0.529 0.634
vt 0.529 0.641
vt 0.529 0.646
vt 0.529 0.647
vt 0.529 0.657
vt 0.529 0.676
vt 0.529 0.692
vt 0.529 0.699
vt 0.529 0.715
vt 0.529 0.722
vt 0.529 0.738
vt 0.529 0.757
vt 0.529 0.773
vt 0.529 0.78
vt 0.529 0.796
vt 0.529 0.803
vt 0.529 0.819
vt 0.529 0.828
vt 0.529 0.829
vt 0.529 0.843
vt 0.529 0.844
vt 0.529 0.851
vt 0.529 0.852
vt 0.529 0.865
vt 0.529 0.867
vt 0.529 0.909
vt 0.529 0.91
vt 0.529 0.919
vt 0.529 0.924
vt 0.529 0.925
vt 0.529 0.931
vt 0.529 0.933
vt 0.529 0.935
vt 0.529 0.942
vt 0.529 0.946
vt 0.529 0.947
vt 0.529 0.954
vt 0.529 0.955
vt 0.529 0.957
vt 0.529 0.964
vt 0.529 0.98
vt 0.529 0.992
vt 0.529 0.993
vt 0.534 0.009
vt 0.534 0.044
vt 0.534 0.054
vt 0.534 0.067
vt 0.534 0.077
vt 0.534 0.09
vt 0.534 0.135
vt 0.534 0.148
vt 0.534 0.158
vt 0.534 0.17
vt 0.534 0.355
vt 0.534 0.367
vt 0.534 0.377
vt 0.534 0.39
vt 0.534 0.4
vt 0.534 0.413
vt 0.534 0.597
vt 0.534 0.61
vt 0.534 0.62
vt 0.534 0.633
vt 0.534 0.643
vt 0.534 0.655
vt 0.534 0.678
vt 0.534 0.691
vt 0.534 0.701
vt 0.534 0.713
vt 0.534 0.723
vt 0.534 0.736
vt 0.534 0.759
vt 0.534 0.771
vt 0.534 0.782
vt 0.534 0.794
vt 0.534 0.804
vt 0.534 0.817
vt 0.534 0.92
vt 0.534 0.933
vt 0.534 0.943
vt 0.534 0.956
vt 0.534 0.966
vt 0.534 0.979
vt 0.535 0.997
vt 0.535 1
vt 0.537 0.007
vt 0.537 0.02
vt 0.537 0.021
vt 0.537 0.034
vt 0.537 0.036
vt 0.537 0.043
vt 0.537 0.044
vt 0.537 0.046
vt 0.537 0.053
vt 0.537 0.057
vt 0.537 0.058
vt 0.537 0.065
vt 0.537 0.067
vt 0.537 0.069
vt 0.537 0.075
vt 0.537 0.08
vt 0.537 0.081
vt 0.537 0.091
vt 0.537 0.133
vt 0.537 0.149
vt 0.537 0.156
vt 0.537 0.172
vt 0.537 0.181
vt 0.537 0.183
vt 0.537 0.196
vt 0.537 0.197
vt 0.537 0.204
vt 0.537 0.206
vt 0.537 0.218
vt 0.537 0.22
vt 0.537 0.227
vt 0.537 0.229
vt 0.537 0.241
vt 0.537 0.243
vt 0.537 0.262
vt 0.537 0.264
vt 0.537 0.277
vt 0.537 0.278
vt 0.537 0.285
vt 0.537 0.287
vt 0.537 0.299
vt 0.537 0.301
vt 0.537 0.308
vt 0.537 0.309
vt 0.537 0.322
vt 0.537 0.324
vt 0.537 0.343
vt 0.537 0.345
vt 0.537 0.353
vt 0.537 0.357
vt 0.537 0.359
vt 0.537 0.366
vt 0.537 0.367
vt 0.537 0.369
vt 0.537 0.376
vt 0.537 0.38
vt 0.537 0.382
vt 0.537 0.389
vt 0.537 0.39
vt 0.537 0.392
vt 0.537 0.399
vt 0.537 0.403
vt 0.537 0.404
vt 0.537 0.414
vt 0.537 0.586
vt 0.537 0.587
vt 0.537 0.596
vt 0.537 0.6
vt 0.537 0.601
vt 0.537 0.608
vt 0.537 0.61
vt 0.537 0.611
vt 0.537 0.618
vt 0.537 0.623
vt 0.537 0.624
vt 0.537 0.631
vt 0.537 0.633
vt 0.537 0.634
vt 0.537 0.641
vt 0.537 0.645
vt 0.537 0.647
vt 0.537 0.657
vt 0.537 0.676
vt 0.537 0.692
vt 0.537 0.699
vt 0.537 0.715
vt 0.537 0.722
vt 0.537 0.738
vt 0.537 0.757
vt 0.537 0.773
vt 0.537 0.78
vt 0.537 0.796
vt 0.537 0.803
vt 0.537 0.819
vt 0.537 0.828
vt 0.537 0.83
vt 0.537 0.842
vt 0.537 0.844
vt 0.537 0.851
vt 0.537 0.852
vt 0.537 0.865
vt 0.537 0.867
vt 0.537 0.909
vt 0.537 0.91
vt 0.537 0.919
vt 0.537 0.923
vt 0.537 0.925
vt 0.537 0.931
vt 0.537 0.933
vt 0.537 0.935
vt 0.537 0.942
vt 0.537 0.946
vt 0.537 0.947
vt 0.537 0.954
vt 0.537 0.956
vt 0.537 0.957
vt 0.537 0.964
vt 0.537 0.98
vt 0.537 0.991
vt 0.537 0.993
vt 0.541 0.009
vt 0.541 0.044
vt 0.541 0.055
vt 0.541 0.066
vt 0.541 0.078
vt 0.541 0.089
vt 0.541 0.136
vt 0.541 0.147
vt 0.541 0.158
vt 0.541 0.17
vt 0.541 0.355
vt 0.541 0.367
vt 0.541 0.378
vt 0.541 0.39
vt 0.541 0.401
vt 0.541 0.412
vt 0.541 0.598
vt 0.541 0.609
vt 0.541 0.621
vt 0.541 0.632
vt 0.541 0.643
vt 0.541 0.655
vt 0.541 0.679
vt 0.541 0.69
vt 0.541 0.701
vt 0.541 0.713
vt 0.541 0.724
vt 0.541 0.736
vt 0.541 0.759
vt 0.541 0.771
vt 0.541 0.782
vt 0.541 0.794
vt 0.541 0.805
vt 0.541 0.816
vt 0.541 0.921
vt 0.541 0.932
vt 0.541 0.944
vt 0.541 0.955
vt 0.541 0.967
vt 0.541 0.978
vt 0.544 0.022
vt 0.544 0.033
vt 0.544 0.045
vt 0.544 0.056
vt 0.544 0.068
vt 0.544 0.079
vt 0.544 0.184
vt 0.544 0.195
vt 0.544 0.206
vt 0.544 0.218
vt 0.544 0.229
vt 0.544 0.241
vt 0.544 0.264
vt 0.544 0.276
vt 0.544 0.287
vt 0.544 0.299
vt 0.544 0.31
vt 0.544 0.321
vt 0.544 0.345
vt 0.544 0.357
vt 0.544 0.368
vt 0.544 0.379
vt 0.544 0.391
vt 0.544 0.402
vt 0.544 0.588
vt 0.544 0.599
vt 0.544 0.61
vt 0.544 0.622
vt 0.544 0.633
vt 0.544 0.645
vt 0.544 0.83
vt 0.544 0.842
vt 0.544 0.853
vt 0.544 0.864
vt 0.544 0.911
vt 0.544 0.922
vt 0.544 0.934
vt 0.544 0.945
vt 0.544 0.956
vt 0.544 0.991
vt 0.545 0.007
vt 0.545 0.02
vt 0.545 0.036
vt 0.545 0.043
vt 0.545 0.046
vt 0.545 0.053
vt 0.545 0.058
vt 0.545 0.065
vt 0.545 0.068
vt 0.545 0.076
vt 0.545 0.081
vt 0.545 0.091
vt 0.545 0.134
vt 0.545 0.149
vt 0.545 0.156
vt 0.545 0.172
vt 0.545 0.182
vt 0.545 0.197
vt 0.545 0.204
vt 0.545 0.22
vt 0.545 0.227
vt 0.545 0.243
vt 0.545 0.262
vt 0.545 0.278
vt 0.545 0.285
vt 0.545 0.301
vt 0.545 0.308
vt 0.545 0.323
vt 0.545 0.343
vt 0.545 0.353
vt 0.545 0.359
vt 0.545 0.366
vt 0.545 0.369
vt 0.545 0.376
vt 0.545 0.382
vt 0.545 0.389
vt 0.545 0.392
vt 0.545 0.399
vt 0.545 0.404
vt 0.545 0.414
vt 0.545 0.586
vt 0.545 0.596
vt 0.545 0.601
vt 0.545 0.608
vt 0.545 0.611
vt 0.545 0.618
vt 0.545 0.624
vt 0.545 0.631
vt 0.545 0.634
vt 0.545 0.641
vt 0.545 0.647
vt 0.545 0.657
vt 0.545 0.677
vt 0.545 0.692
vt 0.545 0.699
vt 0.545 0.715
vt 0.545 0.722
vt 0.545 0.738
vt 0.545 0.757
vt 0.545 0.773
vt 0.545 0.78
vt 0.545 0.796
vt 0.545 0.803
vt 0.545 0.818
vt 0.545 0.828
vt 0.545 0.844
vt 0.545 0.851
vt 0.545 0.866
vt 0.545 0.909
vt 0.545 0.919
vt 0.545 0.924
vt 0.545 0.932
vt 0.545 0.935
vt 0.545 0.942
vt 0.545 0.947
vt 0.545 0.954
vt 0.545 0.957
vt 0.545 0.964
vt 0.545 0.98
vt 0.545 0.993
vt 0.547 0.01
vt 0.547 0.043
vt 0.547 0.056
vt 0.547 0.066
vt 0.547 0.078
vt 0.547 0.088
vt 0.547 0.136
vt 0.547 0.146
vt 0.547 0.159
vt 0.547 0.169
vt 0.547 0.356
vt 0.547 0.366
vt 0.547 0.379
vt 0.547 0.389
vt 0.547 0.402
vt 0.547 0.412
vt 0.547 0.599
vt 0.547 0.609
vt 0.547 0.621
vt 0.547 0.631
vt 0.547 0.644
vt 0.547 0.654
vt 0.547 0.679
vt 0.547 0.689
vt 0.547 0.702
vt 0.547 0.712
vt 0.547 0.725
vt 0.547 0.735
vt 0.547 0.76
vt 0.547 0.77
vt 0.547 0.783
vt 0.547 0.793
vt 0.547 0.806
vt 0.547 0.816
vt 0.547 0.922
vt 0.547 0.932
vt 0.547 0.945
vt 0.547 0.954
vt 0.547 0.967
vt 0.547 0.977
vt 0.55 0.023
vt 0.55 0.033
vt 0.55 0.046
vt 0.55 0.055
vt 0.55 0.068
vt 0.55 0.078
vt 0.55 0.184
vt 0.55 0.194
vt 0.55 0.207
vt 0.55 0.217
vt 0.55 0.23
vt 0.55 0.24
vt 0.55 0.265
vt 0.55 0.275
vt 0.55 0.288
vt 0.55 0.298
vt 0.55 0.311
vt 0.55 0.321
vt 0.55 0.346
vt 0.55 0.356
vt 0.55 0.369
vt 0.55 0.379
vt 0.55 0.391
vt 0.55 0.401
vt 0.55 0.588
vt 0.55 0.598
vt 0.55 0.611
vt 0.55 0.621
vt 0.55 0.634
vt 0.55 0.644
vt 0.55 0.831
vt 0.55 0.841
vt 0.55 0.854
vt 0.55 0.864
vt 0.55 0.912
vt 0.55 0.922
vt 0.55 0.934
vt 0.55 0.944
vt 0.55 0.957
vt 0.55 0.99
vt 0.552 0.011
vt 0.552 0.042
vt 0.552 0.056
vt 0.552 0.065
vt 0.552 0.079
vt 0.552 0.088
vt 0.552 0.137
vt 0.552 0.146
vt 0.552 0.16
vt 0.552 0.168
vt 0.552 0.357
vt 0.552 0.365
vt 0.552 0.38
vt 0.552 0.388
vt 0.552 0.402
vt 0.552 0.411
vt 0.552 0.599
vt 0.552 0.608
vt 0.552 0.622
vt 0.552 0.63
vt 0.552 0.645
vt 0.552 0.653
vt 0.552 0.68
vt 0.552 0.689
vt 0.552 0.703
vt 0.552 0.711
vt 0.552 0.726
vt 0.552 0.734
vt 0.552 0.761
vt 0.552 0.769
vt 0.552 0.784
vt 0.552 0.792
vt 0.552 0.806
vt 0.552 0.815
vt 0.552 0.923
vt 0.552 0.931
vt 0.552 0.945
vt 0.552 0.954
vt 0.552 0.968
vt 0.552 0.976
vt 0.554 0.008
vt 0.554 0.02
vt 0.554 0.035
vt 0.554 0.043
vt 0.554 0.045
vt 0.554 0.053
vt 0.554 0.058
vt 0.554 0.066
vt 0.554 0.068
vt 0.554 0.076
vt 0.554 0.081
vt 0.554 0.091
vt 0.554 0.134
vt 0.554 0.149
vt 0.554 0.157
vt 0.554 0.172
vt 0.554 0.182
vt 0.554 0.197
vt 0.554 0.205
vt 0.554 0.22
vt 0.554 0.227
vt 0.554 0.242
vt 0.554 0.263
vt 0.554 0.278
vt 0.554 0.285
vt 0.554 0.3
vt 0.554 0.308
vt 0.554 0.323
vt 0.554 0.344
vt 0.554 0.354
vt 0.554 0.359
vt 0.554 0.366
vt 0.554 0.369
vt 0.554 0.376
vt 0.554 0.381
vt 0.554 0.389
vt 0.554 0.391
vt 0.554 0.399
vt 0.554 0.404
vt 0.554 0.414
vt 0.554 0.586
vt 0.554 0.596
vt 0.554 0.601
vt 0.554 0.609
vt 0.554 0.611
vt 0.554 0.619
vt 0.554 0.624
vt 0.554 0.631
vt 0.554 0.634
vt 0.554 0.641
vt 0.554 0.646
vt 0.554 0.656
vt 0.554 0.677
vt 0.554 0.692
vt 0.554 0.7
vt 0.554 0.715
vt 0.554 0.722
vt 0.554 0.737
vt 0.554 0.758
vt 0.554 0.773
vt 0.554 0.78
vt 0.554 0.795
vt 0.554 0.803
vt 0.554 0.818
vt 0.554 0.828
vt 0.554 0.843
vt 0.554 0.851
vt 0.554 0.866
vt 0.554 0.909
vt 0.554 0.919
vt 0.554 0.924
vt 0.554 0.932
vt 0.554 0.934
vt 0.554 0.942
vt 0.554 0.947
vt 0.554 0.955
vt 0.554 0.957
vt 0.554 0.965
vt 0.554 0.98
vt 0.554 0.992
vt 0.555 0.024
vt 0.555 0.032
vt 0.555 0.046
vt 0.555 0.055
vt 0.555 0.069
vt 0.555 0.077
vt 0.555 0.185
vt 0.555 0.194
vt 0.555 0.208
vt 0.555 0.216
vt 0.555 0.231
vt 0.555 0.239
vt 0.555 0.266
vt 0.555 0.274
vt 0.555 0.289
vt 0.555 0.297
vt 0.555 0.311
vt 0.555 0.32
vt 0.555 0.347
vt 0.555 0.355
vt 0.555 0.37
vt 0.555 0.378
vt 0.555 0.392
vt 0.555 0.401
vt 0.555 0.589
vt 0.555 0.598
vt 0.555 0.612
vt 0.555 0.62
vt 0.555 0.635
vt 0.555 0.643
vt 0.555 0.832
vt 0.555 0.84
vt 0.555 0.854
vt 0.555 0.863
vt 0.555 0.912
vt 0.555 0.921
vt 0.555 0.935
vt 0.555 0.944
vt 0.555 0.958
vt 0.555 0.989
vt 0.556 0.012
vt 0.556 0.041
vt 0.556 0.057
vt 0.556 0.064
vt 0.556 0.08
vt 0.556 0.087
vt 0.556 0.138
vt 0.556 0.145
vt 0.556 0.161
vt 0.556 0.167
vt 0.556 0.358
vt 0.556 0.364
vt 0.556 0.381
vt 0.556 0.387
vt 0.556 0.403
vt 0.556 0.41
vt 0.556 0.6
vt 0.556 0.607
vt 0.556 0.623
vt 0.556 0.63
vt 0.556 0.646
vt 0.556 0.652
vt 0.556 0.681
vt 0.556 0.688
vt 0.556 0.704
vt 0.556 0.71
vt 0.556 0.726
vt 0.556 0.733
vt 0.556 0.762
vt 0.556 0.768
vt 0.556 0.785
vt 0.556 0.791
vt 0.556 0.807
vt 0.556 0.814
vt 0.556 0.923
vt 0.556 0.93
vt 0.556 0.946
vt 0.556 0.953
vt 0.556 0.969
vt 0.556 0.976
vt 0.56 0.013
vt 0.559 0.024
vt 0.559 0.031
vt 0.56 0.04
vt 0.559 0.047
vt 0.559 0.054
vt 0.56 0.058
vt 0.56 0.063
vt 0.559 0.07
vt 0.559 0.077
vt 0.56 0.081
vt 0.56 0.086
vt 0.56 0.139
vt 0.56 0.144
vt 0.56 0.162
vt 0.56 0.167
vt 0.559 0.186
vt 0.559 0.193
vt 0.559 0.209
vt 0.559 0.215
vt 0.559 0.232
vt 0.559 0.238
vt 0.559 0.267
vt 0.559 0.274
vt 0.559 0.29
vt 0.559 0.296
vt 0.559 0.312
vt 0.559 0.319
vt 0.559 0.348
vt 0.559 0.354
vt 0.56 0.359
vt 0.56 0.364
vt 0.559 0.37
vt 0.559 0.377
vt 0.56 0.381
vt 0.56 0.386
vt 0.559 0.393
vt 0.559 0.4
vt 0.56 0.404
vt 0.56 0.409
vt 0.559 0.59
vt 0.559 0.597
vt 0.56 0.601
vt 0.56 0.606
vt 0.559 0.613
vt 0.559 0.619
vt 0.56 0.624
vt 0.56 0.629
vt 0.559 0.636
vt 0.559 0.642
vt 0.56 0.647
vt 0.56 0.651
vt 0.56 0.682
vt 0.56 0.687
vt 0.56 0.705
vt 0.56 0.709
vt 0.56 0.727
vt 0.56 0.732
vt 0.56 0.763
vt 0.56 0.768
vt 0.56 0.785
vt 0.56 0.79
vt 0.56 0.808
vt 0.56 0.813
vt 0.559 0.833
vt 0.559 0.839
vt 0.559 0.855
vt 0.559 0.862
vt 0.559 0.913
vt 0.559 0.92
vt 0.56 0.924
vt 0.56 0.929
vt 0.559 0.936
vt 0.559 0.943
vt 0.56 0.947
vt 0.56 0.952
vt 0.559 0.959
vt 0.56 0.97
vt 0.56 0.975
vt 0.559 0.988
vt 0.561 0.008
vt 0.562 0.014
vt 0.561 0.021
vt 0.562 0.025
vt 0.562 0.03
vt 0.561 0.035
vt 0.562 0.039
vt 0.561 0.043
vt 0.561 0.045
vt 0.562 0.048
vt 0.562 0.053
vt 0.561 0.058
vt 0.562 0.059
vt 0.562 0.062
vt 0.561 0.066
vt 0.561 0.068
vt 0.562 0.071
vt 0.562 0.076
vt 0.561 0.08
vt 0.562 0.082
vt 0.562 0.085
vt 0.561 0.09
vt 0.561 0.134
vt 0.562 0.14
vt 0.562 0.143
vt 0.561 0.149
vt 0.561 0.157
vt 0.562 0.163
vt 0.562 0.166
vt 0.561 0.171
vt 0.561 0.182
vt 0.562 0.187
vt 0.562 0.192
vt 0.561 0.197
vt 0.561 0.205
vt 0.562 0.21
vt 0.562 0.215
vt 0.561 0.219
vt 0.561 0.228
vt 0.562 0.232
vt 0.562 0.237
vt 0.561 0.242
vt 0.561 0.263
vt 0.562 0.268
vt 0.562 0.273
vt 0.561 0.277
vt 0.561 0.286
vt 0.562 0.291
vt 0.562 0.295
vt 0.561 0.3
vt 0.561 0.309
vt 0.562 0.313
vt 0.562 0.318
vt 0.561 0.323
vt 0.561 0.344
vt 0.562 0.349
vt 0.562 0.353
vt 0.561 0.358
vt 0.562 0.36
vt 0.562 0.363
vt 0.561 0.367
vt 0.561 0.368
vt 0.562 0.371
vt 0.561 0.377
vt 0.561 0.381
vt 0.562 0.382
vt 0.562 0.385
vt 0.561 0.389
vt 0.561 0.391
vt 0.562 0.394
vt 0.562 0.399
vt 0.561 0.404
vt 0.562 0.405
vt 0.562 0.408
vt 0.561 0.414
vt 0.561 0.586
vt 0.562 0.591
vt 0.562 0.596
vt 0.561 0.601
vt 0.562 0.602
vt 0.562 0.605
vt 0.561 0.609
vt 0.561 0.611
vt 0.562 0.614
vt 0.561 0.619
vt 0.561 0.623
vt 0.562 0.625
vt 0.562 0.628
vt 0.561 0.632
vt 0.561 0.633
vt 0.562 0.636
vt 0.561 0.642
vt 0.561 0.646
vt 0.562 0.648
vt 0.562 0.65
vt 0.561 0.656
vt 0.561 0.677
vt 0.562 0.683
vt 0.562 0.686
vt 0.561 0.691
vt 0.561 0.7
vt 0.562 0.706
vt 0.562 0.709
vt 0.561 0.714
vt 0.561 0.723
vt 0.562 0.728
vt 0.562 0.731
vt 0.561 0.737
vt 0.561 0.758
vt 0.562 0.764
vt 0.562 0.767
vt 0.561 0.772
vt 0.561 0.781
vt 0.562 0.786
vt 0.562 0.789
vt 0.561 0.795
vt 0.561 0.803
vt 0.562 0.809
vt 0.562 0.812
vt 0.561 0.818
vt 0.561 0.829
vt 0.561 0.843
vt 0.561 0.851
vt 0.561 0.866
vt 0.561 0.91
vt 0.561 0.92
vt 0.561 0.924
vt 0.562 0.925
vt 0.562 0.928
vt 0.561 0.932
vt 0.561 0.934
vt 0.561 0.942
vt 0.561 0.947
vt 0.562 0.948
vt 0.562 0.951
vt 0.561 0.955
vt 0.561 0.957
vt 0.561 0.965
vt 0.562 0.971
vt 0.562 0.974
vt 0.561 0.979
vt 0.561 0.992
vt 0.563 0.015
vt 0.563 0.038
vt 0.563 0.061
vt 0.563 0.084
vt 0.563 0.142
vt 0.563 0.165
vt 0.563 0.361
vt 0.563 0.384
vt 0.563 0.407
vt 0.563 0.604
vt 0.563 0.627
vt 0.563 0.649
vt 0.563 0.684
vt 0.563 0.708
vt 0.563 0.729
vt 0.563 0.765
vt 0.563 0.788
vt 0.563 0.811
vt 0.562 0.833
vt 0.562 0.838
vt 0.562 0.856
vt 0.562 0.861
vt 0.562 0.914
vt 0.562 0.919
vt 0.563 0.926
vt 0.562 0.937
vt 0.562 0.942
vt 0.563 0.949
vt 0.562 0.96
vt 0.563 0.973
vt 0.562 0.987
vt 0.564 0.026
vt 0.564 0.029
vt 0.564 0.049
vt 0.564 0.052
vt 0.564 0.072
vt 0.564 0.075
vt 0.564 0.188
vt 0.564 0.191
vt 0.564 0.211
vt 0.564 0.214
vt 0.564 0.233
vt 0.564 0.236
vt 0.564 0.269
vt 0.564 0.272
vt 0.564 0.291
vt 0.564 0.294
vt 0.564 0.314
vt 0.564 0.317
vt 0.564 0.35
vt 0.564 0.352
vt 0.564 0.372
vt 0.564 0.375
vt 0.564 0.395
vt 0.564 0.398
vt 0.564 0.592
vt 0.564 0.595
vt 0.564 0.615
vt 0.564 0.618
vt 0.564 0.637
vt 0.564 0.64
vt 0.564 0.834
vt 0.564 0.837
vt 0.564 0.857
vt 0.564 0.86
vt 0.564 0.915
vt 0.564 0.918
vt 0.564 0.938
vt 0.564 0.941
vt 0.564 0.961
vt 0.564 0.986
vt 0.565 0.028
vt 0.565 0.05
vt 0.565 0.074
vt 0.565 0.189
vt 0.565 0.213
vt 0.565 0.234
vt 0.565 0.27
vt 0.565 0.293
vt 0.565 0.316
vt 0.565 0.351
vt 0.565 0.373
vt 0.565 0.397
vt 0.565 0.594
vt 0.565 0.617
vt 0.565 0.639
vt 0.565 0.835
vt 0.565 0.858
vt 0.565 0.917
vt 0.565 0.94
vt 0.566 0.962
vt 0.566 0.985
vt 0.57 0
vt 0.57 0.006
vt 0.569 0.009
vt 0.569 0.021
vt 0.568 0.044
vt 0.57 0.032
vt 0.569 0.045
vt 0.568 0.048
vt 0.569 0.054
vt 0.569 0.057
vt 0.569 0.067
vt 0.569 0.077
vt 0.568 0.078
vt 0.57 0
vt 0.57 0.032
vt 0.569 0.034
vt 0.569 0.044
vt 0.568 0.074
vt 0.57 0
vt 0.569 0.08
vt 0.569 0.09
vt 0.569 0.135
vt 0.569 0.148
vt 0.569 0.158
vt 0.569 0.171
vt 0.569 0.183
vt 0.569 0.196
vt 0.569 0.205
vt 0.569 0.219
vt 0.569 0.228
vt 0.569 0.241
vt 0.569 0.264
vt 0.569 0.277
vt 0.569 0.286
vt 0.569 0.3
vt 0.569 0.309
vt 0.569 0.322
vt 0.569 0.344
vt 0.569 0.354
vt 0.569 0.358
vt 0.569 0.368
vt 0.569 0.377
vt 0.569 0.38
vt 0.569 0.39
vt 0.569 0.4
vt 0.569 0.403
vt 0.569 0.413
vt 0.569 0.587
vt 0.569 0.597
vt 0.569 0.6
vt 0.569 0.61
vt 0.569 0.62
vt 0.569 0.623
vt 0.569 0.632
vt 0.569 0.642
vt 0.569 0.646
vt 0.569 0.656
vt 0.569 0.678
vt 0.569 0.691
vt 0.569 0.7
vt 0.569 0.714
vt 0.569 0.723
vt 0.569 0.736
vt 0.569 0.759
vt 0.569 0.772
vt 0.569 0.781
vt 0.569 0.795
vt 0.569 0.804
vt 0.569 0.817
vt 0.569 0.829
vt 0.569 0.842
vt 0.569 0.852
vt 0.569 0.865
vt 0.569 0.91
vt 0.569 0.92
vt 0.569 0.923
vt 0.569 0.933
vt 0.569 0.943
vt 0.569 0.946
vt 0.569 0.955
vt 0.569 0.966
vt 0.569 0.979
vt 0.569 0.991
vt 0.57 0.994
vt 0.57 1
vt 0.571 0
vt 0.571 0.651
vt 0.575 0.009
vt 0.575 0.022
vt 0.575 0.034
vt 0.575 0.044
vt 0.575 0.055
vt 0.575 0.057
vt 0.575 0.067
vt 0.575 0.077
vt 0.575 0.079
vt 0.575 0.089
vt 0.575 0.135
vt 0.575 0.147
vt 0.575 0.158
vt 0.575 0.17
vt 0.575 0.183
vt 0.575 0.195
vt 0.575 0.206
vt 0.575 0.218
vt 0.575 0.229
vt 0.575 0.241
vt 0.575 0.264
vt 0.575 0.276
vt 0.575 0.287
vt 0.575 0.299
vt 0.575 0.31
vt 0.575 0.322
vt 0.575 0.345
vt 0.575 0.355
vt 0.575 0.357
vt 0.575 0.368
vt 0.575 0.378
vt 0.575 0.38
vt 0.575 0.39
vt 0.575 0.401
vt 0.575 0.403
vt 0.575 0.413
vt 0.575 0.587
vt 0.575 0.597
vt 0.575 0.599
vt 0.575 0.61
vt 0.575 0.62
vt 0.575 0.622
vt 0.575 0.632
vt 0.575 0.643
vt 0.575 0.645
vt 0.575 0.655
vt 0.575 0.678
vt 0.575 0.69
vt 0.575 0.701
vt 0.575 0.713
vt 0.575 0.724
vt 0.575 0.736
vt 0.575 0.759
vt 0.575 0.771
vt 0.575 0.782
vt 0.575 0.794
vt 0.575 0.805
vt 0.575 0.817
vt 0.575 0.83
vt 0.575 0.842
vt 0.575 0.853
vt 0.575 0.865
vt 0.575 0.911
vt 0.575 0.921
vt 0.575 0.923
vt 0.575 0.933
vt 0.575 0.943
vt 0.575 0.945
vt 0.575 0.956
vt 0.575 0.966
vt 0.575 0.978
vt 0.575 0.991
vt 0.582 0.01
vt 0.582 0.022
vt 0.582 0.033
vt 0.582 0.043
vt 0.582 0.045
vt 0.582 0.056
vt 0.582 0.066
vt 0.582 0.068
vt 0.582 0.079
vt 0.582 0.089
vt 0.582 0.136
vt 0.582 0.147
vt 0.582 0.159
vt 0.582 0.17
vt 0.582 0.184
vt 0.582 0.195
vt 0.582 0.207
vt 0.582 0.217
vt 0.582 0.229
vt 0.582 0.24
vt 0.582 0.265
vt 0.582 0.276
vt 0.582 0.288
vt 0.582 0.298
vt 0.582 0.31
vt 0.582 0.321
vt 0.582 0.346
vt 0.582 0.356
vt 0.582 0.366
vt 0.582 0.368
vt 0.582 0.379
vt 0.582 0.389
vt 0.582 0.391
vt 0.582 0.401
vt 0.582 0.412
vt 0.582 0.588
vt 0.582 0.599
vt 0.582 0.609
vt 0.582 0.611
vt 0.582 0.622
vt 0.582 0.632
vt 0.582 0.634
vt 0.582 0.644
vt 0.582 0.654
vt 0.582 0.679
vt 0.582 0.69
vt 0.582 0.702
vt 0.582 0.712
vt 0.582 0.724
vt 0.582 0.735
vt 0.582 0.76
vt 0.582 0.771
vt 0.582 0.783
vt 0.582 0.793
vt 0.582 0.805
vt 0.582 0.816
vt 0.582 0.831
vt 0.582 0.841
vt 0.582 0.853
vt 0.582 0.864
vt 0.582 0.911
vt 0.582 0.921
vt 0.582 0.932
vt 0.582 0.934
vt 0.582 0.945
vt 0.582 0.955
vt 0.582 0.957
vt 0.582 0.967
vt 0.582 0.978
vt 0.582 0.99
vt 0.587 0.011
vt 0.587 0.023
vt 0.587 0.032
vt 0.587 0.042
vt 0.587 0.046
vt 0.587 0.056
vt 0.587 0.065
vt 0.587 0.069
vt 0.587 0.079
vt 0.587 0.088
vt 0.587 0.137
vt 0.587 0.146
vt 0.587 0.16
vt 0.587 0.169
vt 0.587 0.185
vt 0.587 0.194
vt 0.587 0.208
vt 0.587 0.217
vt 0.587 0.23
vt 0.587 0.239
vt 0.587 0.266
vt 0.587 0.275
vt 0.587 0.288
vt 0.587 0.298
vt 0.587 0.311
vt 0.587 0.32
vt 0.587 0.346
vt 0.587 0.357
vt 0.587 0.366
vt 0.587 0.369
vt 0.587 0.378
vt 0.587 0.388
vt 0.587 0.392
vt 0.587 0.402
vt 0.587 0.411
vt 0.587 0.589
vt 0.587 0.598
vt 0.587 0.608
vt 0.587 0.612
vt 0.587 0.621
vt 0.587 0.631
vt 0.587 0.634
vt 0.587 0.644
vt 0.587 0.654
vt 0.587 0.68
vt 0.587 0.689
vt 0.587 0.702
vt 0.587 0.712
vt 0.587 0.725
vt 0.587 0.734
vt 0.587 0.761
vt 0.587 0.77
vt 0.587 0.783
vt 0.587 0.792
vt 0.587 0.806
vt 0.587 0.815
vt 0.587 0.831
vt 0.587 0.84
vt 0.587 0.854
vt 0.587 0.863
vt 0.587 0.912
vt 0.587 0.922
vt 0.587 0.931
vt 0.587 0.935
vt 0.587 0.944
vt 0.587 0.954
vt 0.587 0.958
vt 0.587 0.968
vt 0.587 0.977
vt 0.587 0.989
vt 0.591 0.011
vt 0.591 0.024
vt 0.591 0.032
vt 0.591 0.042
vt 0.591 0.047
vt 0.591 0.054
vt 0.591 0.057
vt 0.591 0.064
vt 0.591 0.069
vt 0.591 0.077
vt 0.591 0.08
vt 0.591 0.087
vt 0.591 0.138
vt 0.591 0.145
vt 0.591 0.16
vt 0.591 0.168
vt 0.591 0.186
vt 0.591 0.193
vt 0.591 0.208
vt 0.591 0.216
vt 0.591 0.231
vt 0.591 0.239
vt 0.591 0.266
vt 0.591 0.274
vt 0.591 0.289
vt 0.591 0.297
vt 0.591 0.312
vt 0.591 0.319
vt 0.591 0.347
vt 0.591 0.355
vt 0.591 0.357
vt 0.591 0.365
vt 0.591 0.37
vt 0.591 0.378
vt 0.591 0.38
vt 0.591 0.388
vt 0.591 0.393
vt 0.591 0.4
vt 0.591 0.403
vt 0.591 0.41
vt 0.591 0.59
vt 0.591 0.597
vt 0.591 0.6
vt 0.591 0.607
vt 0.591 0.612
vt 0.591 0.62
vt 0.591 0.622
vt 0.591 0.63
vt 0.591 0.635
vt 0.591 0.643
vt 0.591 0.645
vt 0.591 0.653
vt 0.591 0.681
vt 0.591 0.688
vt 0.591 0.703
vt 0.591 0.711
vt 0.591 0.726
vt 0.591 0.734
vt 0.591 0.761
vt 0.591 0.769
vt 0.591 0.784
vt 0.591 0.792
vt 0.591 0.807
vt 0.591 0.814
vt 0.591 0.832
vt 0.591 0.84
vt 0.591 0.855
vt 0.591 0.862
vt 0.591 0.913
vt 0.591 0.92
vt 0.591 0.923
vt 0.591 0.931
vt 0.591 0.936
vt 0.591 0.943
vt 0.591 0.946
vt 0.591 0.953
vt 0.591 0.958
vt 0.591 0.968
vt 0.591 0.976
vt 0.591 0.989
vt 0.595 0.012
vt 0.595 0.025
vt 0.595 0.031
vt 0.595 0.041
vt 0.595 0.048
vt 0.595 0.053
vt 0.595 0.058
vt 0.595 0.063
vt 0.595 0.07
vt 0.595 0.076
vt 0.595 0.08
vt 0.595 0.086
vt 0.595 0.139
vt 0.595 0.144
vt 0.595 0.161
vt 0.595 0.167
vt 0.595 0.187
vt 0.595 0.192
vt 0.595 0.209
vt 0.595 0.215
vt 0.595 0.232
vt 0.595 0.238
vt 0.595 0.267
vt 0.595 0.273
vt 0.595 0.29
vt 0.595 0.296
vt 0.595 0.313
vt 0.595 0.319
vt 0.595 0.348
vt 0.595 0.354
vt 0.595 0.358
vt 0.595 0.364
vt 0.595 0.371
vt 0.595 0.377
vt 0.595 0.381
vt 0.595 0.387
vt 0.595 0.394
vt 0.595 0.399
vt 0.595 0.404
vt 0.595 0.409
vt 0.595 0.591
vt 0.595 0.596
vt 0.595 0.601
vt 0.595 0.606
vt 0.595 0.613
vt 0.595 0.619
vt 0.595 0.623
vt 0.595 0.629
vt 0.595 0.636
vt 0.595 0.642
vt 0.595 0.646
vt 0.595 0.652
vt 0.595 0.681
vt 0.595 0.687
vt 0.595 0.704
vt 0.595 0.71
vt 0.595 0.727
vt 0.595 0.733
vt 0.595 0.762
vt 0.595 0.768
vt 0.595 0.785
vt 0.595 0.791
vt 0.595 0.808
vt 0.595 0.813
vt 0.595 0.833
vt 0.595 0.839
vt 0.595 0.856
vt 0.595 0.861
vt 0.595 0.914
vt 0.595 0.92
vt 0.595 0.924
vt 0.595 0.93
vt 0.595 0.937
vt 0.595 0.942
vt 0.595 0.947
vt 0.595 0.952
vt 0.595 0.959
vt 0.595 0.969
vt 0.595 0.975
vt 0.595 0.988
vt 0.597 0.013
vt 0.597 0.026
vt 0.597 0.03
vt 0.597 0.04
vt 0.597 0.049
vt 0.597 0.052
vt 0.597 0.059
vt 0.597 0.063
vt 0.597 0.071
vt 0.597 0.075
vt 0.597 0.081
vt 0.597 0.085
vt 0.597 0.139
vt 0.597 0.143
vt 0.597 0.162
vt 0.597 0.166
vt 0.597 0.187
vt 0.597 0.191
vt 0.597 0.21
vt 0.597 0.214
vt 0.597 0.233
vt 0.597 0.237
vt 0.597 0.268
vt 0.597 0.272
vt 0.597 0.291
vt 0.597 0.295
vt 0.597 0.314
vt 0.597 0.318
vt 0.597 0.349
vt 0.597 0.353
vt 0.597 0.359
vt 0.597 0.363
vt 0.597 0.372
vt 0.597 0.376
vt 0.597 0.382
vt 0.597 0.386
vt 0.597 0.395
vt 0.597 0.398
vt 0.597 0.405
vt 0.597 0.409
vt 0.597 0.591
vt 0.597 0.595
vt 0.597 0.602
vt 0.597 0.605
vt 0.597 0.614
vt 0.597 0.618
vt 0.597 0.624
vt 0.597 0.628
vt 0.597 0.637
vt 0.597 0.641
vt 0.597 0.647
vt 0.597 0.651
vt 0.597 0.682
vt 0.597 0.686
vt 0.597 0.705
vt 0.597 0.709
vt 0.597 0.728
vt 0.597 0.732
vt 0.597 0.763
vt 0.597 0.767
vt 0.597 0.786
vt 0.597 0.79
vt 0.597 0.809
vt 0.597 0.813
vt 0.597 0.834
vt 0.597 0.838
vt 0.597 0.857
vt 0.597 0.861
vt 0.597 0.915
vt 0.597 0.919
vt 0.597 0.925
vt 0.597 0.929
vt 0.597 0.937
vt 0.597 0.941
vt 0.597 0.948
vt 0.597 0.951
vt 0.597 0.96
vt 0.597 0.97
vt 0.597 0.974
vt 0.597 0.987
vt 0.6 0.015
vt 0.599 0.027
vt 0.599 0.029
vt 0.6 0.038
vt 0.6 0.051
vt 0.6 0.061
vt 0.6 0.073
vt 0.599 0.084
vt 0.599 0.082
vt 0.6 0.141
vt 0.6 0.164
vt 0.599 0.188
vt 0.599 0.19
vt 0.6 0.212
vt 0.599 0.234
vt 0.599 0.236
vt 0.6 0.27
vt 0.599 0.292
vt 0.599 0.294
vt 0.599 0.315
vt 0.599 0.317
vt 0.599 0.352
vt 0.599 0.35
vt 0.6 0.361
vt 0.599 0.373
vt 0.599 0.375
vt 0.599 0.385
vt 0.599 0.383
vt 0.599 0.395
vt 0.599 0.397
vt 0.599 0.406
vt 0.599 0.408
vt 0.6 0.593
vt 0.599 0.603
vt 0.599 0.605
vt 0.599 0.615
vt 0.599 0.617
vt 0.6 0.626
vt 0.599 0.638
vt 0.599 0.64
vt 0.599 0.65
vt 0.599 0.648
vt 0.599 0.685
vt 0.599 0.683
vt 0.599 0.706
vt 0.599 0.708
vt 0.599 0.729
vt 0.599 0.731
vt 0.6 0.765
vt 0.599 0.787
vt 0.599 0.789
vt 0.599 0.81
vt 0.599 0.812
vt 0.599 0.835
vt 0.599 0.837
vt 0.6 0.859
vt 0.599 0.916
vt 0.599 0.918
vt 0.599 0.926
vt 0.599 0.928
vt 0.599 0.938
vt 0.599 0.94
vt 0.599 0.95
vt 0.599 0.949
vt 0.599 0.961
vt 0.599 0.971
vt 0.599 0.973
vt 0.599 0.986
vt 0.635 0.234
vt 0.635 0.494
vt 0.7 0.094
vt 0.7 1
vt 0.71 0
vt 0.71 0.493
vt 0.71 0.501
vt 0.724 0.016
vt 0.724 0.028
vt 0.724 0.037
vt 0.724 0.051
vt 0.724 0.06
vt 0.724 0.074
vt 0.724 0.084
vt 0.724 0.142
vt 0.724 0.164
vt 0.724 0.189
vt 0.724 0.212
vt 0.724 0.234
vt 0.724 0.27
vt 0.724 0.292
vt 0.724 0.316
vt 0.724 0.351
vt 0.724 0.361
vt 0.724 0.374
vt 0.724 0.383
vt 0.724 0.396
vt 0.724 0.406
vt 0.724 0.593
vt 0.724 0.603
vt 0.724 0.616
vt 0.724 0.627
vt 0.724 0.638
vt 0.724 0.648
vt 0.724 0.684
vt 0.724 0.708
vt 0.724 0.729
vt 0.724 0.766
vt 0.724 0.787
vt 0.724 0.81
vt 0.724 0.836
vt 0.724 0.859
vt 0.724 0.917
vt 0.724 0.926
vt 0.724 0.94
vt 0.724 0.949
vt 0.724 0.962
vt 0.724 0.972
vt 0.724 0.985
vt 0.725 0.014
vt 0.725 0.017
vt 0.725 0.026
vt 0.725 0.029
vt 0.725 0.036
vt 0.725 0.039
vt 0.725 0.049
vt 0.725 0.052
vt 0.725 0.059
vt 0.725 0.062
vt 0.725 0.072
vt 0.725 0.075
vt 0.725 0.082
vt 0.725 0.085
vt 0.725 0.14
vt 0.725 0.143
vt 0.725 0.163
vt 0.725 0.166
vt 0.725 0.188
vt 0.725 0.191
vt 0.725 0.211
vt 0.725 0.214
vt 0.725 0.233
vt 0.725 0.236
vt 0.725 0.269
vt 0.725 0.272
vt 0.725 0.291
vt 0.725 0.294
vt 0.725 0.314
vt 0.725 0.317
vt 0.725 0.35
vt 0.725 0.352
vt 0.725 0.36
vt 0.725 0.363
vt 0.725 0.372
vt 0.725 0.375
vt 0.725 0.382
vt 0.725 0.385
vt 0.725 0.395
vt 0.725 0.398
vt 0.725 0.405
vt 0.725 0.408
vt 0.725 0.592
vt 0.725 0.595
vt 0.725 0.602
vt 0.725 0.605
vt 0.725 0.615
vt 0.725 0.618
vt 0.725 0.625
vt 0.725 0.628
vt 0.725 0.637
vt 0.725 0.64
vt 0.725 0.648
vt 0.725 0.65
vt 0.725 0.683
vt 0.725 0.686
vt 0.725 0.706
vt 0.725 0.709
vt 0.725 0.728
vt 0.725 0.731
vt 0.725 0.764
vt 0.725 0.767
vt 0.725 0.786
vt 0.725 0.789
vt 0.725 0.809
vt 0.725 0.812
vt 0.725 0.834
vt 0.725 0.837
vt 0.725 0.857
vt 0.725 0.86
vt 0.725 0.915
vt 0.725 0.918
vt 0.725 0.925
vt 0.725 0.928
vt 0.725 0.938
vt 0.725 0.941
vt 0.725 0.948
vt 0.725 0.951
vt 0.725 0.961
vt 0.725 0.964
vt 0.725 0.971
vt 0.725 0.974
vt 0.725 0.983
vt 0.725 0.986
vt 0.728 0.013
vt 0.728 0.018
vt 0.728 0.025
vt 0.728 0.03
vt 0.728 0.035
vt 0.728 0.04
vt 0.728 0.048
vt 0.728 0.053
vt 0.728 0.058
vt 0.728 0.063
vt 0.728 0.071
vt 0.728 0.076
vt 0.728 0.081
vt 0.728 0.086
vt 0.728 0.139
vt 0.728 0.144
vt 0.728 0.162
vt 0.728 0.167
vt 0.728 0.187
vt 0.728 0.192
vt 0.728 0.21
vt 0.728 0.215
vt 0.728 0.232
vt 0.728 0.237
vt 0.728 0.268
vt 0.728 0.273
vt 0.728 0.291
vt 0.728 0.295
vt 0.728 0.313
vt 0.728 0.318
vt 0.728 0.349
vt 0.728 0.353
vt 0.728 0.359
vt 0.728 0.364
vt 0.728 0.371
vt 0.728 0.376
vt 0.728 0.381
vt 0.728 0.386
vt 0.728 0.394
vt 0.728 0.399
vt 0.728 0.404
vt 0.728 0.409
vt 0.728 0.591
vt 0.728 0.596
vt 0.728 0.601
vt 0.728 0.606
vt 0.728 0.614
vt 0.728 0.619
vt 0.728 0.624
vt 0.728 0.629
vt 0.728 0.636
vt 0.728 0.641
vt 0.728 0.647
vt 0.728 0.651
vt 0.728 0.682
vt 0.728 0.687
vt 0.728 0.705
vt 0.728 0.709
vt 0.728 0.727
vt 0.728 0.732
vt 0.728 0.763
vt 0.728 0.768
vt 0.728 0.785
vt 0.728 0.79
vt 0.728 0.808
vt 0.728 0.813
vt 0.728 0.833
vt 0.728 0.838
vt 0.728 0.856
vt 0.728 0.861
vt 0.728 0.914
vt 0.728 0.919
vt 0.728 0.924
vt 0.728 0.929
vt 0.728 0.937
vt 0.728 0.942
vt 0.728 0.947
vt 0.728 0.952
vt 0.728 0.96
vt 0.728 0.965
vt 0.728 0.97
vt 0.728 0.975
vt 0.728 0.982
vt 0.728 0.987
vt 0.731 0.012
vt 0.731 0.018
vt 0.731 0.024
vt 0.731 0.031
vt 0.731 0.035
vt 0.731 0.041
vt 0.731 0.047
vt 0.731 0.054
vt 0.731 0.057
vt 0.731 0.064
vt 0.731 0.07
vt 0.731 0.077
vt 0.731 0.08
vt 0.731 0.087
vt 0.731 0.138
vt 0.731 0.145
vt 0.731 0.161
vt 0.731 0.167
vt 0.731 0.186
vt 0.731 0.193
vt 0.731 0.209
vt 0.731 0.215
vt 0.731 0.232
vt 0.731 0.238
vt 0.731 0.267
vt 0.731 0.274
vt 0.731 0.29
vt 0.731 0.296
vt 0.731 0.312
vt 0.731 0.319
vt 0.731 0.348
vt 0.731 0.354
vt 0.731 0.358
vt 0.731 0.364
vt 0.731 0.37
vt 0.731 0.377
vt 0.731 0.381
vt 0.731 0.387
vt 0.731 0.393
vt 0.731 0.4
vt 0.731 0.403
vt 0.731 0.41
vt 0.731 0.59
vt 0.731 0.597
vt 0.731 0.6
vt 0.731 0.607
vt 0.731 0.613
vt 0.731 0.619
vt 0.731 0.623
vt 0.731 0.63
vt 0.731 0.636
vt 0.731 0.642
vt 0.731 0.646
vt 0.731 0.652
vt 0.731 0.681
vt 0.731 0.688
vt 0.731 0.704
vt 0.731 0.71
vt 0.731 0.726
vt 0.731 0.733
vt 0.731 0.762
vt 0.731 0.768
vt 0.731 0.785
vt 0.731 0.791
vt 0.731 0.807
vt 0.731 0.814
vt 0.731 0.833
vt 0.731 0.839
vt 0.731 0.855
vt 0.731 0.862
vt 0.731 0.913
vt 0.731 0.92
vt 0.731 0.923
vt 0.731 0.93
vt 0.731 0.936
vt 0.731 0.943
vt 0.731 0.946
vt 0.731 0.953
vt 0.731 0.959
vt 0.731 0.965
vt 0.731 0.969
vt 0.731 0.976
vt 0.731 0.982
vt 0.731 0.988
vt 0.735 0.011
vt 0.735 0.019
vt 0.735 0.024
vt 0.735 0.032
vt 0.735 0.034
vt 0.735 0.042
vt 0.735 0.046
vt 0.735 0.055
vt 0.735 0.056
vt 0.735 0.065
vt 0.735 0.069
vt 0.735 0.077
vt 0.735 0.079
vt 0.735 0.088
vt 0.735 0.137
vt 0.735 0.146
vt 0.735 0.16
vt 0.735 0.168
vt 0.735 0.185
vt 0.735 0.194
vt 0.735 0.208
vt 0.735 0.216
vt 0.735 0.231
vt 0.735 0.239
vt 0.735 0.266
vt 0.735 0.274
vt 0.735 0.289
vt 0.735 0.297
vt 0.735 0.311
vt 0.735 0.32
vt 0.735 0.347
vt 0.735 0.355
vt 0.735 0.357
vt 0.735 0.365
vt 0.735 0.37
vt 0.735 0.378
vt 0.735 0.38
vt 0.735 0.388
vt 0.735 0.392
vt 0.735 0.401
vt 0.735 0.402
vt 0.735 0.411
vt 0.735 0.589
vt 0.735 0.598
vt 0.735 0.599
vt 0.735 0.608
vt 0.735 0.612
vt 0.735 0.62
vt 0.735 0.622
vt 0.735 0.63
vt 0.735 0.635
vt 0.735 0.643
vt 0.735 0.645
vt 0.735 0.653
vt 0.735 0.68
vt 0.735 0.689
vt 0.735 0.703
vt 0.735 0.711
vt 0.735 0.726
vt 0.735 0.734
vt 0.735 0.761
vt 0.735 0.769
vt 0.735 0.784
vt 0.735 0.792
vt 0.735 0.806
vt 0.735 0.815
vt 0.735 0.832
vt 0.735 0.84
vt 0.735 0.854
vt 0.735 0.863
vt 0.735 0.912
vt 0.735 0.921
vt 0.735 0.923
vt 0.735 0.931
vt 0.735 0.935
vt 0.735 0.944
vt 0.735 0.945
vt 0.735 0.954
vt 0.735 0.958
vt 0.735 0.966
vt 0.735 0.968
vt 0.735 0.976
vt 0.735 0.981
vt 0.735 0.989
vt 0.74 0.01
vt 0.74 0.02
vt 0.74 0.023
vt 0.74 0.033
vt 0.74 0.043
vt 0.74 0.046
vt 0.74 0.056
vt 0.74 0.066
vt 0.74 0.068
vt 0.74 0.078
vt 0.74 0.088
vt 0.74 0.136
vt 0.74 0.146
vt 0.74 0.159
vt 0.74 0.169
vt 0.74 0.184
vt 0.74 0.194
vt 0.74 0.207
vt 0.74 0.217
vt 0.74 0.23
vt 0.74 0.24
vt 0.74 0.265
vt 0.74 0.275
vt 0.74 0.288
vt 0.74 0.298
vt 0.74 0.311
vt 0.74 0.321
vt 0.74 0.346
vt 0.74 0.356
vt 0.74 0.366
vt 0.74 0.369
vt 0.74 0.379
vt 0.74 0.389
vt 0.74 0.391
vt 0.74 0.401
vt 0.74 0.412
vt 0.74 0.588
vt 0.74 0.598
vt 0.74 0.609
vt 0.74 0.611
vt 0.74 0.621
vt 0.74 0.631
vt 0.74 0.634
vt 0.74 0.644
vt 0.74 0.654
vt 0.74 0.679
vt 0.74 0.689
vt 0.74 0.702
vt 0.74 0.712
vt 0.74 0.725
vt 0.74 0.735
vt 0.74 0.76
vt 0.74 0.77
vt 0.74 0.783
vt 0.74 0.793
vt 0.74 0.806
vt 0.74 0.816
vt 0.74 0.831
vt 0.74 0.841
vt 0.74 0.854
vt 0.74 0.864
vt 0.74 0.912
vt 0.74 0.922
vt 0.74 0.932
vt 0.74 0.934
vt 0.74 0.944
vt 0.74 0.954
vt 0.74 0.957
vt 0.74 0.967
vt 0.74 0.977
vt 0.74 0.98
vt 0.74 0.99
vt 0.745 0.009
vt 0.745 0.021
vt 0.745 0.022
vt 0.745 0.032
vt 0.745 0.033
vt 0.745 0.044
vt 0.745 0.045
vt 0.745 0.055
vt 0.745 0.056
vt 0.745 0.066
vt 0.745 0.068
vt 0.745 0.078
vt 0.745 0.079
vt 0.745 0.089
vt 0.745 0.136
vt 0.745 0.147
vt 0.745 0.158
vt 0.745 0.17
vt 0.745 0.184
vt 0.745 0.195
vt 0.745 0.206
vt 0.745 0.218
vt 0.745 0.229
vt 0.745 0.241
vt 0.745 0.264
vt 0.745 0.276
vt 0.745 0.287
vt 0.745 0.299
vt 0.745 0.31
vt 0.745 0.321
vt 0.745 0.345
vt 0.745 0.355
vt 0.745 0.357
vt 0.745 0.367
vt 0.745 0.368
vt 0.745 0.378
vt 0.745 0.379
vt 0.745 0.39
vt 0.745 0.391
vt 0.745 0.401
vt 0.745 0.402
vt 0.745 0.412
vt 0.745 0.588
vt 0.745 0.598
vt 0.745 0.599
vt 0.745 0.609
vt 0.745 0.61
vt 0.745 0.621
vt 0.745 0.622
vt 0.745 0.632
vt 0.745 0.633
vt 0.745 0.643
vt 0.745 0.645
vt 0.745 0.655
vt 0.745 0.679
vt 0.745 0.69
vt 0.745 0.701
vt 0.745 0.713
vt 0.745 0.724
vt 0.745 0.736
vt 0.745 0.759
vt 0.745 0.771
vt 0.745 0.782
vt 0.745 0.794
vt 0.745 0.805
vt 0.745 0.816
vt 0.745 0.83
vt 0.745 0.842
vt 0.745 0.853
vt 0.745 0.864
vt 0.745 0.911
vt 0.745 0.921
vt 0.745 0.922
vt 0.745 0.932
vt 0.745 0.934
vt 0.745 0.944
vt 0.745 0.945
vt 0.745 0.955
vt 0.745 0.956
vt 0.745 0.967
vt 0.745 0.968
vt 0.745 0.978
vt 0.745 0.979
vt 0.745 0.991
vt 0.752 0.009
vt 0.752 0.021
vt 0.752 0.032
vt 0.752 0.034
vt 0.752 0.044
vt 0.752 0.054
vt 0.752 0.057
vt 0.752 0.067
vt 0.752 0.077
vt 0.752 0.08
vt 0.752 0.09
vt 0.752 0.135
vt 0.752 0.148
vt 0.752 0.158
vt 0.752 0.17
vt 0.752 0.183
vt 0.752 0.196
vt 0.752 0.206
vt 0.752 0.218
vt 0.752 0.229
vt 0.752 0.241
vt 0.752 0.264
vt 0.752 0.277
vt 0.752 0.287
vt 0.752 0.299
vt 0.752 0.309
vt 0.752 0.322
vt 0.752 0.345
vt 0.752 0.355
vt 0.752 0.357
vt 0.752 0.367
vt 0.752 0.377
vt 0.752 0.38
vt 0.752 0.39
vt 0.752 0.4
vt 0.752 0.403
vt 0.752 0.413
vt 0.752 0.587
vt 0.752 0.597
vt 0.752 0.6
vt 0.752 0.61
vt 0.752 0.62
vt 0.752 0.623
vt 0.752 0.633
vt 0.752 0.643
vt 0.752 0.645
vt 0.752 0.655
vt 0.752 0.678
vt 0.752 0.691
vt 0.752 0.701
vt 0.752 0.713
vt 0.752 0.723
vt 0.752 0.736
vt 0.752 0.759
vt 0.752 0.771
vt 0.752 0.782
vt 0.752 0.794
vt 0.752 0.804
vt 0.752 0.817
vt 0.752 0.83
vt 0.752 0.842
vt 0.752 0.852
vt 0.752 0.865
vt 0.752 0.91
vt 0.752 0.92
vt 0.752 0.923
vt 0.752 0.933
vt 0.752 0.943
vt 0.752 0.946
vt 0.752 0.956
vt 0.752 0.966
vt 0.752 0.968
vt 0.752 0.979
vt 0.752 0.991
vt 0.759 0.008
vt 0.759 0.021
vt 0.759 0.022
vt 0.759 0.031
vt 0.759 0.035
vt 0.759 0.044
vt 0.759 0.045
vt 0.759 0.054
vt 0.759 0.057
vt 0.759 0.066
vt 0.759 0.067
vt 0.759 0.076
vt 0.759 0.08
vt 0.759 0.09
vt 0.759 0.135
vt 0.759 0.148
vt 0.759 0.157
vt 0.759 0.171
vt 0.759 0.183
vt 0.759 0.196
vt 0.759 0.205
vt 0.759 0.219
vt 0.759 0.228
vt 0.759 0.242
vt 0.759 0.263
vt 0.759 0.277
vt 0.759 0.286
vt 0.759 0.3
vt 0.759 0.309
vt 0.759 0.323
vt 0.759 0.344
vt 0.759 0.354
vt 0.759 0.358
vt 0.759 0.367
vt 0.759 0.368
vt 0.759 0.377
vt 0.759 0.381
vt 0.759 0.39
vt 0.759 0.391
vt 0.759 0.4
vt 0.759 0.403
vt 0.759 0.413
vt 0.759 0.587
vt 0.759 0.597
vt 0.759 0.6
vt 0.759 0.609
vt 0.759 0.61
vt 0.759 0.619
vt 0.759 0.623
vt 0.759 0.632
vt 0.759 0.633
vt 0.759 0.642
vt 0.759 0.646
vt 0.759 0.656
vt 0.759 0.677
vt 0.759 0.691
vt 0.759 0.7
vt 0.759 0.714
vt 0.759 0.723
vt 0.759 0.737
vt 0.759 0.758
vt 0.759 0.772
vt 0.759 0.781
vt 0.759 0.795
vt 0.759 0.804
vt 0.759 0.817
vt 0.759 0.829
vt 0.759 0.843
vt 0.759 0.852
vt 0.759 0.865
vt 0.759 0.91
vt 0.759 0.92
vt 0.759 0.924
vt 0.759 0.933
vt 0.759 0.934
vt 0.759 0.943
vt 0.759 0.946
vt 0.759 0.955
vt 0.759 0.956
vt 0.759 0.965
vt 0.759 0.969
vt 0.759 0.978
vt 0.759 0.979
vt 0.759 0.992
vt 0.767 0
vt 0.766 0.008
vt 0.766 0.02
vt 0.766 0.022
vt 0.766 0.031
vt 0.766 0.035
vt 0.766 0.043
vt 0.766 0.045
vt 0.766 0.053
vt 0.766 0.058
vt 0.766 0.066
vt 0.766 0.068
vt 0.766 0.076
vt 0.766 0.081
vt 0.766 0.091
vt 0.766 0.134
vt 0.766 0.149
vt 0.766 0.157
vt 0.766 0.171
vt 0.766 0.182
vt 0.766 0.197
vt 0.766 0.205
vt 0.766 0.219
vt 0.766 0.228
vt 0.766 0.242
vt 0.766 0.263
vt 0.766 0.278
vt 0.766 0.286
vt 0.766 0.3
vt 0.766 0.308
vt 0.766 0.323
vt 0.766 0.344
vt 0.766 0.354
vt 0.766 0.358
vt 0.766 0.366
vt 0.766 0.368
vt 0.766 0.377
vt 0.766 0.381
vt 0.766 0.389
vt 0.766 0.391
vt 0.766 0.399
vt 0.766 0.404
vt 0.766 0.414
vt 0.766 0.586
vt 0.766 0.596
vt 0.766 0.601
vt 0.766 0.609
vt 0.766 0.611
vt 0.766 0.619
vt 0.766 0.623
vt 0.766 0.632
vt 0.766 0.634
vt 0.766 0.642
vt 0.766 0.646
vt 0.766 0.656
vt 0.766 0.677
vt 0.766 0.692
vt 0.766 0.7
vt 0.766 0.714
vt 0.766 0.722
vt 0.766 0.737
vt 0.766 0.758
vt 0.767 0.773
vt 0.766 0.781
vt 0.766 0.795
vt 0.766 0.803
vt 0.766 0.818
vt 0.766 0.829
vt 0.767 0.833
vt 0.766 0.843
vt 0.766 0.851
vt 0.766 0.866
vt 0.766 0.909
vt 0.766 0.919
vt 0.766 0.924
vt 0.766 0.932
vt 0.766 0.934
vt 0.766 0.942
vt 0.766 0.947
vt 0.766 0.955
vt 0.766 0.957
vt 0.766 0.965
vt 0.766 0.969
vt 0.766 0.978
vt 0.766 0.98
vt 0.766 0.992
vt 0.767 1
vt 0.774 0.008
vt 0.774 0.02
vt 0.774 0.023
vt 0.774 0.03
vt 0.774 0.035
vt 0.774 0.043
vt 0.774 0.046
vt 0.774 0.053
vt 0.774 0.058
vt 0.774 0.066
vt 0.774 0.068
vt 0.774 0.076
vt 0.774 0.081
vt 0.774 0.091
vt 0.774 0.134
vt 0.774 0.149
vt 0.774 0.156
vt 0.774 0.172
vt 0.774 0.182
vt 0.774 0.197
vt 0.774 0.204
vt 0.774 0.22
vt 0.774 0.227
vt 0.774 0.242
vt 0.774 0.263
vt 0.774 0.278
vt 0.774 0.285
vt 0.774 0.301
vt 0.774 0.308
vt 0.774 0.323
vt 0.774 0.343
vt 0.774 0.353
vt 0.774 0.359
vt 0.774 0.366
vt 0.774 0.369
vt 0.774 0.376
vt 0.774 0.381
vt 0.774 0.389
vt 0.774 0.391
vt 0.774 0.399
vt 0.774 0.404
vt 0.774 0.414
vt 0.774 0.586
vt 0.774 0.596
vt 0.774 0.601
vt 0.774 0.609
vt 0.774 0.611
vt 0.774 0.619
vt 0.774 0.624
vt 0.774 0.631
vt 0.774 0.634
vt 0.774 0.641
vt 0.774 0.647
vt 0.774 0.657
vt 0.774 0.677
vt 0.774 0.692
vt 0.774 0.699
vt 0.774 0.715
vt 0.774 0.722
vt 0.774 0.737
vt 0.774 0.758
vt 0.774 0.773
vt 0.774 0.78
vt 0.774 0.796
vt 0.774 0.803
vt 0.774 0.818
vt 0.774 0.828
vt 0.774 0.844
vt 0.774 0.851
vt 0.774 0.866
vt 0.774 0.909
vt 0.774 0.919
vt 0.774 0.924
vt 0.774 0.932
vt 0.774 0.934
vt 0.774 0.942
vt 0.774 0.947
vt 0.774 0.954
vt 0.774 0.957
vt 0.774 0.965
vt 0.774 0.97
vt 0.774 0.977
vt 0.774 0.98
vt 0.774 0.992
vt 0.783 0.007
vt 0.783 0.02
vt 0.783 0.023
vt 0.783 0.03
vt 0.783 0.036
vt 0.783 0.043
vt 0.783 0.046
vt 0.783 0.053
vt 0.783 0.058
vt 0.783 0.065
vt 0.783 0.068
vt 0.783 0.075
vt 0.783 0.081
vt 0.783 0.091
vt 0.783 0.134
vt 0.783 0.149
vt 0.783 0.156
vt 0.783 0.172
vt 0.783 0.182
vt 0.783 0.197
vt 0.783 0.204
vt 0.783 0.22
vt 0.783 0.227
vt 0.783 0.243
vt 0.783 0.262
vt 0.783 0.278
vt 0.783 0.285
vt 0.783 0.301
vt 0.783 0.308
vt 0.783 0.324
vt 0.783 0.343
vt 0.783 0.353
vt 0.783 0.359
vt 0.783 0.366
vt 0.783 0.369
vt 0.783 0.376
vt 0.783 0.382
vt 0.783 0.389
vt 0.783 0.392
vt 0.783 0.399
vt 0.783 0.404
vt 0.783 0.414
vt 0.783 0.586
vt 0.783 0.596
vt 0.783 0.601
vt 0.783 0.608
vt 0.783 0.611
vt 0.783 0.618
vt 0.783 0.624
vt 0.783 0.631
vt 0.783 0.634
vt 0.783 0.641
vt 0.783 0.647
vt 0.783 0.657
vt 0.783 0.676
vt 0.783 0.692
vt 0.783 0.699
vt 0.783 0.715
vt 0.783 0.722
vt 0.783 0.738
vt 0.783 0.757
vt 0.783 0.773
vt 0.783 0.78
vt 0.783 0.796
vt 0.783 0.803
vt 0.783 0.818
vt 0.783 0.828
vt 0.783 0.844
vt 0.783 0.851
vt 0.783 0.866
vt 0.783 0.909
vt 0.783 0.919
vt 0.783 0.925
vt 0.783 0.932
vt 0.783 0.935
vt 0.783 0.942
vt 0.783 0.947
vt 0.783 0.954
vt 0.783 0.957
vt 0.783 0.964
vt 0.783 0.97
vt 0.783 0.977
vt 0.783 0.98
vt 0.783 0.993
vt 0.791 0.007
vt 0.791 0.02
vt 0.791 0.023
vt 0.791 0.03
vt 0.791 0.036
vt 0.791 0.043
vt 0.791 0.046
vt 0.791 0.053
vt 0.791 0.058
vt 0.791 0.065
vt 0.791 0.069
vt 0.791 0.075
vt 0.791 0.081
vt 0.791 0.091
vt 0.791 0.133
vt 0.791 0.149
vt 0.791 0.156
vt 0.791 0.172
vt 0.791 0.181
vt 0.791 0.197
vt 0.791 0.204
vt 0.791 0.22
vt 0.791 0.227
vt 0.791 0.243
vt 0.791 0.262
vt 0.791 0.278
vt 0.791 0.285
vt 0.791 0.301
vt 0.791 0.308
vt 0.791 0.324
vt 0.791 0.343
vt 0.791 0.353
vt 0.791 0.359
vt 0.791 0.366
vt 0.791 0.369
vt 0.791 0.376
vt 0.791 0.382
vt 0.791 0.389
vt 0.791 0.392
vt 0.791 0.399
vt 0.791 0.404
vt 0.791 0.415
vt 0.791 0.585
vt 0.791 0.596
vt 0.791 0.601
vt 0.791 0.608
vt 0.791 0.611
vt 0.791 0.618
vt 0.791 0.624
vt 0.791 0.631
vt 0.791 0.634
vt 0.791 0.641
vt 0.791 0.647
vt 0.791 0.657
vt 0.791 0.676
vt 0.791 0.692
vt 0.791 0.699
vt 0.791 0.715
vt 0.791 0.722
vt 0.791 0.738
vt 0.791 0.757
vt 0.791 0.773
vt 0.791 0.78
vt 0.791 0.796
vt 0.791 0.803
vt 0.791 0.819
vt 0.791 0.828
vt 0.791 0.844
vt 0.791 0.851
vt 0.791 0.867
vt 0.791 0.909
vt 0.791 0.919
vt 0.791 0.925
vt 0.791 0.931
vt 0.791 0.935
vt 0.791 0.942
vt 0.791 0.947
vt 0.791 0.954
vt 0.791 0.957
vt 0.791 0.964
vt 0.791 0.97
vt 0.791 0.977
vt 0.791 0.98
vt 0.791 0.993
vt 0.794 0.122
vt 0.794 0.7
vt 0.798 0.3
vt 0.798 0.878
vt 0.8 0.007
vt 0.8 0.02
vt 0.8 0.023
vt 0.8 0.03
vt 0.8 0.036
vt 0.8 0.043
vt 0.8 0.046
vt 0.8 0.053
vt 0.8 0.058
vt 0.8 0.065
vt 0.8 0.069
vt 0.8 0.075
vt 0.8 0.081
vt 0.8 0.091
vt 0.8 0.133
vt 0.8 0.149
vt 0.8 0.156
vt 0.8 0.172
vt 0.8 0.181
vt 0.8 0.197
vt 0.8 0.204
vt 0.8 0.22
vt 0.8 0.227
vt 0.8 0.243
vt 0.8 0.262
vt 0.8 0.278
vt 0.8 0.285
vt 0.8 0.301
vt 0.8 0.308
vt 0.8 0.324
vt 0.8 0.343
vt 0.8 0.353
vt 0.8 0.359
vt 0.8 0.366
vt 0.8 0.369
vt 0.8 0.376
vt 0.8 0.382
vt 0.8 0.389
vt 0.8 0.392
vt 0.8 0.399
vt 0.8 0.404
vt 0.8 0.414
vt 0.8 0.586
vt 0.8 0.596
vt 0.8 0.601
vt 0.8 0.608
vt 0.8 0.611
vt 0.8 0.618
vt 0.8 0.624
vt 0.8 0.631
vt 0.8 0.634
vt 0.8 0.641
vt 0.8 0.647
vt 0.8 0.657
vt 0.8 0.676
vt 0.8 0.692
vt 0.8 0.699
vt 0.8 0.715
vt 0.8 0.722
vt 0.8 0.738
vt 0.8 0.757
vt 0.8 0.773
vt 0.8 0.78
vt 0.8 0.796
vt 0.8 0.803
vt 0.8 0.819
vt 0.8 0.828
vt 0.8 0.844
vt 0.8 0.851
vt 0.8 0.867
vt 0.8 0.909
vt 0.8 0.919
vt 0.8 0.925
vt 0.8 0.931
vt 0.8 0.935
vt 0.8 0.942
vt 0.8 0.947
vt 0.8 0.954
vt 0.8 0.957
vt 0.8 0.964
vt 0.8 0.97
vt 0.8 0.977
vt 0.8 0.98
vt 0.8 0.993
vt 0.808 0.007
vt 0.808 0.02
vt 0.808 0.023
vt 0.808 0.03
vt 0.808 0.036
vt 0.808 0.043
vt 0.808 0.046
vt 0.808 0.053
vt 0.808 0.058
vt 0.808 0.065
vt 0.808 0.068
vt 0.808 0.076
vt 0.808 0.081
vt 0.808 0.091
vt 0.808 0.134
vt 0.808 0.149
vt 0.808 0.156
vt 0.808 0.172
vt 0.808 0.182
vt 0.808 0.197
vt 0.808 0.204
vt 0.808 0.22
vt 0.808 0.227
vt 0.808 0.243
vt 0.808 0.262
vt 0.808 0.278
vt 0.808 0.285
vt 0.808 0.301
vt 0.808 0.308
vt 0.808 0.323
vt 0.808 0.343
vt 0.808 0.353
vt 0.808 0.359
vt 0.808 0.366
vt 0.808 0.369
vt 0.808 0.376
vt 0.808 0.382
vt 0.808 0.389
vt 0.808 0.392
vt 0.808 0.399
vt 0.808 0.404
vt 0.808 0.414
vt 0.808 0.586
vt 0.808 0.596
vt 0.808 0.601
vt 0.808 0.608
vt 0.808 0.611
vt 0.808 0.618
vt 0.808 0.624
vt 0.808 0.631
vt 0.808 0.634
vt 0.808 0.641
vt 0.808 0.647
vt 0.808 0.657
vt 0.808 0.677
vt 0.808 0.692
vt 0.808 0.699
vt 0.808 0.715
vt 0.808 0.722
vt 0.808 0.738
vt 0.808 0.757
vt 0.808 0.773
vt 0.808 0.78
vt 0.808 0.796
vt 0.808 0.803
vt 0.808 0.818
vt 0.808 0.828
vt 0.808 0.844
vt 0.808 0.851
vt 0.808 0.866
vt 0.808 0.909
vt 0.808 0.919
vt 0.808 0.924
vt 0.808 0.932
vt 0.808 0.935
vt 0.808 0.942
vt 0.808 0.947
vt 0.808 0.954
vt 0.808 0.957
vt 0.808 0.964
vt 0.808 0.97
vt 0.808 0.977
vt 0.808 0.98
vt 0.808 0.993
vt 0.816 0.008
vt 0.816 0.02
vt 0.816 0.023
vt 0.816 0.03
vt 0.816 0.035
vt 0.816 0.043
vt 0.816 0.045
vt 0.816 0.053
vt 0.816 0.058
vt 0.816 0.066
vt 0.816 0.068
vt 0.816 0.076
vt 0.816 0.081
vt 0.816 0.091
vt 0.816 0.134
vt 0.816 0.149
vt 0.816 0.157
vt 0.816 0.172
vt 0.816 0.182
vt 0.816 0.197
vt 0.816 0.205
vt 0.816 0.22
vt 0.816 0.227
vt 0.816 0.242
vt 0.816 0.263
vt 0.816 0.278
vt 0.816 0.285
vt 0.816 0.3
vt 0.816 0.308
vt 0.816 0.323
vt 0.816 0.344
vt 0.816 0.354
vt 0.816 0.359
vt 0.816 0.366
vt 0.816 0.369
vt 0.816 0.376
vt 0.816 0.381
vt 0.816 0.389
vt 0.816 0.391
vt 0.816 0.399
vt 0.816 0.404
vt 0.816 0.414
vt 0.816 0.586
vt 0.816 0.596
vt 0.816 0.601
vt 0.816 0.609
vt 0.816 0.611
vt 0.816 0.619
vt 0.816 0.624
vt 0.816 0.631
vt 0.816 0.634
vt 0.816 0.641
vt 0.816 0.646
vt 0.816 0.656
vt 0.816 0.677
vt 0.816 0.692
vt 0.816 0.7
vt 0.816 0.715
vt 0.816 0.722
vt 0.816 0.737
vt 0.816 0.758
vt 0.816 0.773
vt 0.816 0.78
vt 0.816 0.795
vt 0.816 0.803
vt 0.816 0.818
vt 0.816 0.828
vt 0.816 0.843
vt 0.816 0.851
vt 0.816 0.866
vt 0.816 0.909
vt 0.816 0.919
vt 0.816 0.924
vt 0.816 0.932
vt 0.816 0.934
vt 0.816 0.942
vt 0.816 0.947
vt 0.816 0.955
vt 0.816 0.957
vt 0.816 0.965
vt 0.816 0.97
vt 0.816 0.977
vt 0.816 0.98
vt 0.816 0.992
vt 0.824 0.008
vt 0.824 0.021
vt 0.824 0.022
vt 0.824 0.031
vt 0.824 0.035
vt 0.824 0.043
vt 0.824 0.045
vt 0.824 0.053
vt 0.824 0.058
vt 0.824 0.066
vt 0.824 0.068
vt 0.824 0.076
vt 0.824 0.08
vt 0.824 0.09
vt 0.824 0.134
vt 0.824 0.149
vt 0.824 0.157
vt 0.824 0.171
vt 0.824 0.182
vt 0.824 0.197
vt 0.824 0.205
vt 0.824 0.219
vt 0.824 0.228
vt 0.824 0.242
vt 0.824 0.263
vt 0.824 0.277
vt 0.824 0.286
vt 0.824 0.3
vt 0.824 0.309
vt 0.824 0.323
vt 0.824 0.344
vt 0.824 0.354
vt 0.824 0.358
vt 0.824 0.367
vt 0.824 0.368
vt 0.824 0.377
vt 0.824 0.381
vt 0.824 0.389
vt 0.824 0.391
vt 0.824 0.399
vt 0.824 0.404
vt 0.824 0.414
vt 0.824 0.586
vt 0.824 0.596
vt 0.824 0.601
vt 0.824 0.609
vt 0.824 0.611
vt 0.824 0.619
vt 0.824 0.623
vt 0.824 0.632
vt 0.824 0.633
vt 0.824 0.642
vt 0.824 0.646
vt 0.824 0.656
vt 0.824 0.677
vt 0.824 0.691
vt 0.824 0.7
vt 0.824 0.714
vt 0.824 0.723
vt 0.824 0.737
vt 0.824 0.758
vt 0.824 0.772
vt 0.824 0.781
vt 0.824 0.795
vt 0.824 0.803
vt 0.824 0.818
vt 0.824 0.829
vt 0.824 0.843
vt 0.824 0.851
vt 0.824 0.866
vt 0.824 0.91
vt 0.824 0.92
vt 0.824 0.924
vt 0.824 0.932
vt 0.824 0.934
vt 0.824 0.942
vt 0.824 0.947
vt 0.824 0.955
vt 0.824 0.957
vt 0.824 0.965
vt 0.824 0.969
vt 0.824 0.978
vt 0.824 0.979
vt 0.824 0.992
vt 0.831 0.009
vt 0.831 0.022
vt 0.831 0.031
vt 0.831 0.034
vt 0.831 0.044
vt 0.831 0.054
vt 0.831 0.057
vt 0.831 0.067
vt 0.831 0.077
vt 0.831 0.08
vt 0.831 0.09
vt 0.831 0.135
vt 0.831 0.148
vt 0.831 0.158
vt 0.831 0.171
vt 0.831 0.183
vt 0.831 0.196
vt 0.831 0.205
vt 0.831 0.219
vt 0.831 0.228
vt 0.831 0.241
vt 0.831 0.264
vt 0.831 0.277
vt 0.831 0.286
vt 0.831 0.3
vt 0.831 0.309
vt 0.831 0.322
vt 0.831 0.344
vt 0.831 0.354
vt 0.831 0.358
vt 0.831 0.367
vt 0.831 0.377
vt 0.831 0.38
vt 0.831 0.39
vt 0.831 0.4
vt 0.831 0.403
vt 0.831 0.413
vt 0.831 0.587
vt 0.831 0.597
vt 0.831 0.6
vt 0.831 0.61
vt 0.831 0.62
vt 0.831 0.623
vt 0.831 0.633
vt 0.831 0.642
vt 0.831 0.646
vt 0.831 0.656
vt 0.831 0.678
vt 0.831 0.691
vt 0.831 0.7
vt 0.831 0.714
vt 0.831 0.723
vt 0.831 0.736
vt 0.831 0.759
vt 0.831 0.772
vt 0.831 0.781
vt 0.831 0.795
vt 0.831 0.804
vt 0.831 0.817
vt 0.831 0.829
vt 0.831 0.842
vt 0.831 0.852
vt 0.831 0.865
vt 0.831 0.91
vt 0.831 0.92
vt 0.831 0.923
vt 0.831 0.933
vt 0.831 0.943
vt 0.831 0.946
vt 0.831 0.955
vt 0.831 0.966
vt 0.831 0.969
vt 0.831 0.978
vt 0.831 0.991
vt 0.838 0.009
vt 0.838 0.022
vt 0.838 0.032
vt 0.838 0.034
vt 0.838 0.044
vt 0.838 0.055
vt 0.838 0.057
vt 0.838 0.067
vt 0.838 0.077
vt 0.838 0.079
vt 0.838 0.089
vt 0.838 0.135
vt 0.838 0.147
vt 0.838 0.158
vt 0.838 0.17
vt 0.838 0.183
vt 0.838 0.195
vt 0.838 0.206
vt 0.838 0.218
vt 0.838 0.229
vt 0.838 0.241
vt 0.838 0.264
vt 0.838 0.276
vt 0.838 0.287
vt 0.838 0.299
vt 0.838 0.31
vt 0.838 0.322
vt 0.838 0.345
vt 0.838 0.355
vt 0.838 0.357
vt 0.838 0.367
vt 0.838 0.378
vt 0.838 0.38
vt 0.838 0.39
vt 0.838 0.401
vt 0.838 0.403
vt 0.838 0.413
vt 0.838 0.587
vt 0.838 0.597
vt 0.838 0.599
vt 0.838 0.61
vt 0.838 0.62
vt 0.838 0.622
vt 0.838 0.633
vt 0.838 0.643
vt 0.838 0.645
vt 0.838 0.655
vt 0.838 0.678
vt 0.838 0.69
vt 0.838 0.701
vt 0.838 0.713
vt 0.838 0.724
vt 0.838 0.736
vt 0.838 0.759
vt 0.838 0.771
vt 0.838 0.782
vt 0.838 0.794
vt 0.838 0.805
vt 0.838 0.817
vt 0.838 0.83
vt 0.838 0.842
vt 0.838 0.853
vt 0.838 0.865
vt 0.838 0.911
vt 0.838 0.921
vt 0.838 0.923
vt 0.838 0.933
vt 0.838 0.943
vt 0.838 0.945
vt 0.838 0.956
vt 0.838 0.966
vt 0.838 0.968
vt 0.838 0.979
vt 0.838 0.991
vt 0.844 0.01
vt 0.844 0.021
vt 0.844 0.022
vt 0.844 0.033
vt 0.844 0.043
vt 0.844 0.045
vt 0.844 0.055
vt 0.844 0.066
vt 0.844 0.068
vt 0.844 0.079
vt 0.844 0.089
vt 0.844 0.136
vt 0.844 0.147
vt 0.844 0.159
vt 0.844 0.17
vt 0.844 0.184
vt 0.844 0.195
vt 0.844 0.207
vt 0.844 0.217
vt 0.844 0.229
vt 0.844 0.24
vt 0.844 0.265
vt 0.844 0.276
vt 0.844 0.288
vt 0.844 0.298
vt 0.844 0.31
vt 0.844 0.321
vt 0.844 0.346
vt 0.844 0.356
vt 0.844 0.366
vt 0.844 0.368
vt 0.844 0.379
vt 0.844 0.389
vt 0.844 0.391
vt 0.844 0.402
vt 0.844 0.412
vt 0.844 0.588
vt 0.844 0.599
vt 0.844 0.609
vt 0.844 0.611
vt 0.844 0.621
vt 0.844 0.632
vt 0.844 0.634
vt 0.844 0.644
vt 0.844 0.654
vt 0.844 0.679
vt 0.844 0.69
vt 0.844 0.702
vt 0.844 0.712
vt 0.844 0.724
vt 0.844 0.735
vt 0.844 0.76
vt 0.844 0.771
vt 0.844 0.783
vt 0.844 0.793
vt 0.844 0.805
vt 0.844 0.816
vt 0.844 0.831
vt 0.844 0.841
vt 0.844 0.853
vt 0.844 0.864
vt 0.844 0.911
vt 0.844 0.922
vt 0.844 0.932
vt 0.844 0.934
vt 0.844 0.945
vt 0.844 0.955
vt 0.844 0.957
vt 0.844 0.967
vt 0.844 0.978
vt 0.844 0.979
vt 0.844 0.99
vt 0.849 0.011
vt 0.849 0.02
vt 0.849 0.023
vt 0.849 0.033
vt 0.849 0.042
vt 0.849 0.046
vt 0.849 0.056
vt 0.849 0.065
vt 0.849 0.069
vt 0.849 0.078
vt 0.849 0.088
vt 0.849 0.137
vt 0.849 0.146
vt 0.849 0.16
vt 0.849 0.169
vt 0.849 0.185
vt 0.849 0.194
vt 0.849 0.208
vt 0.849 0.217
vt 0.849 0.23
vt 0.849 0.239
vt 0.849 0.266
vt 0.849 0.275
vt 0.849 0.288
vt 0.849 0.298
vt 0.849 0.311
vt 0.849 0.32
vt 0.849 0.346
vt 0.849 0.357
vt 0.849 0.366
vt 0.849 0.369
vt 0.849 0.378
vt 0.849 0.388
vt 0.849 0.392
vt 0.849 0.401
vt 0.849 0.411
vt 0.849 0.589
vt 0.849 0.598
vt 0.849 0.608
vt 0.849 0.612
vt 0.849 0.621
vt 0.849 0.631
vt 0.849 0.634
vt 0.849 0.644
vt 0.849 0.654
vt 0.849 0.68
vt 0.849 0.689
vt 0.849 0.702
vt 0.849 0.712
vt 0.849 0.725
vt 0.849 0.734
vt 0.849 0.761
vt 0.849 0.77
vt 0.849 0.783
vt 0.849 0.792
vt 0.849 0.806
vt 0.849 0.815
vt 0.849 0.831
vt 0.849 0.84
vt 0.849 0.854
vt 0.849 0.863
vt 0.849 0.912
vt 0.849 0.922
vt 0.849 0.931
vt 0.849 0.935
vt 0.849 0.945
vt 0.849 0.954
vt 0.849 0.958
vt 0.849 0.968
vt 0.849 0.977
vt 0.849 0.98
vt 0.849 0.989
vt 0.854 0.011
vt 0.854 0.019
vt 0.854 0.024
vt 0.854 0.032
vt 0.854 0.034
vt 0.854 0.042
vt 0.854 0.047
vt 0.854 0.054
vt 0.854 0.057
vt 0.854 0.064
vt 0.854 0.069
vt 0.854 0.077
vt 0.854 0.08
vt 0.854 0.087
vt 0.854 0.138
vt 0.854 0.145
vt 0.854 0.16
vt 0.854 0.168
vt 0.854 0.186
vt 0.854 0.193
vt 0.854 0.208
vt 0.854 0.216
vt 0.854 0.231
vt 0.854 0.239
vt 0.854 0.266
vt 0.854 0.274
vt 0.854 0.289
vt 0.854 0.297
vt 0.854 0.312
vt 0.854 0.319
vt 0.854 0.347
vt 0.854 0.355
vt 0.854 0.357
vt 0.854 0.365
vt 0.854 0.37
vt 0.854 0.378
vt 0.854 0.38
vt 0.854 0.388
vt 0.854 0.393
vt 0.854 0.4
vt 0.854 0.403
vt 0.854 0.41
vt 0.854 0.59
vt 0.854 0.597
vt 0.854 0.6
vt 0.854 0.607
vt 0.854 0.612
vt 0.854 0.62
vt 0.854 0.622
vt 0.854 0.63
vt 0.854 0.635
vt 0.854 0.643
vt 0.854 0.645
vt 0.854 0.653
vt 0.854 0.681
vt 0.854 0.688
vt 0.854 0.703
vt 0.854 0.711
vt 0.854 0.726
vt 0.854 0.734
vt 0.854 0.761
vt 0.854 0.769
vt 0.854 0.784
vt 0.854 0.792
vt 0.854 0.807
vt 0.854 0.814
vt 0.854 0.832
vt 0.854 0.84
vt 0.854 0.855
vt 0.854 0.862
vt 0.854 0.913
vt 0.854 0.92
vt 0.854 0.923
vt 0.854 0.931
vt 0.854 0.936
vt 0.854 0.943
vt 0.854 0.946
vt 0.854 0.953
vt 0.854 0.958
vt 0.854 0.966
vt 0.854 0.968
vt 0.854 0.976
vt 0.854 0.981
vt 0.854 0.989
vt 0.857 0.012
vt 0.857 0.018
vt 0.857 0.025
vt 0.857 0.031
vt 0.857 0.035
vt 0.857 0.041
vt 0.857 0.048
vt 0.857 0.053
vt 0.857 0.058
vt 0.857 0.063
vt 0.857 0.07
vt 0.857 0.076
vt 0.857 0.08
vt 0.857 0.086
vt 0.857 0.139
vt 0.857 0.144
vt 0.857 0.161
vt 0.857 0.167
vt 0.857 0.187
vt 0.857 0.192
vt 0.857 0.209
vt 0.857 0.215
vt 0.857 0.232
vt 0.857 0.238
vt 0.857 0.267
vt 0.857 0.273
vt 0.857 0.29
vt 0.857 0.296
vt 0.857 0.313
vt 0.857 0.319
vt 0.857 0.348
vt 0.857 0.354
vt 0.857 0.358
vt 0.857 0.364
vt 0.857 0.371
vt 0.857 0.377
vt 0.857 0.381
vt 0.857 0.387
vt 0.857 0.394
vt 0.857 0.399
vt 0.857 0.404
vt 0.857 0.409
vt 0.857 0.591
vt 0.857 0.596
vt 0.857 0.601
vt 0.857 0.606
vt 0.857 0.613
vt 0.857 0.619
vt 0.857 0.623
vt 0.857 0.629
vt 0.857 0.636
vt 0.857 0.642
vt 0.857 0.646
vt 0.857 0.652
vt 0.857 0.681
vt 0.857 0.687
vt 0.857 0.704
vt 0.857 0.71
vt 0.857 0.727
vt 0.857 0.733
vt 0.857 0.762
vt 0.857 0.768
vt 0.857 0.785
vt 0.857 0.791
vt 0.857 0.808
vt 0.857 0.813
vt 0.857 0.833
vt 0.857 0.839
vt 0.857 0.856
vt 0.857 0.861
vt 0.857 0.914
vt 0.857 0.92
vt 0.857 0.924
vt 0.857 0.93
vt 0.857 0.937
vt 0.857 0.942
vt 0.857 0.947
vt 0.857 0.952
vt 0.857 0.959
vt 0.857 0.965
vt 0.857 0.969
vt 0.857 0.975
vt 0.857 0.982
vt 0.857 0.988
vt 0.86 0.013
vt 0.86 0.017
vt 0.86 0.026
vt 0.86 0.03
vt 0.86 0.036
vt 0.86 0.04
vt 0.86 0.049
vt 0.86 0.052
vt 0.86 0.059
vt 0.86 0.063
vt 0.86 0.071
vt 0.86 0.075
vt 0.86 0.081
vt 0.86 0.085
vt 0.86 0.139
vt 0.86 0.143
vt 0.86 0.162
vt 0.86 0.166
vt 0.86 0.187
vt 0.86 0.191
vt 0.86 0.21
vt 0.86 0.214
vt 0.86 0.233
vt 0.86 0.237
vt 0.86 0.268
vt 0.86 0.272
vt 0.86 0.291
vt 0.86 0.295
vt 0.86 0.314
vt 0.86 0.318
vt 0.86 0.349
vt 0.86 0.353
vt 0.86 0.359
vt 0.86 0.363
vt 0.86 0.372
vt 0.86 0.376
vt 0.86 0.382
vt 0.86 0.386
vt 0.86 0.395
vt 0.86 0.398
vt 0.86 0.405
vt 0.86 0.409
vt 0.86 0.591
vt 0.86 0.595
vt 0.86 0.602
vt 0.86 0.605
vt 0.86 0.614
vt 0.86 0.618
vt 0.86 0.624
vt 0.86 0.628
vt 0.86 0.637
vt 0.86 0.641
vt 0.86 0.647
vt 0.86 0.651
vt 0.86 0.682
vt 0.86 0.686
vt 0.86 0.705
vt 0.86 0.709
vt 0.86 0.728
vt 0.86 0.732
vt 0.86 0.763
vt 0.86 0.767
vt 0.86 0.786
vt 0.86 0.79
vt 0.86 0.809
vt 0.86 0.813
vt 0.86 0.834
vt 0.86 0.838
vt 0.86 0.857
vt 0.86 0.861
vt 0.86 0.915
vt 0.86 0.919
vt 0.86 0.925
vt 0.86 0.929
vt 0.86 0.937
vt 0.86 0.941
vt 0.86 0.948
vt 0.86 0.951
vt 0.86 0.96
vt 0.86 0.964
vt 0.86 0.97
vt 0.86 0.974
vt 0.86 0.983
vt 0.86 0.987
vt 0.862 0.014
vt 0.862 0.016
vt 0.862 0.029
vt 0.862 0.027
vt 0.862 0.038
vt 0.862 0.05
vt 0.862 0.051
vt 0.862 0.061
vt 0.862 0.072
vt 0.862 0.074
vt 0.862 0.082
vt 0.862 0.084
vt 0.862 0.14
vt 0.862 0.142
vt 0.862 0.163
vt 0.862 0.165
vt 0.862 0.188
vt 0.862 0.19
vt 0.862 0.211
vt 0.862 0.213
vt 0.862 0.236
vt 0.862 0.234
vt 0.862 0.269
vt 0.862 0.271
vt 0.862 0.294
vt 0.862 0.292
vt 0.862 0.316
vt 0.862 0.35
vt 0.862 0.352
vt 0.862 0.36
vt 0.862 0.362
vt 0.862 0.373
vt 0.862 0.375
vt 0.862 0.383
vt 0.862 0.385
vt 0.862 0.395
vt 0.862 0.397
vt 0.862 0.408
vt 0.862 0.406
vt 0.862 0.592
vt 0.862 0.594
vt 0.862 0.603
vt 0.862 0.605
vt 0.862 0.615
vt 0.862 0.617
vt 0.862 0.625
vt 0.862 0.627
vt 0.862 0.639
vt 0.862 0.649
vt 0.862 0.685
vt 0.862 0.683
vt 0.862 0.706
vt 0.862 0.708
vt 0.862 0.73
vt 0.862 0.764
vt 0.862 0.766
vt 0.862 0.788
vt 0.862 0.811
vt 0.862 0.835
vt 0.862 0.837
vt 0.862 0.858
vt 0.862 0.86
vt 0.862 0.916
vt 0.862 0.918
vt 0.862 0.926
vt 0.862 0.928
vt 0.862 0.94
vt 0.862 0.938
vt 0.862 0.949
vt 0.862 0.961
vt 0.862 0.963
vt 0.862 0.973
vt 0.862 0.971
vt 0.862 0.984
vt 0.863 0
vt 0.863 0.006
vt 0.863 0.032
vt 0.862 0.985
vt 0.863 0
vt 0.863 0.032
vt 0.863 0.994
vt 0.863 1
vt 0.925 0
vt 0.925 0.005
vt 0.925 0.275
vt 0.925 0.725
vt 0.925 0.995
vt 0.925 1
vt 0.948 0.997
vt 0.948 1
vt 0.952 0.044
vt 0.952 0.048
vt 0.952 0.074
vt 0.952 0.078
vt 0.952 1
vt 1 0
vt 1 0.005
vt 1 0.008
vt 1 0.02
vt 1 0.032
vt 1 0.04
vt 1 0.059
vt 1 0.06
vt 1 0.078
vt 1 0.08
vt 1 0.094
vt 1 0.098
vt 1 0.1
vt 1 0.118
vt 1 0.12
vt 1 0.122
vt 1 0.137
vt 1 0.14
vt 1 0.157
vt 1 0.16
vt 1 0.161
vt 1 0.176
vt 1 0.18
vt 1 0.196
vt 1 0.2
vt 1 0.216
vt 1 0.22
vt 1 0.235
vt 1 0.24
vt 1 0.255
vt 1 0.26
vt 1 0.275
vt 1 0.28
vt 1 0.294
vt 1 0.3
vt 1 0.314
vt 1 0.32
vt 1 0.333
vt 1 0.34
vt 1 0.353
vt 1 0.36
vt 1 0.373
vt 1 0.38
vt 1 0.392
vt 1 0.4
vt 1 0.412
vt 1 0.42
vt 1 0.431
vt 1 0.44
vt 1 0.451
vt 1 0.46
vt 1 0.471
vt 1 0.48
vt 1 0.49
vt 1 0.494
vt 1 0.5
vt 1 0.51
vt 1 0.52
vt 1 0.529
vt 1 0.54
vt 1 0.549
vt 1 0.56
vt 1 0.569
vt 1 0.58
vt 1 0.588
vt 1 0.6
vt 1 0.608
vt 1 0.62
vt 1 0.627
vt 1 0.64
vt 1 0.647
vt 1 0.66
vt 1 0.667
vt 1 0.68
vt 1 0.686
vt 1 0.7
vt 1 0.706
vt 1 0.717
vt 1 0.72
vt 1 0.725
vt 1 0.74
vt 1 0.745
vt 1 0.76
vt 1 0.765
vt 1 0.78
vt 1 0.784
vt 1 0.8
vt 1 0.804
vt 1 0.82
vt 1 0.824
vt 1 0.833
vt 1 0.839
vt 1 0.84
vt 1 0.843
vt 1 0.86
vt 1 0.863
vt 1 0.878
vt 1 0.88
vt 1 0.882
vt 1 0.9
vt 1 0.902
vt 1 0.906
vt 1 0.92
vt 1 0.922
vt 1 0.94
vt 1 0.941
vt 1 0.953
vt 1 0.96
vt 1 0.98
vt 1 0.995
vt 1 1


g 00000184A7E2FED0
usemtl M_dA6ABB5_0_0
f 5615/1/54 4297/7996/54 5616/112/54
f 5616/112/54 4297/7996/54 4298/8106/54
f 4307/1/2 4677/7996/2 4308/112/2
f 4308/112/2 4677/7996/2 4678/8106/2
f 4309/1/1 4307/7996/1 4310/112/1
f 4310/112/1 4307/7996/1 4308/8106/1
f 4295/1/2 4309/7996/2 4296/112/2
f 4296/112/2 4309/7996/2 4310/8106/2
f 4678/7996/29 5616/8106/29 4310/2454/29
f 4310/2454/29 5616/8106/29 4298/112/29
f 4310/2454/29 4298/112/29 4296/44/29
f 4310/2454/29 4308/2431/29 4678/7996/29
f 4297/8106/29 5615/112/29 4300/7996/29
f 4300/7996/29 5615/112/29 6415/1/29
f 4315/112/29 4677/75/29 4293/8097/29
f 4293/8097/29 4677/75/29 4307/5458/29
f 4293/8097/29 4307/5458/29 4295/7996/29
f 4295/7996/29 4307/5458/29 4309/5457/29
f 4293/8097/29 4291/8102/29 4315/112/29
f 4315/112/29 4291/8102/29 4289/8106/29
f 4279/112/28 4270/8106/28 4281/1/28
f 4281/1/28 4270/8106/28 4272/7996/28
f 4272/1/1 4270/7996/1 4273/112/1
f 4273/112/1 4270/7996/1 4271/8106/1
f 4270/1/2 4279/7996/2 4271/112/2
f 4271/112/2 4279/7996/2 4280/8106/2
f 8457/7999/31 6359/2/31 8461/7996/28
f 8461/7996/28 6359/2/31 6363/112/28
f 8461/7996/28 6363/112/28 8465/8104/26
f 8465/8104/26 6363/112/28 6367/111/26
f 8465/8104/26 6367/111/26 8469/8103/24
f 8469/8103/24 6367/111/26 6371/109/24
f 8469/8103/24 6371/109/24 8473/8101/22
f 8473/8101/22 6371/109/24 6375/107/22
f 8473/8101/22 6375/107/22 8477/8099/20
f 8477/8099/20 6375/107/22 6379/105/20
f 8477/8099/20 6379/105/20 8481/8096/18
f 8481/8096/18 6379/105/20 6383/103/18
f 8481/8096/18 6383/103/18 8485/8094/16
f 8485/8094/16 6383/103/18 6387/101/16
f 8485/8094/16 6387/101/16 8489/8091/14
f 8489/8091/14 6387/101/16 6391/99/14
f 8489/8091/14 6391/99/14 8493/8089/12
f 8493/8089/12 6391/99/14 6395/97/12
f 8493/8089/12 6395/97/12 8497/8085/10
f 8497/8085/10 6395/97/12 6399/94/10
f 8497/8085/10 6399/94/10 8501/8083/8
f 8501/8083/8 6399/94/10 6403/92/8
f 8501/8083/8 6403/92/8 8505/8081/6
f 8505/8081/6 6403/92/8 6407/90/6
f 8505/8081/6 6407/90/6 8509/8079/4
f 8509/8079/4 6407/90/6 6411/88/4
f 8509/8079/4 6411/88/4 8511/8077/3
f 8511/8077/3 6411/88/4 6413/86/3
f 8511/8077/3 6413/86/3 8507/8075/5
f 8507/8075/5 6413/86/3 6409/84/5
f 8507/8075/5 6409/84/5 8503/8072/7
f 8503/8072/7 6409/84/5 6405/81/7
f 8503/8072/7 6405/81/7 8499/8070/9
f 8499/8070/9 6405/81/7 6401/79/9
f 8499/8070/9 6401/79/9 8495/8068/11
f 8495/8068/11 6401/79/9 6397/77/11
f 8495/8068/11 6397/77/11 8491/8066/13
f 8491/8066/13 6397/77/11 6393/74/13
f 8491/8066/13 6393/74/13 8487/8064/15
f 8487/8064/15 6393/74/13 6389/72/15
f 8487/8064/15 6389/72/15 8483/8062/17
f 8483/8062/17 6389/72/15 6385/70/17
f 8483/8062/17 6385/70/17 8479/8060/19
f 8479/8060/19 6385/70/17 6381/68/19
f 8479/8060/19 6381/68/19 8475/8058/21
f 8475/8058/21 6381/68/19 6377/66/21
f 8475/8058/21 6377/66/21 8471/8056/23
f 8471/8056/23 6377/66/21 6373/64/23
f 8471/8056/23 6373/64/23 8467/8054/25
f 8467/8054/25 6373/64/23 6369/61/25
f 8467/8054/25 6369/61/25 8463/8052/27
f 8463/8052/27 6369/61/25 6365/59/27
f 8463/8052/27 6365/59/27 8459/8049/30
f 8459/8049/30 6365/59/27 6361/55/30
f 8459/8049/30 6361/55/30 8455/8047/32
f 8455/8047/32 6361/55/30 6357/53/32
f 8455/8047/32 6357/53/32 8451/8045/34
f 8451/8045/34 6357/53/32 6353/50/34
f 8451/8045/34 6353/50/34 8447/8043/36
f 8447/8043/36 6353/50/34 6349/48/36
f 8447/8043/36 6349/48/36 8443/8041/38
f 8443/8041/38 6349/48/36 6345/46/38
f 8443/8041/38 6345/46/38 8439/8039/40
f 8439/8039/40 6345/46/38 6341/44/40
f 8439/8039/40 6341/44/40 8435/8037/42
f 8435/8037/42 6341/44/40 6337/42/42
f 8435/8037/42 6337/42/42 8431/8035/44
f 8431/8035/44 6337/42/42 6333/40/44
f 8431/8035/44 6333/40/44 8427/8033/46
f 8427/8033/46 6333/40/44 6329/37/46
f 8427/8033/46 6329/37/46 8423/8031/48
f 8423/8031/48 6329/37/46 6325/35/48
f 8423/8031/48 6325/35/48 8419/8029/50
f 8419/8029/50 6325/35/48 6321/33/50
f 8419/8029/50 6321/33/50 8415/8027/52
f 8415/8027/52 6321/33/50 6317/31/52
f 8415/8027/52 6317/31/52 8411/8025/55
f 8411/8025/55 6317/31/52 6313/29/55
f 8411/8025/55 6313/29/55 8413/8023/53
f 8413/8023/53 6313/29/55 6315/27/53
f 8413/8023/53 6315/27/53 8417/8021/51
f 8417/8021/51 6315/27/53 6319/25/51
f 8417/8021/51 6319/25/51 8421/8019/49
f 8421/8019/49 6319/25/51 6323/23/49
f 8421/8019/49 6323/23/49 8425/8017/47
f 8425/8017/47 6323/23/49 6327/21/47
f 8425/8017/47 6327/21/47 8429/8014/45
f 8429/8014/45 6327/21/47 6331/19/45
f 8429/8014/45 6331/19/45 8433/8012/43
f 8433/8012/43 6331/19/45 6335/17/43
f 8433/8012/43 6335/17/43 8437/8009/41
f 8437/8009/41 6335/17/43 6339/15/41
f 8437/8009/41 6339/15/41 8441/8007/39
f 8441/8007/39 6339/15/41 6343/13/39
f 8441/8007/39 6343/13/39 8445/8004/37
f 8445/8004/37 6343/13/39 6347/11/37
f 8445/8004/37 6347/11/37 8449/8002/35
f 8449/8002/35 6347/11/37 6351/8/35
f 8449/8002/35 6351/8/35 8453/8001/33
f 8453/8001/33 6351/8/35 6355/5/33
f 8453/8001/33 6355/5/33 8457/7999/31
f 8457/7999/31 6355/5/33 6359/2/31
f 8458/7996/31 6360/1/31 8462/8106/28
f 8462/8106/28 6360/1/31 6364/112/28
f 8462/8106/28 6364/112/28 8466/8104/26
f 8466/8104/26 6364/112/28 6368/111/26
f 8466/8104/26 6368/111/26 8470/8103/24
f 8470/8103/24 6368/111/26 6372/109/24
f 8470/8103/24 6372/109/24 8474/8100/22
f 8474/8100/22 6372/109/24 6376/106/22
f 8474/8100/22 6376/106/22 8478/8098/20
f 8478/8098/20 6376/106/22 6380/104/20
f 8478/8098/20 6380/104/20 8482/8095/18
f 8482/8095/18 6380/104/20 6384/102/18
f 8482/8095/18 6384/102/18 8486/8093/16
f 8486/8093/16 6384/102/18 6388/100/16
f 8486/8093/16 6388/100/16 8490/8090/14
f 8490/8090/14 6388/100/16 6392/98/14
f 8490/8090/14 6392/98/14 8494/8088/12
f 8494/8088/12 6392/98/14 6396/96/12
f 8494/8088/12 6396/96/12 8498/8084/10
f 8498/8084/10 6396/96/12 6400/93/10
f 8498/8084/10 6400/93/10 8502/8082/8
f 8502/8082/8 6400/93/10 6404/91/8
f 8502/8082/8 6404/91/8 8506/8080/6
f 8506/8080/6 6404/91/8 6408/89/6
f 8506/8080/6 6408/89/6 8510/8078/4
f 8510/8078/4 6408/89/6 6412/87/4
f 8510/8078/4 6412/87/4 8512/8076/3
f 8512/8076/3 6412/87/4 6414/85/3
f 8512/8076/3 6414/85/3 8508/8074/5
f 8508/8074/5 6414/85/3 6410/83/5
f 8508/8074/5 6410/83/5 8504/8071/7
f 8504/8071/7 6410/83/5 6406/80/7
f 8504/8071/7 6406/80/7 8500/8069/9
f 8500/8069/9 6406/80/7 6402/78/9
f 8500/8069/9 6402/78/9 8496/8067/11
f 8496/8067/11 6402/78/9 6398/76/11
f 8496/8067/11 6398/76/11 8492/8065/13
f 8492/8065/13 6398/76/11 6394/73/13
f 8492/8065/13 6394/73/13 8488/8063/15
f 8488/8063/15 6394/73/13 6390/71/15
f 8488/8063/15 6390/71/15 8484/8061/17
f 8484/8061/17 6390/71/15 6386/69/17
f 8484/8061/17 6386/69/17 8480/8059/19
f 8480/8059/19 6386/69/17 6382/67/19
f 8480/8059/19 6382/67/19 8476/8057/21
f 8476/8057/21 6382/67/19 6378/65/21
f 8476/8057/21 6378/65/21 8472/8055/23
f 8472/8055/23 6378/65/21 6374/63/23
f 8472/8055/23 6374/63/23 8468/8053/25
f 8468/8053/25 6374/63/23 6370/60/25
f 8468/8053/25 6370/60/25 8464/8051/27
f 8464/8051/27 6370/60/25 6366/57/27
f 8464/8051/27 6366/57/27 8460/8048/30
f 8460/8048/30 6366/57/27 6362/54/30
f 8460/8048/30 6362/54/30 8456/8046/32
f 8456/8046/32 6362/54/30 6358/51/32
f 8456/8046/32 6358/51/32 8452/8044/34
f 8452/8044/34 6358/51/32 6354/49/34
f 8452/8044/34 6354/49/34 8448/8042/36
f 8448/8042/36 6354/49/34 6350/47/36
f 8448/8042/36 6350/47/36 8444/8040/38
f 8444/8040/38 6350/47/36 6346/45/38
f 8444/8040/38 6346/45/38 8440/8038/40
f 8440/8038/40 6346/45/38 6342/43/40
f 8440/8038/40 6342/43/40 8436/8036/42
f 8436/8036/42 6342/43/40 6338/41/42
f 8436/8036/42 6338/41/42 8432/8034/44
f 8432/8034/44 6338/41/42 6334/38/44
f 8432/8034/44 6334/38/44 8428/8032/46
f 8428/8032/46 6334/38/44 6330/36/46
f 8428/8032/46 6330/36/46 8424/8030/48
f 8424/8030/48 6330/36/46 6326/34/48
f 8424/8030/48 6326/34/48 8420/8028/50
f 8420/8028/50 6326/34/48 6322/32/50
f 8420/8028/50 6322/32/50 8416/8026/52
f 8416/8026/52 6322/32/50 6318/30/52
f 8416/8026/52 6318/30/52 8412/8024/55
f 8412/8024/55 6318/30/52 6314/28/55
f 8412/8024/55 6314/28/55 8414/8022/53
f 8414/8022/53 6314/28/55 6316/26/53
f 8414/8022/53 6316/26/53 8418/8020/51
f 8418/8020/51 6316/26/53 6320/24/51
f 8418/8020/51 6320/24/51 8422/8018/49
f 8422/8018/49 6320/24/51 6324/22/49
f 8422/8018/49 6324/22/49 8426/8015/47
f 8426/8015/47 6324/22/49 6328/20/47
f 8426/8015/47 6328/20/47 8430/8013/45
f 8430/8013/45 6328/20/47 6332/18/45
f 8430/8013/45 6332/18/45 8434/8010/43
f 8434/8010/43 6332/18/45 6336/16/43
f 8434/8010/43 6336/16/43 8438/8008/41
f 8438/8008/41 6336/16/43 6340/14/41
f 8438/8008/41 6340/14/41 8442/8005/39
f 8442/8005/39 6340/14/41 6344/12/39
f 8442/8005/39 6344/12/39 8446/8003/37
f 8446/8003/37 6344/12/39 6348/9/37
f 8446/8003/37 6348/9/37 8450/8001/35
f 8450/8001/35 6348/9/37 6352/5/35
f 8450/8001/35 6352/5/35 8454/7999/33
f 8454/7999/33 6352/5/35 6356/2/33
f 8454/7999/33 6356/2/33 8458/7996/31
f 8458/7996/31 6356/2/33 6360/1/31
f 8355/7996/31 6257/1/31 8359/8106/28
f 8359/8106/28 6257/1/31 6261/112/28
f 8359/8106/28 6261/112/28 8363/8104/26
f 8363/8104/26 6261/112/28 6265/111/26
f 8363/8104/26 6265/111/26 8367/8103/24
f 8367/8103/24 6265/111/26 6269/109/24
f 8367/8103/24 6269/109/24 8371/8100/22
f 8371/8100/22 6269/109/24 6273/106/22
f 8371/8100/22 6273/106/22 8375/8098/20
f 8375/8098/20 6273/106/22 6277/104/20
f 8375/8098/20 6277/104/20 8379/8095/18
f 8379/8095/18 6277/104/20 6281/102/18
f 8379/8095/18 6281/102/18 8383/8093/16
f 8383/8093/16 6281/102/18 6285/100/16
f 8383/8093/16 6285/100/16 8387/8090/14
f 8387/8090/14 6285/100/16 6289/98/14
f 8387/8090/14 6289/98/14 8391/8088/12
f 8391/8088/12 6289/98/14 6293/96/12
f 8391/8088/12 6293/96/12 8395/8084/10
f 8395/8084/10 6293/96/12 6297/93/10
f 8395/8084/10 6297/93/10 8399/8082/8
f 8399/8082/8 6297/93/10 6301/91/8
f 8399/8082/8 6301/91/8 8403/8080/6
f 8403/8080/6 6301/91/8 6305/89/6
f 8403/8080/6 6305/89/6 8407/8078/4
f 8407/8078/4 6305/89/6 6309/87/4
f 8407/8078/4 6309/87/4 8409/8076/3
f 8409/8076/3 6309/87/4 6311/85/3
f 8409/8076/3 6311/85/3 8405/8074/5
f 8405/8074/5 6311/85/3 6307/83/5
f 8405/8074/5 6307/83/5 8401/8071/7
f 8401/8071/7 6307/83/5 6303/80/7
f 8401/8071/7 6303/80/7 8397/8069/9
f 8397/8069/9 6303/80/7 6299/78/9
f 8397/8069/9 6299/78/9 8393/8067/11
f 8393/8067/11 6299/78/9 6295/76/11
f 8393/8067/11 6295/76/11 8389/8065/13
f 8389/8065/13 6295/76/11 6291/73/13
f 8389/8065/13 6291/73/13 8385/8063/15
f 8385/8063/15 6291/73/13 6287/71/15
f 8385/8063/15 6287/71/15 8381/8061/17
f 8381/8061/17 6287/71/15 6283/69/17
f 8381/8061/17 6283/69/17 8377/8059/19
f 8377/8059/19 6283/69/17 6279/67/19
f 8377/8059/19 6279/67/19 8373/8057/21
f 8373/8057/21 6279/67/19 6275/65/21
f 8373/8057/21 6275/65/21 8369/8055/23
f 8369/8055/23 6275/65/21 6271/63/23
f 8369/8055/23 6271/63/23 8365/8053/25
f 8365/8053/25 6271/63/23 6267/60/25
f 8365/8053/25 6267/60/25 8361/8051/27
f 8361/8051/27 6267/60/25 6263/57/27
f 8361/8051/27 6263/57/27 8357/8048/30
f 8357/8048/30 6263/57/27 6259/54/30
f 8357/8048/30 6259/54/30 8353/8046/32
f 8353/8046/32 6259/54/30 6255/51/32
f 8353/8046/32 6255/51/32 8349/8044/34
f 8349/8044/34 6255/51/32 6251/49/34
f 8349/8044/34 6251/49/34 8345/8042/36
f 8345/8042/36 6251/49/34 6247/47/36
f 8345/8042/36 6247/47/36 8341/8040/38
f 8341/8040/38 6247/47/36 6243/45/38
f 8341/8040/38 6243/45/38 8337/8038/40
f 8337/8038/40 6243/45/38 6239/43/40
f 8337/8038/40 6239/43/40 8333/8036/42
f 8333/8036/42 6239/43/40 6235/41/42
f 8333/8036/42 6235/41/42 8329/8034/44
f 8329/8034/44 6235/41/42 6231/38/44
f 8329/8034/44 6231/38/44 8325/8032/46
f 8325/8032/46 6231/38/44 6227/36/46
f 8325/8032/46 6227/36/46 8321/8030/48
f 8321/8030/48 6227/36/46 6223/34/48
f 8321/8030/48 6223/34/48 8317/8028/50
f 8317/8028/50 6223/34/48 6219/32/50
f 8317/8028/50 6219/32/50 8313/8026/52
f 8313/8026/52 6219/32/50 6215/30/52
f 8313/8026/52 6215/30/52 8309/8024/55
f 8309/8024/55 6215/30/52 6211/28/55
f 8309/8024/55 6211/28/55 8311/8022/53
f 8311/8022/53 6211/28/55 6213/26/53
f 8311/8022/53 6213/26/53 8315/8020/51
f 8315/8020/51 6213/26/53 6217/24/51
f 8315/8020/51 6217/24/51 8319/8018/49
f 8319/8018/49 6217/24/51 6221/22/49
f 8319/8018/49 6221/22/49 8323/8015/47
f 8323/8015/47 6221/22/49 6225/20/47
f 8323/8015/47 6225/20/47 8327/8013/45
f 8327/8013/45 6225/20/47 6229/18/45
f 8327/8013/45 6229/18/45 8331/8010/43
f 8331/8010/43 6229/18/45 6233/16/43
f 8331/8010/43 6233/16/43 8335/8008/41
f 8335/8008/41 6233/16/43 6237/14/41
f 8335/8008/41 6237/14/41 8339/8005/39
f 8339/8005/39 6237/14/41 6241/12/39
f 8339/8005/39 6241/12/39 8343/8003/37
f 8343/8003/37 6241/12/39 6245/9/37
f 8343/8003/37 6245/9/37 8347/8001/35
f 8347/8001/35 6245/9/37 6249/5/35
f 8347/8001/35 6249/5/35 8351/7999/33
f 8351/7999/33 6249/5/35 6253/2/33
f 8351/7999/33 6253/2/33 8355/7996/31
f 8355/7996/31 6253/2/33 6257/1/31
f 8356/7996/31 6258/1/31 8360/8106/28
f 8360/8106/28 6258/1/31 6262/112/28
f 8360/8106/28 6262/112/28 8364/8104/26
f 8364/8104/26 6262/112/28 6266/111/26
f 8364/8104/26 6266/111/26 8368/8103/24
f 8368/8103/24 6266/111/26 6270/109/24
f 8368/8103/24 6270/109/24 8372/8100/22
f 8372/8100/22 6270/109/24 6274/106/22
f 8372/8100/22 6274/106/22 8376/8098/20
f 8376/8098/20 6274/106/22 6278/104/20
f 8376/8098/20 6278/104/20 8380/8095/18
f 8380/8095/18 6278/104/20 6282/102/18
f 8380/8095/18 6282/102/18 8384/8093/16
f 8384/8093/16 6282/102/18 6286/100/16
f 8384/8093/16 6286/100/16 8388/8090/14
f 8388/8090/14 6286/100/16 6290/98/14
f 8388/8090/14 6290/98/14 8392/8088/12
f 8392/8088/12 6290/98/14 6294/96/12
f 8392/8088/12 6294/96/12 8396/8084/10
f 8396/8084/10 6294/96/12 6298/93/10
f 8396/8084/10 6298/93/10 8400/8082/8
f 8400/8082/8 6298/93/10 6302/91/8
f 8400/8082/8 6302/91/8 8404/8080/6
f 8404/8080/6 6302/91/8 6306/89/6
f 8404/8080/6 6306/89/6 8408/8078/4
f 8408/8078/4 6306/89/6 6310/87/4
f 8408/8078/4 6310/87/4 8410/8076/3
f 8410/8076/3 6310/87/4 6312/85/3
f 8410/8076/3 6312/85/3 8406/8074/5
f 8406/8074/5 6312/85/3 6308/83/5
f 8406/8074/5 6308/83/5 8402/8071/7
f 8402/8071/7 6308/83/5 6304/80/7
f 8402/8071/7 6304/80/7 8398/8069/9
f 8398/8069/9 6304/80/7 6300/78/9
f 8398/8069/9 6300/78/9 8394/8067/11
f 8394/8067/11 6300/78/9 6296/76/11
f 8394/8067/11 6296/76/11 8390/8065/13
f 8390/8065/13 6296/76/11 6292/73/13
f 8390/8065/13 6292/73/13 8386/8063/15
f 8386/8063/15 6292/73/13 6288/71/15
f 8386/8063/15 6288/71/15 8382/8061/17
f 8382/8061/17 6288/71/15 6284/69/17
f 8382/8061/17 6284/69/17 8378/8059/19
f 8378/8059/19 6284/69/17 6280/67/19
f 8378/8059/19 6280/67/19 8374/8057/21
f 8374/8057/21 6280/67/19 6276/65/21
f 8374/8057/21 6276/65/21 8370/8055/23
f 8370/8055/23 6276/65/21 6272/63/23
f 8370/8055/23 6272/63/23 8366/8053/25
f 8366/8053/25 6272/63/23 6268/60/25
f 8366/8053/25 6268/60/25 8362/8051/27
f 8362/8051/27 6268/60/25 6264/57/27
f 8362/8051/27 6264/57/27 8358/8048/30
f 8358/8048/30 6264/57/27 6260/54/30
f 8358/8048/30 6260/54/30 8354/8046/32
f 8354/8046/32 6260/54/30 6256/51/32
f 8354/8046/32 6256/51/32 8350/8044/34
f 8350/8044/34 6256/51/32 6252/49/34
f 8350/8044/34 6252/49/34 8346/8042/36
f 8346/8042/36 6252/49/34 6248/47/36
f 8346/8042/36 6248/47/36 8342/8040/38
f 8342/8040/38 6248/47/36 6244/45/38
f 8342/8040/38 6244/45/38 8338/8038/40
f 8338/8038/40 6244/45/38 6240/43/40
f 8338/8038/40 6240/43/40 8334/8036/42
f 8334/8036/42 6240/43/40 6236/41/42
f 8334/8036/42 6236/41/42 8330/8034/44
f 8330/8034/44 6236/41/42 6232/38/44
f 8330/8034/44 6232/38/44 8326/8032/46
f 8326/8032/46 6232/38/44 6228/36/46
f 8326/8032/46 6228/36/46 8322/8030/48
f 8322/8030/48 6228/36/46 6224/34/48
f 8322/8030/48 6224/34/48 8318/8028/50
f 8318/8028/50 6224/34/48 6220/32/50
f 8318/8028/50 6220/32/50 8314/8026/52
f 8314/8026/52 6220/32/50 6216/30/52
f 8314/8026/52 6216/30/52 8310/8024/55
f 8310/8024/55 6216/30/52 6212/28/55
f 8310/8024/55 6212/28/55 8312/8022/53
f 8312/8022/53 6212/28/55 6214/26/53
f 8312/8022/53 6214/26/53 8316/8020/51
f 8316/8020/51 6214/26/53 6218/24/51
f 8316/8020/51 6218/24/51 8320/8018/49
f 8320/8018/49 6218/24/51 6222/22/49
f 8320/8018/49 6222/22/49 8324/8015/47
f 8324/8015/47 6222/22/49 6226/20/47
f 8324/8015/47 6226/20/47 8328/8013/45
f 8328/8013/45 6226/20/47 6230/18/45
f 8328/8013/45 6230/18/45 8332/8010/43
f 8332/8010/43 6230/18/45 6234/16/43
f 8332/8010/43 6234/16/43 8336/8008/41
f 8336/8008/41 6234/16/43 6238/14/41
f 8336/8008/41 6238/14/41 8340/8005/39
f 8340/8005/39 6238/14/41 6242/12/39
f 8340/8005/39 6242/12/39 8344/8003/37
f 8344/8003/37 6242/12/39 6246/9/37
f 8344/8003/37 6246/9/37 8348/8001/35
f 8348/8001/35 6246/9/37 6250/5/35
f 8348/8001/35 6250/5/35 8352/7999/33
f 8352/7999/33 6250/5/35 6254/2/33
f 8352/7999/33 6254/2/33 8356/7996/31
f 8356/7996/31 6254/2/33 6258/1/31
f 8253/7999/31 6155/2/31 8257/7996/28
f 8257/7996/28 6155/2/31 6159/1/28
f 8257/7996/28 6159/1/28 8261/8106/26
f 8261/8106/26 6159/1/28 6163/112/26
f 8261/8106/26 6163/112/26 8265/8104/24
f 8265/8104/24 6163/112/26 6167/111/24
f 8265/8104/24 6167/111/24 8269/8103/22
f 8269/8103/22 6167/111/24 6171/109/22
f 8269/8103/22 6171/109/22 8273/8100/20
f 8273/8100/20 6171/109/22 6175/106/20
f 8273/8100/20 6175/106/20 8277/8098/18
f 8277/8098/18 6175/106/20 6179/104/18
f 8277/8098/18 6179/104/18 8281/8095/16
f 8281/8095/16 6179/104/18 6183/102/16
f 8281/8095/16 6183/102/16 8285/8093/14
f 8285/8093/14 6183/102/16 6187/100/14
f 8285/8093/14 6187/100/14 8289/8090/12
f 8289/8090/12 6187/100/14 6191/98/12
f 8289/8090/12 6191/98/12 8293/8088/10
f 8293/8088/10 6191/98/12 6195/96/10
f 8293/8088/10 6195/96/10 8297/8084/8
f 8297/8084/8 6195/96/10 6199/93/8
f 8297/8084/8 6199/93/8 8301/8082/6
f 8301/8082/6 6199/93/8 6203/91/6
f 8301/8082/6 6203/91/6 8305/8080/4
f 8305/8080/4 6203/91/6 6207/89/4
f 8305/8080/4 6207/89/4 8307/8078/3
f 8307/8078/3 6207/89/4 6209/87/3
f 8307/8078/3 6209/87/3 8303/8076/5
f 8303/8076/5 6209/87/3 6205/85/5
f 8303/8076/5 6205/85/5 8299/8074/7
f 8299/8074/7 6205/85/5 6201/83/7
f 8299/8074/7 6201/83/7 8295/8071/9
f 8295/8071/9 6201/83/7 6197/80/9
f 8295/8071/9 6197/80/9 8291/8069/11
f 8291/8069/11 6197/80/9 6193/78/11
f 8291/8069/11 6193/78/11 8287/8067/13
f 8287/8067/13 6193/78/11 6189/76/13
f 8287/8067/13 6189/76/13 8283/8065/15
f 8283/8065/15 6189/76/13 6185/73/15
f 8283/8065/15 6185/73/15 8279/8063/17
f 8279/8063/17 6185/73/15 6181/71/17
f 8279/8063/17 6181/71/17 8275/8061/19
f 8275/8061/19 6181/71/17 6177/69/19
f 8275/8061/19 6177/69/19 8271/8059/21
f 8271/8059/21 6177/69/19 6173/67/21
f 8271/8059/21 6173/67/21 8267/8057/23
f 8267/8057/23 6173/67/21 6169/65/23
f 8267/8057/23 6169/65/23 8263/8055/25
f 8263/8055/25 6169/65/23 6165/63/25
f 8263/8055/25 6165/63/25 8259/8053/27
f 8259/8053/27 6165/63/25 6161/60/27
f 8259/8053/27 6161/60/27 8255/8051/30
f 8255/8051/30 6161/60/27 6157/57/30
f 8255/8051/30 6157/57/30 8251/8048/32
f 8251/8048/32 6157/57/30 6153/54/32
f 8251/8048/32 6153/54/32 8247/8046/34
f 8247/8046/34 6153/54/32 6149/51/34
f 8247/8046/34 6149/51/34 8243/8044/36
f 8243/8044/36 6149/51/34 6145/49/36
f 8243/8044/36 6145/49/36 8239/8042/38
f 8239/8042/38 6145/49/36 6141/47/38
f 8239/8042/38 6141/47/38 8235/8040/40
f 8235/8040/40 6141/47/38 6137/45/40
f 8235/8040/40 6137/45/40 8231/8038/42
f 8231/8038/42 6137/45/40 6133/43/42
f 8231/8038/42 6133/43/42 8227/8036/44
f 8227/8036/44 6133/43/42 6129/41/44
f 8227/8036/44 6129/41/44 8223/8034/46
f 8223/8034/46 6129/41/44 6125/38/46
f 8223/8034/46 6125/38/46 8219/8032/48
f 8219/8032/48 6125/38/46 6121/36/48
f 8219/8032/48 6121/36/48 8215/8030/50
f 8215/8030/50 6121/36/48 6117/34/50
f 8215/8030/50 6117/34/50 8211/8028/52
f 8211/8028/52 6117/34/50 6113/32/52
f 8211/8028/52 6113/32/52 8207/8026/55
f 8207/8026/55 6113/32/52 6109/30/55
f 8207/8026/55 6109/30/55 8209/8024/53
f 8209/8024/53 6109/30/55 6111/28/53
f 8209/8024/53 6111/28/53 8213/8022/51
f 8213/8022/51 6111/28/53 6115/26/51
f 8213/8022/51 6115/26/51 8217/8020/49
f 8217/8020/49 6115/26/51 6119/24/49
f 8217/8020/49 6119/24/49 8221/8018/47
f 8221/8018/47 6119/24/49 6123/22/47
f 8221/8018/47 6123/22/47 8225/8015/45
f 8225/8015/45 6123/22/47 6127/20/45
f 8225/8015/45 6127/20/45 8229/8013/43
f 8229/8013/43 6127/20/45 6131/18/43
f 8229/8013/43 6131/18/43 8233/8010/41
f 8233/8010/41 6131/18/43 6135/16/41
f 8233/8010/41 6135/16/41 8237/8008/39
f 8237/8008/39 6135/16/41 6139/14/39
f 8237/8008/39 6139/14/39 8241/8005/37
f 8241/8005/37 6139/14/39 6143/12/37
f 8241/8005/37 6143/12/37 8245/8003/35
f 8245/8003/35 6143/12/37 6147/9/35
f 8245/8003/35 6147/9/35 8249/8001/33
f 8249/8001/33 6147/9/35 6151/5/33
f 8249/8001/33 6151/5/33 8253/7999/31
f 8253/7999/31 6151/5/33 6155/2/31
f 8254/7999/31 6156/2/31 8258/7996/28
f 8258/7996/28 6156/2/31 6160/112/28
f 8258/7996/28 6160/112/28 8262/8104/26
f 8262/8104/26 6160/112/28 6164/111/26
f 8262/8104/26 6164/111/26 8266/8103/24
f 8266/8103/24 6164/111/26 6168/109/24
f 8266/8103/24 6168/109/24 8270/8101/22
f 8270/8101/22 6168/109/24 6172/107/22
f 8270/8101/22 6172/107/22 8274/8099/20
f 8274/8099/20 6172/107/22 6176/105/20
f 8274/8099/20 6176/105/20 8278/8096/18
f 8278/8096/18 6176/105/20 6180/103/18
f 8278/8096/18 6180/103/18 8282/8094/16
f 8282/8094/16 6180/103/18 6184/101/16
f 8282/8094/16 6184/101/16 8286/8091/14
f 8286/8091/14 6184/101/16 6188/99/14
f 8286/8091/14 6188/99/14 8290/8089/12
f 8290/8089/12 6188/99/14 6192/97/12
f 8290/8089/12 6192/97/12 8294/8085/10
f 8294/8085/10 6192/97/12 6196/94/10
f 8294/8085/10 6196/94/10 8298/8083/8
f 8298/8083/8 6196/94/10 6200/92/8
f 8298/8083/8 6200/92/8 8302/8081/6
f 8302/8081/6 6200/92/8 6204/90/6
f 8302/8081/6 6204/90/6 8306/8079/4
f 8306/8079/4 6204/90/6 6208/88/4
f 8306/8079/4 6208/88/4 8308/8077/3
f 8308/8077/3 6208/88/4 6210/86/3
f 8308/8077/3 6210/86/3 8304/8075/5
f 8304/8075/5 6210/86/3 6206/84/5
f 8304/8075/5 6206/84/5 8300/8072/7
f 8300/8072/7 6206/84/5 6202/81/7
f 8300/8072/7 6202/81/7 8296/8070/9
f 8296/8070/9 6202/81/7 6198/79/9
f 8296/8070/9 6198/79/9 8292/8068/11
f 8292/8068/11 6198/79/9 6194/77/11
f 8292/8068/11 6194/77/11 8288/8066/13
f 8288/8066/13 6194/77/11 6190/74/13
f 8288/8066/13 6190/74/13 8284/8064/15
f 8284/8064/15 6190/74/13 6186/72/15
f 8284/8064/15 6186/72/15 8280/8062/17
f 8280/8062/17 6186/72/15 6182/70/17
f 8280/8062/17 6182/70/17 8276/8060/19
f 8276/8060/19 6182/70/17 6178/68/19
f 8276/8060/19 6178/68/19 8272/8058/21
f 8272/8058/21 6178/68/19 6174/66/21
f 8272/8058/21 6174/66/21 8268/8056/23
f 8268/8056/23 6174/66/21 6170/64/23
f 8268/8056/23 6170/64/23 8264/8054/25
f 8264/8054/25 6170/64/23 6166/61/25
f 8264/8054/25 6166/61/25 8260/8052/27
f 8260/8052/27 6166/61/25 6162/59/27
f 8260/8052/27 6162/59/27 8256/8049/30
f 8256/8049/30 6162/59/27 6158/55/30
f 8256/8049/30 6158/55/30 8252/8047/32
f 8252/8047/32 6158/55/30 6154/53/32
f 8252/8047/32 6154/53/32 8248/8045/34
f 8248/8045/34 6154/53/32 6150/50/34
f 8248/8045/34 6150/50/34 8244/8043/36
f 8244/8043/36 6150/50/34 6146/48/36
f 8244/8043/36 6146/48/36 8240/8041/38
f 8240/8041/38 6146/48/36 6142/46/38
f 8240/8041/38 6142/46/38 8236/8039/40
f 8236/8039/40 6142/46/38 6138/44/40
f 8236/8039/40 6138/44/40 8232/8037/42
f 8232/8037/42 6138/44/40 6134/42/42
f 8232/8037/42 6134/42/42 8228/8035/44
f 8228/8035/44 6134/42/42 6130/40/44
f 8228/8035/44 6130/40/44 8224/8033/46
f 8224/8033/46 6130/40/44 6126/37/46
f 8224/8033/46 6126/37/46 8220/8031/48
f 8220/8031/48 6126/37/46 6122/35/48
f 8220/8031/48 6122/35/48 8216/8029/50
f 8216/8029/50 6122/35/48 6118/33/50
f 8216/8029/50 6118/33/50 8212/8027/52
f 8212/8027/52 6118/33/50 6114/31/52
f 8212/8027/52 6114/31/52 8208/8025/55
f 8208/8025/55 6114/31/52 6110/29/55
f 8208/8025/55 6110/29/55 8210/8023/53
f 8210/8023/53 6110/29/55 6112/27/53
f 8210/8023/53 6112/27/53 8214/8021/51
f 8214/8021/51 6112/27/53 6116/25/51
f 8214/8021/51 6116/25/51 8218/8019/49
f 8218/8019/49 6116/25/51 6120/23/49
f 8218/8019/49 6120/23/49 8222/8017/47
f 8222/8017/47 6120/23/49 6124/21/47
f 8222/8017/47 6124/21/47 8226/8014/45
f 8226/8014/45 6124/21/47 6128/19/45
f 8226/8014/45 6128/19/45 8230/8012/43
f 8230/8012/43 6128/19/45 6132/17/43
f 8230/8012/43 6132/17/43 8234/8009/41
f 8234/8009/41 6132/17/43 6136/15/41
f 8234/8009/41 6136/15/41 8238/8007/39
f 8238/8007/39 6136/15/41 6140/13/39
f 8238/8007/39 6140/13/39 8242/8004/37
f 8242/8004/37 6140/13/39 6144/11/37
f 8242/8004/37 6144/11/37 8246/8002/35
f 8246/8002/35 6144/11/37 6148/8/35
f 8246/8002/35 6148/8/35 8250/8001/33
f 8250/8001/33 6148/8/35 6152/5/33
f 8250/8001/33 6152/5/33 8254/7999/31
f 8254/7999/31 6152/5/33 6156/2/31
f 8151/7996/31 6053/1/31 8155/8106/28
f 8155/8106/28 6053/1/31 6057/112/28
f 8155/8106/28 6057/112/28 8159/8104/26
f 8159/8104/26 6057/112/28 6061/111/26
f 8159/8104/26 6061/111/26 8163/8103/24
f 8163/8103/24 6061/111/26 6065/109/24
f 8163/8103/24 6065/109/24 8167/8100/22
f 8167/8100/22 6065/109/24 6069/106/22
f 8167/8100/22 6069/106/22 8171/8098/20
f 8171/8098/20 6069/106/22 6073/104/20
f 8171/8098/20 6073/104/20 8175/8095/18
f 8175/8095/18 6073/104/20 6077/102/18
f 8175/8095/18 6077/102/18 8179/8093/16
f 8179/8093/16 6077/102/18 6081/100/16
f 8179/8093/16 6081/100/16 8183/8090/14
f 8183/8090/14 6081/100/16 6085/98/14
f 8183/8090/14 6085/98/14 8187/8088/12
f 8187/8088/12 6085/98/14 6089/96/12
f 8187/8088/12 6089/96/12 8191/8084/10
f 8191/8084/10 6089/96/12 6093/93/10
f 8191/8084/10 6093/93/10 8195/8082/8
f 8195/8082/8 6093/93/10 6097/91/8
f 8195/8082/8 6097/91/8 8199/8080/6
f 8199/8080/6 6097/91/8 6101/89/6
f 8199/8080/6 6101/89/6 8203/8078/4
f 8203/8078/4 6101/89/6 6105/87/4
f 8203/8078/4 6105/87/4 8205/8076/3
f 8205/8076/3 6105/87/4 6107/85/3
f 8205/8076/3 6107/85/3 8201/8074/5
f 8201/8074/5 6107/85/3 6103/83/5
f 8201/8074/5 6103/83/5 8197/8071/7
f 8197/8071/7 6103/83/5 6099/80/7
f 8197/8071/7 6099/80/7 8193/8069/9
f 8193/8069/9 6099/80/7 6095/78/9
f 8193/8069/9 6095/78/9 8189/8067/11
f 8189/8067/11 6095/78/9 6091/76/11
f 8189/8067/11 6091/76/11 8185/8065/13
f 8185/8065/13 6091/76/11 6087/73/13
f 8185/8065/13 6087/73/13 8181/8063/15
f 8181/8063/15 6087/73/13 6083/71/15
f 8181/8063/15 6083/71/15 8177/8061/17
f 8177/8061/17 6083/71/15 6079/69/17
f 8177/8061/17 6079/69/17 8173/8059/19
f 8173/8059/19 6079/69/17 6075/67/19
f 8173/8059/19 6075/67/19 8169/8057/21
f 8169/8057/21 6075/67/19 6071/65/21
f 8169/8057/21 6071/65/21 8165/8055/23
f 8165/8055/23 6071/65/21 6067/63/23
f 8165/8055/23 6067/63/23 8161/8053/25
f 8161/8053/25 6067/63/23 6063/60/25
f 8161/8053/25 6063/60/25 8157/8051/27
f 8157/8051/27 6063/60/25 6059/57/27
f 8157/8051/27 6059/57/27 8153/8048/30
f 8153/8048/30 6059/57/27 6055/54/30
f 8153/8048/30 6055/54/30 8149/8046/32
f 8149/8046/32 6055/54/30 6051/51/32
f 8149/8046/32 6051/51/32 8145/8044/34
f 8145/8044/34 6051/51/32 6047/49/34
f 8145/8044/34 6047/49/34 8141/8042/36
f 8141/8042/36 6047/49/34 6043/47/36
f 8141/8042/36 6043/47/36 8137/8040/38
f 8137/8040/38 6043/47/36 6039/45/38
f 8137/8040/38 6039/45/38 8133/8038/40
f 8133/8038/40 6039/45/38 6035/43/40
f 8133/8038/40 6035/43/40 8129/8036/42
f 8129/8036/42 6035/43/40 6031/41/42
f 8129/8036/42 6031/41/42 8125/8034/44
f 8125/8034/44 6031/41/42 6027/38/44
f 8125/8034/44 6027/38/44 8121/8032/46
f 8121/8032/46 6027/38/44 6023/36/46
f 8121/8032/46 6023/36/46 8117/8030/48
f 8117/8030/48 6023/36/46 6019/34/48
f 8117/8030/48 6019/34/48 8113/8028/50
f 8113/8028/50 6019/34/48 6015/32/50
f 8113/8028/50 6015/32/50 8109/8026/52
f 8109/8026/52 6015/32/50 6011/30/52
f 8109/8026/52 6011/30/52 8105/8024/55
f 8105/8024/55 6011/30/52 6007/28/55
f 8105/8024/55 6007/28/55 8107/8022/53
f 8107/8022/53 6007/28/55 6009/26/53
f 8107/8022/53 6009/26/53 8111/8020/51
f 8111/8020/51 6009/26/53 6013/24/51
f 8111/8020/51 6013/24/51 8115/8018/49
f 8115/8018/49 6013/24/51 6017/22/49
f 8115/8018/49 6017/22/49 8119/8015/47
f 8119/8015/47 6017/22/49 6021/20/47
f 8119/8015/47 6021/20/47 8123/8013/45
f 8123/8013/45 6021/20/47 6025/18/45
f 8123/8013/45 6025/18/45 8127/8010/43
f 8127/8010/43 6025/18/45 6029/16/43
f 8127/8010/43 6029/16/43 8131/8008/41
f 8131/8008/41 6029/16/43 6033/14/41
f 8131/8008/41 6033/14/41 8135/8005/39
f 8135/8005/39 6033/14/41 6037/12/39
f 8135/8005/39 6037/12/39 8139/8003/37
f 8139/8003/37 6037/12/39 6041/9/37
f 8139/8003/37 6041/9/37 8143/8001/35
f 8143/8001/35 6041/9/37 6045/5/35
f 8143/8001/35 6045/5/35 8147/7999/33
f 8147/7999/33 6045/5/35 6049/2/33
f 8147/7999/33 6049/2/33 8151/7996/31
f 8151/7996/31 6049/2/33 6053/1/31
f 8152/7999/31 6054/2/31 8156/7996/28
f 8156/7996/28 6054/2/31 6058/1/28
f 8156/7996/28 6058/1/28 8160/8106/26
f 8160/8106/26 6058/1/28 6062/112/26
f 8160/8106/26 6062/112/26 8164/8104/24
f 8164/8104/24 6062/112/26 6066/111/24
f 8164/8104/24 6066/111/24 8168/8103/22
f 8168/8103/22 6066/111/24 6070/109/22
f 8168/8103/22 6070/109/22 8172/8100/20
f 8172/8100/20 6070/109/22 6074/106/20
f 8172/8100/20 6074/106/20 8176/8098/18
f 8176/8098/18 6074/106/20 6078/104/18
f 8176/8098/18 6078/104/18 8180/8095/16
f 8180/8095/16 6078/104/18 6082/102/16
f 8180/8095/16 6082/102/16 8184/8093/14
f 8184/8093/14 6082/102/16 6086/100/14
f 8184/8093/14 6086/100/14 8188/8090/12
f 8188/8090/12 6086/100/14 6090/98/12
f 8188/8090/12 6090/98/12 8192/8088/10
f 8192/8088/10 6090/98/12 6094/96/10
f 8192/8088/10 6094/96/10 8196/8084/8
f 8196/8084/8 6094/96/10 6098/93/8
f 8196/8084/8 6098/93/8 8200/8082/6
f 8200/8082/6 6098/93/8 6102/91/6
f 8200/8082/6 6102/91/6 8204/8080/4
f 8204/8080/4 6102/91/6 6106/89/4
f 8204/8080/4 6106/89/4 8206/8078/3
f 8206/8078/3 6106/89/4 6108/87/3
f 8206/8078/3 6108/87/3 8202/8076/5
f 8202/8076/5 6108/87/3 6104/85/5
f 8202/8076/5 6104/85/5 8198/8074/7
f 8198/8074/7 6104/85/5 6100/83/7
f 8198/8074/7 6100/83/7 8194/8071/9
f 8194/8071/9 6100/83/7 6096/80/9
f 8194/8071/9 6096/80/9 8190/8069/11
f 8190/8069/11 6096/80/9 6092/78/11
f 8190/8069/11 6092/78/11 8186/8067/13
f 8186/8067/13 6092/78/11 6088/76/13
f 8186/8067/13 6088/76/13 8182/8065/15
f 8182/8065/15 6088/76/13 6084/73/15
f 8182/8065/15 6084/73/15 8178/8063/17
f 8178/8063/17 6084/73/15 6080/71/17
f 8178/8063/17 6080/71/17 8174/8061/19
f 8174/8061/19 6080/71/17 6076/69/19
f 8174/8061/19 6076/69/19 8170/8059/21
f 8170/8059/21 6076/69/19 6072/67/21
f 8170/8059/21 6072/67/21 8166/8057/23
f 8166/8057/23 6072/67/21 6068/65/23
f 8166/8057/23 6068/65/23 8162/8055/25
f 8162/8055/25 6068/65/23 6064/63/25
f 8162/8055/25 6064/63/25 8158/8053/27
f 8158/8053/27 6064/63/25 6060/60/27
f 8158/8053/27 6060/60/27 8154/8051/30
f 8154/8051/30 6060/60/27 6056/57/30
f 8154/8051/30 6056/57/30 8150/8048/32
f 8150/8048/32 6056/57/30 6052/54/32
f 8150/8048/32 6052/54/32 8146/8046/34
f 8146/8046/34 6052/54/32 6048/51/34
f 8146/8046/34 6048/51/34 8142/8044/36
f 8142/8044/36 6048/51/34 6044/49/36
f 8142/8044/36 6044/49/36 8138/8042/38
f 8138/8042/38 6044/49/36 6040/47/38
f 8138/8042/38 6040/47/38 8134/8040/40
f 8134/8040/40 6040/47/38 6036/45/40
f 8134/8040/40 6036/45/40 8130/8038/42
f 8130/8038/42 6036/45/40 6032/43/42
f 8130/8038/42 6032/43/42 8126/8036/44
f 8126/8036/44 6032/43/42 6028/41/44
f 8126/8036/44 6028/41/44 8122/8034/46
f 8122/8034/46 6028/41/44 6024/38/46
f 8122/8034/46 6024/38/46 8118/8032/48
f 8118/8032/48 6024/38/46 6020/36/48
f 8118/8032/48 6020/36/48 8114/8030/50
f 8114/8030/50 6020/36/48 6016/34/50
f 8114/8030/50 6016/34/50 8110/8028/52
f 8110/8028/52 6016/34/50 6012/32/52
f 8110/8028/52 6012/32/52 8106/8026/55
f 8106/8026/55 6012/32/52 6008/30/55
f 8106/8026/55 6008/30/55 8108/8024/53
f 8108/8024/53 6008/30/55 6010/28/53
f 8108/8024/53 6010/28/53 8112/8022/51
f 8112/8022/51 6010/28/53 6014/26/51
f 8112/8022/51 6014/26/51 8116/8020/49
f 8116/8020/49 6014/26/51 6018/24/49
f 8116/8020/49 6018/24/49 8120/8018/47
f 8120/8018/47 6018/24/49 6022/22/47
f 8120/8018/47 6022/22/47 8124/8015/45
f 8124/8015/45 6022/22/47 6026/20/45
f 8124/8015/45 6026/20/45 8128/8013/43
f 8128/8013/43 6026/20/45 6030/18/43
f 8128/8013/43 6030/18/43 8132/8010/41
f 8132/8010/41 6030/18/43 6034/16/41
f 8132/8010/41 6034/16/41 8136/8008/39
f 8136/8008/39 6034/16/41 6038/14/39
f 8136/8008/39 6038/14/39 8140/8005/37
f 8140/8005/37 6038/14/39 6042/12/37
f 8140/8005/37 6042/12/37 8144/8003/35
f 8144/8003/35 6042/12/37 6046/9/35
f 8144/8003/35 6046/9/35 8148/8001/33
f 8148/8001/33 6046/9/35 6050/5/33
f 8148/8001/33 6050/5/33 8152/7999/31
f 8152/7999/31 6050/5/33 6054/2/31
f 8049/7996/31 5951/1/31 8053/8106/28
f 8053/8106/28 5951/1/31 5955/112/28
f 8053/8106/28 5955/112/28 8057/8104/26
f 8057/8104/26 5955/112/28 5959/111/26
f 8057/8104/26 5959/111/26 8061/8103/24
f 8061/8103/24 5959/111/26 5963/109/24
f 8061/8103/24 5963/109/24 8065/8100/22
f 8065/8100/22 5963/109/24 5967/106/22
f 8065/8100/22 5967/106/22 8069/8098/20
f 8069/8098/20 5967/106/22 5971/104/20
f 8069/8098/20 5971/104/20 8073/8095/18
f 8073/8095/18 5971/104/20 5975/102/18
f 8073/8095/18 5975/102/18 8077/8093/16
f 8077/8093/16 5975/102/18 5979/100/16
f 8077/8093/16 5979/100/16 8081/8090/14
f 8081/8090/14 5979/100/16 5983/98/14
f 8081/8090/14 5983/98/14 8085/8088/12
f 8085/8088/12 5983/98/14 5987/96/12
f 8085/8088/12 5987/96/12 8089/8084/10
f 8089/8084/10 5987/96/12 5991/93/10
f 8089/8084/10 5991/93/10 8093/8082/8
f 8093/8082/8 5991/93/10 5995/91/8
f 8093/8082/8 5995/91/8 8097/8080/6
f 8097/8080/6 5995/91/8 5999/89/6
f 8097/8080/6 5999/89/6 8101/8078/4
f 8101/8078/4 5999/89/6 6003/87/4
f 8101/8078/4 6003/87/4 8103/8076/3
f 8103/8076/3 6003/87/4 6005/85/3
f 8103/8076/3 6005/85/3 8099/8074/5
f 8099/8074/5 6005/85/3 6001/83/5
f 8099/8074/5 6001/83/5 8095/8071/7
f 8095/8071/7 6001/83/5 5997/80/7
f 8095/8071/7 5997/80/7 8091/8069/9
f 8091/8069/9 5997/80/7 5993/78/9
f 8091/8069/9 5993/78/9 8087/8067/11
f 8087/8067/11 5993/78/9 5989/76/11
f 8087/8067/11 5989/76/11 8083/8065/13
f 8083/8065/13 5989/76/11 5985/73/13
f 8083/8065/13 5985/73/13 8079/8063/15
f 8079/8063/15 5985/73/13 5981/71/15
f 8079/8063/15 5981/71/15 8075/8061/17
f 8075/8061/17 5981/71/15 5977/69/17
f 8075/8061/17 5977/69/17 8071/8059/19
f 8071/8059/19 5977/69/17 5973/67/19
f 8071/8059/19 5973/67/19 8067/8057/21
f 8067/8057/21 5973/67/19 5969/65/21
f 8067/8057/21 5969/65/21 8063/8055/23
f 8063/8055/23 5969/65/21 5965/63/23
f 8063/8055/23 5965/63/23 8059/8053/25
f 8059/8053/25 5965/63/23 5961/60/25
f 8059/8053/25 5961/60/25 8055/8051/27
f 8055/8051/27 5961/60/25 5957/57/27
f 8055/8051/27 5957/57/27 8051/8048/30
f 8051/8048/30 5957/57/27 5953/54/30
f 8051/8048/30 5953/54/30 8047/8046/32
f 8047/8046/32 5953/54/30 5949/51/32
f 8047/8046/32 5949/51/32 8043/8044/34
f 8043/8044/34 5949/51/32 5945/49/34
f 8043/8044/34 5945/49/34 8039/8042/36
f 8039/8042/36 5945/49/34 5941/47/36
f 8039/8042/36 5941/47/36 8035/8040/38
f 8035/8040/38 5941/47/36 5937/45/38
f 8035/8040/38 5937/45/38 8031/8038/40
f 8031/8038/40 5937/45/38 5933/43/40
f 8031/8038/40 5933/43/40 8027/8036/42
f 8027/8036/42 5933/43/40 5929/41/42
f 8027/8036/42 5929/41/42 8023/8034/44
f 8023/8034/44 5929/41/42 5925/38/44
f 8023/8034/44 5925/38/44 8019/8032/46
f 8019/8032/46 5925/38/44 5921/36/46
f 8019/8032/46 5921/36/46 8015/8030/48
f 8015/8030/48 5921/36/46 5917/34/48
f 8015/8030/48 5917/34/48 8011/8028/50
f 8011/8028/50 5917/34/48 5913/32/50
f 8011/8028/50 5913/32/50 8007/8026/52
f 8007/8026/52 5913/32/50 5909/30/52
f 8007/8026/52 5909/30/52 8003/8024/55
f 8003/8024/55 5909/30/52 5905/28/55
f 8003/8024/55 5905/28/55 8005/8022/53
f 8005/8022/53 5905/28/55 5907/26/53
f 8005/8022/53 5907/26/53 8009/8020/51
f 8009/8020/51 5907/26/53 5911/24/51
f 8009/8020/51 5911/24/51 8013/8018/49
f 8013/8018/49 5911/24/51 5915/22/49
f 8013/8018/49 5915/22/49 8017/8015/47
f 8017/8015/47 5915/22/49 5919/20/47
f 8017/8015/47 5919/20/47 8021/8013/45
f 8021/8013/45 5919/20/47 5923/18/45
f 8021/8013/45 5923/18/45 8025/8010/43
f 8025/8010/43 5923/18/45 5927/16/43
f 8025/8010/43 5927/16/43 8029/8008/41
f 8029/8008/41 5927/16/43 5931/14/41
f 8029/8008/41 5931/14/41 8033/8005/39
f 8033/8005/39 5931/14/41 5935/12/39
f 8033/8005/39 5935/12/39 8037/8003/37
f 8037/8003/37 5935/12/39 5939/9/37
f 8037/8003/37 5939/9/37 8041/8001/35
f 8041/8001/35 5939/9/37 5943/5/35
f 8041/8001/35 5943/5/35 8045/7999/33
f 8045/7999/33 5943/5/35 5947/2/33
f 8045/7999/33 5947/2/33 8049/7996/31
f 8049/7996/31 5947/2/33 5951/1/31
f 8050/7999/31 5952/2/31 8054/7996/28
f 8054/7996/28 5952/2/31 5956/1/28
f 8054/7996/28 5956/1/28 8058/8106/26
f 8058/8106/26 5956/1/28 5960/112/26
f 8058/8106/26 5960/112/26 8062/8104/24
f 8062/8104/24 5960/112/26 5964/111/24
f 8062/8104/24 5964/111/24 8066/8103/22
f 8066/8103/22 5964/111/24 5968/109/22
f 8066/8103/22 5968/109/22 8070/8100/20
f 8070/8100/20 5968/109/22 5972/106/20
f 8070/8100/20 5972/106/20 8074/8098/18
f 8074/8098/18 5972/106/20 5976/104/18
f 8074/8098/18 5976/104/18 8078/8095/16
f 8078/8095/16 5976/104/18 5980/102/16
f 8078/8095/16 5980/102/16 8082/8093/14
f 8082/8093/14 5980/102/16 5984/100/14
f 8082/8093/14 5984/100/14 8086/8090/12
f 8086/8090/12 5984/100/14 5988/98/12
f 8086/8090/12 5988/98/12 8090/8088/10
f 8090/8088/10 5988/98/12 5992/96/10
f 8090/8088/10 5992/96/10 8094/8084/8
f 8094/8084/8 5992/96/10 5996/93/8
f 8094/8084/8 5996/93/8 8098/8082/6
f 8098/8082/6 5996/93/8 6000/91/6
f 8098/8082/6 6000/91/6 8102/8080/4
f 8102/8080/4 6000/91/6 6004/89/4
f 8102/8080/4 6004/89/4 8104/8078/3
f 8104/8078/3 6004/89/4 6006/87/3
f 8104/8078/3 6006/87/3 8100/8076/5
f 8100/8076/5 6006/87/3 6002/85/5
f 8100/8076/5 6002/85/5 8096/8074/7
f 8096/8074/7 6002/85/5 5998/83/7
f 8096/8074/7 5998/83/7 8092/8071/9
f 8092/8071/9 5998/83/7 5994/80/9
f 8092/8071/9 5994/80/9 8088/8069/11
f 8088/8069/11 5994/80/9 5990/78/11
f 8088/8069/11 5990/78/11 8084/8067/13
f 8084/8067/13 5990/78/11 5986/76/13
f 8084/8067/13 5986/76/13 8080/8065/15
f 8080/8065/15 5986/76/13 5982/73/15
f 8080/8065/15 5982/73/15 8076/8063/17
f 8076/8063/17 5982/73/15 5978/71/17
f 8076/8063/17 5978/71/17 8072/8061/19
f 8072/8061/19 5978/71/17 5974/69/19
f 8072/8061/19 5974/69/19 8068/8059/21
f 8068/8059/21 5974/69/19 5970/67/21
f 8068/8059/21 5970/67/21 8064/8057/23
f 8064/8057/23 5970/67/21 5966/65/23
f 8064/8057/23 5966/65/23 8060/8055/25
f 8060/8055/25 5966/65/23 5962/63/25
f 8060/8055/25 5962/63/25 8056/8053/27
f 8056/8053/27 5962/63/25 5958/60/27
f 8056/8053/27 5958/60/27 8052/8051/30
f 8052/8051/30 5958/60/27 5954/57/30
f 8052/8051/30 5954/57/30 8048/8048/32
f 8048/8048/32 5954/57/30 5950/54/32
f 8048/8048/32 5950/54/32 8044/8046/34
f 8044/8046/34 5950/54/32 5946/51/34
f 8044/8046/34 5946/51/34 8040/8044/36
f 8040/8044/36 5946/51/34 5942/49/36
f 8040/8044/36 5942/49/36 8036/8042/38
f 8036/8042/38 5942/49/36 5938/47/38
f 8036/8042/38 5938/47/38 8032/8040/40
f 8032/8040/40 5938/47/38 5934/45/40
f 8032/8040/40 5934/45/40 8028/8038/42
f 8028/8038/42 5934/45/40 5930/43/42
f 8028/8038/42 5930/43/42 8024/8036/44
f 8024/8036/44 5930/43/42 5926/41/44
f 8024/8036/44 5926/41/44 8020/8034/46
f 8020/8034/46 5926/41/44 5922/38/46
f 8020/8034/46 5922/38/46 8016/8032/48
f 8016/8032/48 5922/38/46 5918/36/48
f 8016/8032/48 5918/36/48 8012/8030/50
f 8012/8030/50 5918/36/48 5914/34/50
f 8012/8030/50 5914/34/50 8008/8028/52
f 8008/8028/52 5914/34/50 5910/32/52
f 8008/8028/52 5910/32/52 8004/8026/55
f 8004/8026/55 5910/32/52 5906/30/55
f 8004/8026/55 5906/30/55 8006/8024/53
f 8006/8024/53 5906/30/55 5908/28/53
f 8006/8024/53 5908/28/53 8010/8022/51
f 8010/8022/51 5908/28/53 5912/26/51
f 8010/8022/51 5912/26/51 8014/8020/49
f 8014/8020/49 5912/26/51 5916/24/49
f 8014/8020/49 5916/24/49 8018/8018/47
f 8018/8018/47 5916/24/49 5920/22/47
f 8018/8018/47 5920/22/47 8022/8015/45
f 8022/8015/45 5920/22/47 5924/20/45
f 8022/8015/45 5924/20/45 8026/8013/43
f 8026/8013/43 5924/20/45 5928/18/43
f 8026/8013/43 5928/18/43 8030/8010/41
f 8030/8010/41 5928/18/43 5932/16/41
f 8030/8010/41 5932/16/41 8034/8008/39
f 8034/8008/39 5932/16/41 5936/14/39
f 8034/8008/39 5936/14/39 8038/8005/37
f 8038/8005/37 5936/14/39 5940/12/37
f 8038/8005/37 5940/12/37 8042/8003/35
f 8042/8003/35 5940/12/37 5944/9/35
f 8042/8003/35 5944/9/35 8046/8001/33
f 8046/8001/33 5944/9/35 5948/5/33
f 8046/8001/33 5948/5/33 8050/7999/31
f 8050/7999/31 5948/5/33 5952/2/31
f 7947/7999/31 5849/2/31 7951/7996/28
f 7951/7996/28 5849/2/31 5853/1/28
f 7951/7996/28 5853/1/28 7955/8106/26
f 7955/8106/26 5853/1/28 5857/112/26
f 7955/8106/26 5857/112/26 7959/8104/24
f 7959/8104/24 5857/112/26 5861/111/24
f 7959/8104/24 5861/111/24 7963/8103/22
f 7963/8103/22 5861/111/24 5865/109/22
f 7963/8103/22 5865/109/22 7967/8100/20
f 7967/8100/20 5865/109/22 5869/106/20
f 7967/8100/20 5869/106/20 7971/8098/18
f 7971/8098/18 5869/106/20 5873/104/18
f 7971/8098/18 5873/104/18 7975/8095/16
f 7975/8095/16 5873/104/18 5877/102/16
f 7975/8095/16 5877/102/16 7979/8093/14
f 7979/8093/14 5877/102/16 5881/100/14
f 7979/8093/14 5881/100/14 7983/8090/12
f 7983/8090/12 5881/100/14 5885/98/12
f 7983/8090/12 5885/98/12 7987/8088/10
f 7987/8088/10 5885/98/12 5889/96/10
f 7987/8088/10 5889/96/10 7991/8084/8
f 7991/8084/8 5889/96/10 5893/93/8
f 7991/8084/8 5893/93/8 7995/8082/6
f 7995/8082/6 5893/93/8 5897/91/6
f 7995/8082/6 5897/91/6 7999/8080/4
f 7999/8080/4 5897/91/6 5901/89/4
f 7999/8080/4 5901/89/4 8001/8078/3
f 8001/8078/3 5901/89/4 5903/87/3
f 8001/8078/3 5903/87/3 7997/8076/5
f 7997/8076/5 5903/87/3 5899/85/5
f 7997/8076/5 5899/85/5 7993/8074/7
f 7993/8074/7 5899/85/5 5895/83/7
f 7993/8074/7 5895/83/7 7989/8071/9
f 7989/8071/9 5895/83/7 5891/80/9
f 7989/8071/9 5891/80/9 7985/8069/11
f 7985/8069/11 5891/80/9 5887/78/11
f 7985/8069/11 5887/78/11 7981/8067/13
f 7981/8067/13 5887/78/11 5883/76/13
f 7981/8067/13 5883/76/13 7977/8065/15
f 7977/8065/15 5883/76/13 5879/73/15
f 7977/8065/15 5879/73/15 7973/8063/17
f 7973/8063/17 5879/73/15 5875/71/17
f 7973/8063/17 5875/71/17 7969/8061/19
f 7969/8061/19 5875/71/17 5871/69/19
f 7969/8061/19 5871/69/19 7965/8059/21
f 7965/8059/21 5871/69/19 5867/67/21
f 7965/8059/21 5867/67/21 7961/8057/23
f 7961/8057/23 5867/67/21 5863/65/23
f 7961/8057/23 5863/65/23 7957/8055/25
f 7957/8055/25 5863/65/23 5859/63/25
f 7957/8055/25 5859/63/25 7953/8053/27
f 7953/8053/27 5859/63/25 5855/60/27
f 7953/8053/27 5855/60/27 7949/8051/30
f 7949/8051/30 5855/60/27 5851/57/30
f 7949/8051/30 5851/57/30 7945/8048/32
f 7945/8048/32 5851/57/30 5847/54/32
f 7945/8048/32 5847/54/32 7941/8046/34
f 7941/8046/34 5847/54/32 5843/51/34
f 7941/8046/34 5843/51/34 7937/8044/36
f 7937/8044/36 5843/51/34 5839/49/36
f 7937/8044/36 5839/49/36 7933/8042/38
f 7933/8042/38 5839/49/36 5835/47/38
f 7933/8042/38 5835/47/38 7929/8040/40
f 7929/8040/40 5835/47/38 5831/45/40
f 7929/8040/40 5831/45/40 7925/8038/42
f 7925/8038/42 5831/45/40 5827/43/42
f 7925/8038/42 5827/43/42 7921/8036/44
f 7921/8036/44 5827/43/42 5823/41/44
f 7921/8036/44 5823/41/44 7917/8034/46
f 7917/8034/46 5823/41/44 5819/38/46
f 7917/8034/46 5819/38/46 7913/8032/48
f 7913/8032/48 5819/38/46 5815/36/48
f 7913/8032/48 5815/36/48 7909/8030/50
f 7909/8030/50 5815/36/48 5811/34/50
f 7909/8030/50 5811/34/50 7905/8028/52
f 7905/8028/52 5811/34/50 5807/32/52
f 7905/8028/52 5807/32/52 7901/8026/55
f 7901/8026/55 5807/32/52 5803/30/55
f 7901/8026/55 5803/30/55 7903/8024/53
f 7903/8024/53 5803/30/55 5805/28/53
f 7903/8024/53 5805/28/53 7907/8022/51
f 7907/8022/51 5805/28/53 5809/26/51
f 7907/8022/51 5809/26/51 7911/8020/49
f 7911/8020/49 5809/26/51 5813/24/49
f 7911/8020/49 5813/24/49 7915/8018/47
f 7915/8018/47 5813/24/49 5817/22/47
f 7915/8018/47 5817/22/47 7919/8015/45
f 7919/8015/45 5817/22/47 5821/20/45
f 7919/8015/45 5821/20/45 7923/8013/43
f 7923/8013/43 5821/20/45 5825/18/43
f 7923/8013/43 5825/18/43 7927/8010/41
f 7927/8010/41 5825/18/43 5829/16/41
f 7927/8010/41 5829/16/41 7931/8008/39
f 7931/8008/39 5829/16/41 5833/14/39
f 7931/8008/39 5833/14/39 7935/8005/37
f 7935/8005/37 5833/14/39 5837/12/37
f 7935/8005/37 5837/12/37 7939/8003/35
f 7939/8003/35 5837/12/37 5841/9/35
f 7939/8003/35 5841/9/35 7943/8001/33
f 7943/8001/33 5841/9/35 5845/5/33
f 7943/8001/33 5845/5/33 7947/7999/31
f 7947/7999/31 5845/5/33 5849/2/31
f 7948/7999/31 5850/2/31 7952/7996/28
f 7952/7996/28 5850/2/31 5854/1/28
f 7952/7996/28 5854/1/28 7956/8106/26
f 7956/8106/26 5854/1/28 5858/112/26
f 7956/8106/26 5858/112/26 7960/8104/24
f 7960/8104/24 5858/112/26 5862/111/24
f 7960/8104/24 5862/111/24 7964/8103/22
f 7964/8103/22 5862/111/24 5866/109/22
f 7964/8103/22 5866/109/22 7968/8100/20
f 7968/8100/20 5866/109/22 5870/106/20
f 7968/8100/20 5870/106/20 7972/8098/18
f 7972/8098/18 5870/106/20 5874/104/18
f 7972/8098/18 5874/104/18 7976/8095/16
f 7976/8095/16 5874/104/18 5878/102/16
f 7976/8095/16 5878/102/16 7980/8093/14
f 7980/8093/14 5878/102/16 5882/100/14
f 7980/8093/14 5882/100/14 7984/8090/12
f 7984/8090/12 5882/100/14 5886/98/12
f 7984/8090/12 5886/98/12 7988/8088/10
f 7988/8088/10 5886/98/12 5890/96/10
f 7988/8088/10 5890/96/10 7992/8084/8
f 7992/8084/8 5890/96/10 5894/93/8
f 7992/8084/8 5894/93/8 7996/8082/6
f 7996/8082/6 5894/93/8 5898/91/6
f 7996/8082/6 5898/91/6 8000/8080/4
f 8000/8080/4 5898/91/6 5902/89/4
f 8000/8080/4 5902/89/4 8002/8078/3
f 8002/8078/3 5902/89/4 5904/87/3
f 8002/8078/3 5904/87/3 7998/8076/5
f 7998/8076/5 5904/87/3 5900/85/5
f 7998/8076/5 5900/85/5 7994/8074/7
f 7994/8074/7 5900/85/5 5896/83/7
f 7994/8074/7 5896/83/7 7990/8071/9
f 7990/8071/9 5896/83/7 5892/80/9
f 7990/8071/9 5892/80/9 7986/8069/11
f 7986/8069/11 5892/80/9 5888/78/11
f 7986/8069/11 5888/78/11 7982/8067/13
f 7982/8067/13 5888/78/11 5884/76/13
f 7982/8067/13 5884/76/13 7978/8065/15
f 7978/8065/15 5884/76/13 5880/73/15
f 7978/8065/15 5880/73/15 7974/8063/17
f 7974/8063/17 5880/73/15 5876/71/17
f 7974/8063/17 5876/71/17 7970/8061/19
f 7970/8061/19 5876/71/17 5872/69/19
f 7970/8061/19 5872/69/19 7966/8059/21
f 7966/8059/21 5872/69/19 5868/67/21
f 7966/8059/21 5868/67/21 7962/8057/23
f 7962/8057/23 5868/67/21 5864/65/23
f 7962/8057/23 5864/65/23 7958/8055/25
f 7958/8055/25 5864/65/23 5860/63/25
f 7958/8055/25 5860/63/25 7954/8053/27
f 7954/8053/27 5860/63/25 5856/60/27
f 7954/8053/27 5856/60/27 7950/8051/30
f 7950/8051/30 5856/60/27 5852/57/30
f 7950/8051/30 5852/57/30 7946/8048/32
f 7946/8048/32 5852/57/30 5848/54/32
f 7946/8048/32 5848/54/32 7942/8046/34
f 7942/8046/34 5848/54/32 5844/51/34
f 7942/8046/34 5844/51/34 7938/8044/36
f 7938/8044/36 5844/51/34 5840/49/36
f 7938/8044/36 5840/49/36 7934/8042/38
f 7934/8042/38 5840/49/36 5836/47/38
f 7934/8042/38 5836/47/38 7930/8040/40
f 7930/8040/40 5836/47/38 5832/45/40
f 7930/8040/40 5832/45/40 7926/8038/42
f 7926/8038/42 5832/45/40 5828/43/42
f 7926/8038/42 5828/43/42 7922/8036/44
f 7922/8036/44 5828/43/42 5824/41/44
f 7922/8036/44 5824/41/44 7918/8034/46
f 7918/8034/46 5824/41/44 5820/38/46
f 7918/8034/46 5820/38/46 7914/8032/48
f 7914/8032/48 5820/38/46 5816/36/48
f 7914/8032/48 5816/36/48 7910/8030/50
f 7910/8030/50 5816/36/48 5812/34/50
f 7910/8030/50 5812/34/50 7906/8028/52
f 7906/8028/52 5812/34/50 5808/32/52
f 7906/8028/52 5808/32/52 7902/8026/55
f 7902/8026/55 5808/32/52 5804/30/55
f 7902/8026/55 5804/30/55 7904/8024/53
f 7904/8024/53 5804/30/55 5806/28/53
f 7904/8024/53 5806/28/53 7908/8022/51
f 7908/8022/51 5806/28/53 5810/26/51
f 7908/8022/51 5810/26/51 7912/8020/49
f 7912/8020/49 5810/26/51 5814/24/49
f 7912/8020/49 5814/24/49 7916/8018/47
f 7916/8018/47 5814/24/49 5818/22/47
f 7916/8018/47 5818/22/47 7920/8015/45
f 7920/8015/45 5818/22/47 5822/20/45
f 7920/8015/45 5822/20/45 7924/8013/43
f 7924/8013/43 5822/20/45 5826/18/43
f 7924/8013/43 5826/18/43 7928/8010/41
f 7928/8010/41 5826/18/43 5830/16/41
f 7928/8010/41 5830/16/41 7932/8008/39
f 7932/8008/39 5830/16/41 5834/14/39
f 7932/8008/39 5834/14/39 7936/8005/37
f 7936/8005/37 5834/14/39 5838/12/37
f 7936/8005/37 5838/12/37 7940/8003/35
f 7940/8003/35 5838/12/37 5842/9/35
f 7940/8003/35 5842/9/35 7944/8001/33
f 7944/8001/33 5842/9/35 5846/5/33
f 7944/8001/33 5846/5/33 7948/7999/31
f 7948/7999/31 5846/5/33 5850/2/31
f 7539/7999/31 5439/2/31 7543/7996/28
f 7543/7996/28 5439/2/31 5443/112/28
f 7543/7996/28 5443/112/28 7547/8104/26
f 7547/8104/26 5443/112/28 5447/111/26
f 7547/8104/26 5447/111/26 7551/8103/24
f 7551/8103/24 5447/111/26 5451/109/24
f 7551/8103/24 5451/109/24 7555/8101/22
f 7555/8101/22 5451/109/24 5455/107/22
f 7555/8101/22 5455/107/22 7559/8099/20
f 7559/8099/20 5455/107/22 5459/105/20
f 7559/8099/20 5459/105/20 7563/8096/18
f 7563/8096/18 5459/105/20 5463/103/18
f 7563/8096/18 5463/103/18 7567/8094/16
f 7567/8094/16 5463/103/18 5467/101/16
f 7567/8094/16 5467/101/16 7571/8091/14
f 7571/8091/14 5467/101/16 5471/99/14
f 7571/8091/14 5471/99/14 7575/8089/12
f 7575/8089/12 5471/99/14 5475/97/12
f 7575/8089/12 5475/97/12 7579/8085/10
f 7579/8085/10 5475/97/12 5479/94/10
f 7579/8085/10 5479/94/10 7583/8083/8
f 7583/8083/8 5479/94/10 5483/92/8
f 7583/8083/8 5483/92/8 7587/8081/6
f 7587/8081/6 5483/92/8 5487/90/6
f 7587/8081/6 5487/90/6 7591/8079/4
f 7591/8079/4 5487/90/6 5491/88/4
f 7591/8079/4 5491/88/4 7593/8077/3
f 7593/8077/3 5491/88/4 5493/86/3
f 7593/8077/3 5493/86/3 7589/8075/5
f 7589/8075/5 5493/86/3 5489/84/5
f 7589/8075/5 5489/84/5 7585/8072/7
f 7585/8072/7 5489/84/5 5485/81/7
f 7585/8072/7 5485/81/7 7581/8070/9
f 7581/8070/9 5485/81/7 5481/79/9
f 7581/8070/9 5481/79/9 7577/8068/11
f 7577/8068/11 5481/79/9 5477/77/11
f 7577/8068/11 5477/77/11 7573/8066/13
f 7573/8066/13 5477/77/11 5473/74/13
f 7573/8066/13 5473/74/13 7569/8064/15
f 7569/8064/15 5473/74/13 5469/72/15
f 7569/8064/15 5469/72/15 7565/8062/17
f 7565/8062/17 5469/72/15 5465/70/17
f 7565/8062/17 5465/70/17 7561/8060/19
f 7561/8060/19 5465/70/17 5461/68/19
f 7561/8060/19 5461/68/19 7557/8058/21
f 7557/8058/21 5461/68/19 5457/66/21
f 7557/8058/21 5457/66/21 7553/8056/23
f 7553/8056/23 5457/66/21 5453/64/23
f 7553/8056/23 5453/64/23 7549/8054/25
f 7549/8054/25 5453/64/23 5449/61/25
f 7549/8054/25 5449/61/25 7545/8052/27
f 7545/8052/27 5449/61/25 5445/59/27
f 7545/8052/27 5445/59/27 7541/8049/30
f 7541/8049/30 5445/59/27 5441/55/30
f 7541/8049/30 5441/55/30 7537/8047/32
f 7537/8047/32 5441/55/30 5437/53/32
f 7537/8047/32 5437/53/32 7533/8045/34
f 7533/8045/34 5437/53/32 5433/50/34
f 7533/8045/34 5433/50/34 7529/8043/36
f 7529/8043/36 5433/50/34 5429/48/36
f 7529/8043/36 5429/48/36 7525/8041/38
f 7525/8041/38 5429/48/36 5425/46/38
f 7525/8041/38 5425/46/38 7521/8039/40
f 7521/8039/40 5425/46/38 5421/44/40
f 7521/8039/40 5421/44/40 7517/8037/42
f 7517/8037/42 5421/44/40 5417/42/42
f 7517/8037/42 5417/42/42 7513/8035/44
f 7513/8035/44 5417/42/42 5413/40/44
f 7513/8035/44 5413/40/44 7509/8033/46
f 7509/8033/46 5413/40/44 5409/37/46
f 7509/8033/46 5409/37/46 7505/8031/48
f 7505/8031/48 5409/37/46 5405/35/48
f 7505/8031/48 5405/35/48 7501/8029/50
f 7501/8029/50 5405/35/48 5401/33/50
f 7501/8029/50 5401/33/50 7497/8027/52
f 7497/8027/52 5401/33/50 5397/31/52
f 7497/8027/52 5397/31/52 7493/8025/55
f 7493/8025/55 5397/31/52 5393/29/55
f 7493/8025/55 5393/29/55 7495/8023/53
f 7495/8023/53 5393/29/55 5395/27/53
f 7495/8023/53 5395/27/53 7499/8021/51
f 7499/8021/51 5395/27/53 5399/25/51
f 7499/8021/51 5399/25/51 7503/8019/49
f 7503/8019/49 5399/25/51 5403/23/49
f 7503/8019/49 5403/23/49 7507/8017/47
f 7507/8017/47 5403/23/49 5407/21/47
f 7507/8017/47 5407/21/47 7511/8014/45
f 7511/8014/45 5407/21/47 5411/19/45
f 7511/8014/45 5411/19/45 7515/8012/43
f 7515/8012/43 5411/19/45 5415/17/43
f 7515/8012/43 5415/17/43 7519/8009/41
f 7519/8009/41 5415/17/43 5419/15/41
f 7519/8009/41 5419/15/41 7523/8007/39
f 7523/8007/39 5419/15/41 5423/13/39
f 7523/8007/39 5423/13/39 7527/8004/37
f 7527/8004/37 5423/13/39 5427/11/37
f 7527/8004/37 5427/11/37 7531/8002/35
f 7531/8002/35 5427/11/37 5431/8/35
f 7531/8002/35 5431/8/35 7535/8001/33
f 7535/8001/33 5431/8/35 5435/5/33
f 7535/8001/33 5435/5/33 7539/7999/31
f 7539/7999/31 5435/5/33 5439/2/31
f 7540/7999/31 5440/2/31 7544/7996/28
f 7544/7996/28 5440/2/31 5444/112/28
f 7544/7996/28 5444/112/28 7548/8104/26
f 7548/8104/26 5444/112/28 5448/111/26
f 7548/8104/26 5448/111/26 7552/8103/24
f 7552/8103/24 5448/111/26 5452/109/24
f 7552/8103/24 5452/109/24 7556/8101/22
f 7556/8101/22 5452/109/24 5456/107/22
f 7556/8101/22 5456/107/22 7560/8099/20
f 7560/8099/20 5456/107/22 5460/105/20
f 7560/8099/20 5460/105/20 7564/8096/18
f 7564/8096/18 5460/105/20 5464/103/18
f 7564/8096/18 5464/103/18 7568/8094/16
f 7568/8094/16 5464/103/18 5468/101/16
f 7568/8094/16 5468/101/16 7572/8091/14
f 7572/8091/14 5468/101/16 5472/99/14
f 7572/8091/14 5472/99/14 7576/8089/12
f 7576/8089/12 5472/99/14 5476/97/12
f 7576/8089/12 5476/97/12 7580/8085/10
f 7580/8085/10 5476/97/12 5480/94/10
f 7580/8085/10 5480/94/10 7584/8083/8
f 7584/8083/8 5480/94/10 5484/92/8
f 7584/8083/8 5484/92/8 7588/8081/6
f 7588/8081/6 5484/92/8 5488/90/6
f 7588/8081/6 5488/90/6 7592/8079/4
f 7592/8079/4 5488/90/6 5492/88/4
f 7592/8079/4 5492/88/4 7594/8077/3
f 7594/8077/3 5492/88/4 5494/86/3
f 7594/8077/3 5494/86/3 7590/8075/5
f 7590/8075/5 5494/86/3 5490/84/5
f 7590/8075/5 5490/84/5 7586/8072/7
f 7586/8072/7 5490/84/5 5486/81/7
f 7586/8072/7 5486/81/7 7582/8070/9
f 7582/8070/9 5486/81/7 5482/79/9
f 7582/8070/9 5482/79/9 7578/8068/11
f 7578/8068/11 5482/79/9 5478/77/11
f 7578/8068/11 5478/77/11 7574/8066/13
f 7574/8066/13 5478/77/11 5474/74/13
f 7574/8066/13 5474/74/13 7570/8064/15
f 7570/8064/15 5474/74/13 5470/72/15
f 7570/8064/15 5470/72/15 7566/8062/17
f 7566/8062/17 5470/72/15 5466/70/17
f 7566/8062/17 5466/70/17 7562/8060/19
f 7562/8060/19 5466/70/17 5462/68/19
f 7562/8060/19 5462/68/19 7558/8058/21
f 7558/8058/21 5462/68/19 5458/66/21
f 7558/8058/21 5458/66/21 7554/8056/23
f 7554/8056/23 5458/66/21 5454/64/23
f 7554/8056/23 5454/64/23 7550/8054/25
f 7550/8054/25 5454/64/23 5450/61/25
f 7550/8054/25 5450/61/25 7546/8052/27
f 7546/8052/27 5450/61/25 5446/59/27
f 7546/8052/27 5446/59/27 7542/8049/30
f 7542/8049/30 5446/59/27 5442/55/30
f 7542/8049/30 5442/55/30 7538/8047/32
f 7538/8047/32 5442/55/30 5438/53/32
f 7538/8047/32 5438/53/32 7534/8045/34
f 7534/8045/34 5438/53/32 5434/50/34
f 7534/8045/34 5434/50/34 7530/8043/36
f 7530/8043/36 5434/50/34 5430/48/36
f 7530/8043/36 5430/48/36 7526/8041/38
f 7526/8041/38 5430/48/36 5426/46/38
f 7526/8041/38 5426/46/38 7522/8039/40
f 7522/8039/40 5426/46/38 5422/44/40
f 7522/8039/40 5422/44/40 7518/8037/42
f 7518/8037/42 5422/44/40 5418/42/42
f 7518/8037/42 5418/42/42 7514/8035/44
f 7514/8035/44 5418/42/42 5414/40/44
f 7514/8035/44 5414/40/44 7510/8033/46
f 7510/8033/46 5414/40/44 5410/37/46
f 7510/8033/46 5410/37/46 7506/8031/48
f 7506/8031/48 5410/37/46 5406/35/48
f 7506/8031/48 5406/35/48 7502/8029/50
f 7502/8029/50 5406/35/48 5402/33/50
f 7502/8029/50 5402/33/50 7498/8027/52
f 7498/8027/52 5402/33/50 5398/31/52
f 7498/8027/52 5398/31/52 7494/8025/55
f 7494/8025/55 5398/31/52 5394/29/55
f 7494/8025/55 5394/29/55 7496/8023/53
f 7496/8023/53 5394/29/55 5396/27/53
f 7496/8023/53 5396/27/53 7500/8021/51
f 7500/8021/51 5396/27/53 5400/25/51
f 7500/8021/51 5400/25/51 7504/8019/49
f 7504/8019/49 5400/25/51 5404/23/49
f 7504/8019/49 5404/23/49 7508/8017/47
f 7508/8017/47 5404/23/49 5408/21/47
f 7508/8017/47 5408/21/47 7512/8014/45
f 7512/8014/45 5408/21/47 5412/19/45
f 7512/8014/45 5412/19/45 7516/8012/43
f 7516/8012/43 5412/19/45 5416/17/43
f 7516/8012/43 5416/17/43 7520/8009/41
f 7520/8009/41 5416/17/43 5420/15/41
f 7520/8009/41 5420/15/41 7524/8007/39
f 7524/8007/39 5420/15/41 5424/13/39
f 7524/8007/39 5424/13/39 7528/8004/37
f 7528/8004/37 5424/13/39 5428/11/37
f 7528/8004/37 5428/11/37 7532/8002/35
f 7532/8002/35 5428/11/37 5432/8/35
f 7532/8002/35 5432/8/35 7536/8001/33
f 7536/8001/33 5432/8/35 5436/5/33
f 7536/8001/33 5436/5/33 7540/7999/31
f 7540/7999/31 5436/5/33 5440/2/31
f 7437/7996/31 5337/1/31 7441/8106/28
f 7441/8106/28 5337/1/31 5341/112/28
f 7441/8106/28 5341/112/28 7445/8104/26
f 7445/8104/26 5341/112/28 5345/111/26
f 7445/8104/26 5345/111/26 7449/8103/24
f 7449/8103/24 5345/111/26 5349/109/24
f 7449/8103/24 5349/109/24 7453/8100/22
f 7453/8100/22 5349/109/24 5353/106/22
f 7453/8100/22 5353/106/22 7457/8098/20
f 7457/8098/20 5353/106/22 5357/104/20
f 7457/8098/20 5357/104/20 7461/8095/18
f 7461/8095/18 5357/104/20 5361/102/18
f 7461/8095/18 5361/102/18 7465/8093/16
f 7465/8093/16 5361/102/18 5365/100/16
f 7465/8093/16 5365/100/16 7469/8090/14
f 7469/8090/14 5365/100/16 5369/98/14
f 7469/8090/14 5369/98/14 7473/8088/12
f 7473/8088/12 5369/98/14 5373/96/12
f 7473/8088/12 5373/96/12 7477/8084/10
f 7477/8084/10 5373/96/12 5377/93/10
f 7477/8084/10 5377/93/10 7481/8082/8
f 7481/8082/8 5377/93/10 5381/91/8
f 7481/8082/8 5381/91/8 7485/8080/6
f 7485/8080/6 5381/91/8 5385/89/6
f 7485/8080/6 5385/89/6 7489/8078/4
f 7489/8078/4 5385/89/6 5389/87/4
f 7489/8078/4 5389/87/4 7491/8076/3
f 7491/8076/3 5389/87/4 5391/85/3
f 7491/8076/3 5391/85/3 7487/8074/5
f 7487/8074/5 5391/85/3 5387/83/5
f 7487/8074/5 5387/83/5 7483/8071/7
f 7483/8071/7 5387/83/5 5383/80/7
f 7483/8071/7 5383/80/7 7479/8069/9
f 7479/8069/9 5383/80/7 5379/78/9
f 7479/8069/9 5379/78/9 7475/8067/11
f 7475/8067/11 5379/78/9 5375/76/11
f 7475/8067/11 5375/76/11 7471/8065/13
f 7471/8065/13 5375/76/11 5371/73/13
f 7471/8065/13 5371/73/13 7467/8063/15
f 7467/8063/15 5371/73/13 5367/71/15
f 7467/8063/15 5367/71/15 7463/8061/17
f 7463/8061/17 5367/71/15 5363/69/17
f 7463/8061/17 5363/69/17 7459/8059/19
f 7459/8059/19 5363/69/17 5359/67/19
f 7459/8059/19 5359/67/19 7455/8057/21
f 7455/8057/21 5359/67/19 5355/65/21
f 7455/8057/21 5355/65/21 7451/8055/23
f 7451/8055/23 5355/65/21 5351/63/23
f 7451/8055/23 5351/63/23 7447/8053/25
f 7447/8053/25 5351/63/23 5347/60/25
f 7447/8053/25 5347/60/25 7443/8051/27
f 7443/8051/27 5347/60/25 5343/57/27
f 7443/8051/27 5343/57/27 7439/8048/30
f 7439/8048/30 5343/57/27 5339/54/30
f 7439/8048/30 5339/54/30 7435/8046/32
f 7435/8046/32 5339/54/30 5335/51/32
f 7435/8046/32 5335/51/32 7431/8044/34
f 7431/8044/34 5335/51/32 5331/49/34
f 7431/8044/34 5331/49/34 7427/8042/36
f 7427/8042/36 5331/49/34 5327/47/36
f 7427/8042/36 5327/47/36 7423/8040/38
f 7423/8040/38 5327/47/36 5323/45/38
f 7423/8040/38 5323/45/38 7419/8038/40
f 7419/8038/40 5323/45/38 5319/43/40
f 7419/8038/40 5319/43/40 7415/8036/42
f 7415/8036/42 5319/43/40 5315/41/42
f 7415/8036/42 5315/41/42 7411/8034/44
f 7411/8034/44 5315/41/42 5311/38/44
f 7411/8034/44 5311/38/44 7407/8032/46
f 7407/8032/46 5311/38/44 5307/36/46
f 7407/8032/46 5307/36/46 7403/8030/48
f 7403/8030/48 5307/36/46 5303/34/48
f 7403/8030/48 5303/34/48 7399/8028/50
f 7399/8028/50 5303/34/48 5299/32/50
f 7399/8028/50 5299/32/50 7395/8026/52
f 7395/8026/52 5299/32/50 5295/30/52
f 7395/8026/52 5295/30/52 7391/8024/55
f 7391/8024/55 5295/30/52 5291/28/55
f 7391/8024/55 5291/28/55 7393/8022/53
f 7393/8022/53 5291/28/55 5293/26/53
f 7393/8022/53 5293/26/53 7397/8020/51
f 7397/8020/51 5293/26/53 5297/24/51
f 7397/8020/51 5297/24/51 7401/8018/49
f 7401/8018/49 5297/24/51 5301/22/49
f 7401/8018/49 5301/22/49 7405/8015/47
f 7405/8015/47 5301/22/49 5305/20/47
f 7405/8015/47 5305/20/47 7409/8013/45
f 7409/8013/45 5305/20/47 5309/18/45
f 7409/8013/45 5309/18/45 7413/8010/43
f 7413/8010/43 5309/18/45 5313/16/43
f 7413/8010/43 5313/16/43 7417/8008/41
f 7417/8008/41 5313/16/43 5317/14/41
f 7417/8008/41 5317/14/41 7421/8005/39
f 7421/8005/39 5317/14/41 5321/12/39
f 7421/8005/39 5321/12/39 7425/8003/37
f 7425/8003/37 5321/12/39 5325/9/37
f 7425/8003/37 5325/9/37 7429/8001/35
f 7429/8001/35 5325/9/37 5329/5/35
f 7429/8001/35 5329/5/35 7433/7999/33
f 7433/7999/33 5329/5/35 5333/2/33
f 7433/7999/33 5333/2/33 7437/7996/31
f 7437/7996/31 5333/2/33 5337/1/31
f 7438/7999/31 5338/2/31 7442/7996/28
f 7442/7996/28 5338/2/31 5342/112/28
f 7442/7996/28 5342/112/28 7446/8104/26
f 7446/8104/26 5342/112/28 5346/111/26
f 7446/8104/26 5346/111/26 7450/8103/24
f 7450/8103/24 5346/111/26 5350/109/24
f 7450/8103/24 5350/109/24 7454/8101/22
f 7454/8101/22 5350/109/24 5354/107/22
f 7454/8101/22 5354/107/22 7458/8099/20
f 7458/8099/20 5354/107/22 5358/105/20
f 7458/8099/20 5358/105/20 7462/8096/18
f 7462/8096/18 5358/105/20 5362/103/18
f 7462/8096/18 5362/103/18 7466/8094/16
f 7466/8094/16 5362/103/18 5366/101/16
f 7466/8094/16 5366/101/16 7470/8091/14
f 7470/8091/14 5366/101/16 5370/99/14
f 7470/8091/14 5370/99/14 7474/8089/12
f 7474/8089/12 5370/99/14 5374/97/12
f 7474/8089/12 5374/97/12 7478/8085/10
f 7478/8085/10 5374/97/12 5378/94/10
f 7478/8085/10 5378/94/10 7482/8083/8
f 7482/8083/8 5378/94/10 5382/92/8
f 7482/8083/8 5382/92/8 7486/8081/6
f 7486/8081/6 5382/92/8 5386/90/6
f 7486/8081/6 5386/90/6 7490/8079/4
f 7490/8079/4 5386/90/6 5390/88/4
f 7490/8079/4 5390/88/4 7492/8077/3
f 7492/8077/3 5390/88/4 5392/86/3
f 7492/8077/3 5392/86/3 7488/8075/5
f 7488/8075/5 5392/86/3 5388/84/5
f 7488/8075/5 5388/84/5 7484/8072/7
f 7484/8072/7 5388/84/5 5384/81/7
f 7484/8072/7 5384/81/7 7480/8070/9
f 7480/8070/9 5384/81/7 5380/79/9
f 7480/8070/9 5380/79/9 7476/8068/11
f 7476/8068/11 5380/79/9 5376/77/11
f 7476/8068/11 5376/77/11 7472/8066/13
f 7472/8066/13 5376/77/11 5372/74/13
f 7472/8066/13 5372/74/13 7468/8064/15
f 7468/8064/15 5372/74/13 5368/72/15
f 7468/8064/15 5368/72/15 7464/8062/17
f 7464/8062/17 5368/72/15 5364/70/17
f 7464/8062/17 5364/70/17 7460/8060/19
f 7460/8060/19 5364/70/17 5360/68/19
f 7460/8060/19 5360/68/19 7456/8058/21
f 7456/8058/21 5360/68/19 5356/66/21
f 7456/8058/21 5356/66/21 7452/8056/23
f 7452/8056/23 5356/66/21 5352/64/23
f 7452/8056/23 5352/64/23 7448/8054/25
f 7448/8054/25 5352/64/23 5348/61/25
f 7448/8054/25 5348/61/25 7444/8052/27
f 7444/8052/27 5348/61/25 5344/59/27
f 7444/8052/27 5344/59/27 7440/8049/30
f 7440/8049/30 5344/59/27 5340/55/30
f 7440/8049/30 5340/55/30 7436/8047/32
f 7436/8047/32 5340/55/30 5336/53/32
f 7436/8047/32 5336/53/32 7432/8045/34
f 7432/8045/34 5336/53/32 5332/50/34
f 7432/8045/34 5332/50/34 7428/8043/36
f 7428/8043/36 5332/50/34 5328/48/36
f 7428/8043/36 5328/48/36 7424/8041/38
f 7424/8041/38 5328/48/36 5324/46/38
f 7424/8041/38 5324/46/38 7420/8039/40
f 7420/8039/40 5324/46/38 5320/44/40
f 7420/8039/40 5320/44/40 7416/8037/42
f 7416/8037/42 5320/44/40 5316/42/42
f 7416/8037/42 5316/42/42 7412/8035/44
f 7412/8035/44 5316/42/42 5312/40/44
f 7412/8035/44 5312/40/44 7408/8033/46
f 7408/8033/46 5312/40/44 5308/37/46
f 7408/8033/46 5308/37/46 7404/8031/48
f 7404/8031/48 5308/37/46 5304/35/48
f 7404/8031/48 5304/35/48 7400/8029/50
f 7400/8029/50 5304/35/48 5300/33/50
f 7400/8029/50 5300/33/50 7396/8027/52
f 7396/8027/52 5300/33/50 5296/31/52
f 7396/8027/52 5296/31/52 7392/8025/55
f 7392/8025/55 5296/31/52 5292/29/55
f 7392/8025/55 5292/29/55 7394/8023/53
f 7394/8023/53 5292/29/55 5294/27/53
f 7394/8023/53 5294/27/53 7398/8021/51
f 7398/8021/51 5294/27/53 5298/25/51
f 7398/8021/51 5298/25/51 7402/8019/49
f 7402/8019/49 5298/25/51 5302/23/49
f 7402/8019/49 5302/23/49 7406/8017/47
f 7406/8017/47 5302/23/49 5306/21/47
f 7406/8017/47 5306/21/47 7410/8014/45
f 7410/8014/45 5306/21/47 5310/19/45
f 7410/8014/45 5310/19/45 7414/8012/43
f 7414/8012/43 5310/19/45 5314/17/43
f 7414/8012/43 5314/17/43 7418/8009/41
f 7418/8009/41 5314/17/43 5318/15/41
f 7418/8009/41 5318/15/41 7422/8007/39
f 7422/8007/39 5318/15/41 5322/13/39
f 7422/8007/39 5322/13/39 7426/8004/37
f 7426/8004/37 5322/13/39 5326/11/37
f 7426/8004/37 5326/11/37 7430/8002/35
f 7430/8002/35 5326/11/37 5330/8/35
f 7430/8002/35 5330/8/35 7434/8001/33
f 7434/8001/33 5330/8/35 5334/5/33
f 7434/8001/33 5334/5/33 7438/7999/31
f 7438/7999/31 5334/5/33 5338/2/31
f 7335/7999/31 5235/2/31 7339/7996/28
f 7339/7996/28 5235/2/31 5239/112/28
f 7339/7996/28 5239/112/28 7343/8104/26
f 7343/8104/26 5239/112/28 5243/111/26
f 7343/8104/26 5243/111/26 7347/8103/24
f 7347/8103/24 5243/111/26 5247/109/24
f 7347/8103/24 5247/109/24 7351/8101/22
f 7351/8101/22 5247/109/24 5251/107/22
f 7351/8101/22 5251/107/22 7355/8099/20
f 7355/8099/20 5251/107/22 5255/105/20
f 7355/8099/20 5255/105/20 7359/8096/18
f 7359/8096/18 5255/105/20 5259/103/18
f 7359/8096/18 5259/103/18 7363/8094/16
f 7363/8094/16 5259/103/18 5263/101/16
f 7363/8094/16 5263/101/16 7367/8091/14
f 7367/8091/14 5263/101/16 5267/99/14
f 7367/8091/14 5267/99/14 7371/8089/12
f 7371/8089/12 5267/99/14 5271/97/12
f 7371/8089/12 5271/97/12 7375/8085/10
f 7375/8085/10 5271/97/12 5275/94/10
f 7375/8085/10 5275/94/10 7379/8083/8
f 7379/8083/8 5275/94/10 5279/92/8
f 7379/8083/8 5279/92/8 7383/8081/6
f 7383/8081/6 5279/92/8 5283/90/6
f 7383/8081/6 5283/90/6 7387/8079/4
f 7387/8079/4 5283/90/6 5287/88/4
f 7387/8079/4 5287/88/4 7389/8077/3
f 7389/8077/3 5287/88/4 5289/86/3
f 7389/8077/3 5289/86/3 7385/8075/5
f 7385/8075/5 5289/86/3 5285/84/5
f 7385/8075/5 5285/84/5 7381/8072/7
f 7381/8072/7 5285/84/5 5281/81/7
f 7381/8072/7 5281/81/7 7377/8070/9
f 7377/8070/9 5281/81/7 5277/79/9
f 7377/8070/9 5277/79/9 7373/8068/11
f 7373/8068/11 5277/79/9 5273/77/11
f 7373/8068/11 5273/77/11 7369/8066/13
f 7369/8066/13 5273/77/11 5269/74/13
f 7369/8066/13 5269/74/13 7365/8064/15
f 7365/8064/15 5269/74/13 5265/72/15
f 7365/8064/15 5265/72/15 7361/8062/17
f 7361/8062/17 5265/72/15 5261/70/17
f 7361/8062/17 5261/70/17 7357/8060/19
f 7357/8060/19 5261/70/17 5257/68/19
f 7357/8060/19 5257/68/19 7353/8058/21
f 7353/8058/21 5257/68/19 5253/66/21
f 7353/8058/21 5253/66/21 7349/8056/23
f 7349/8056/23 5253/66/21 5249/64/23
f 7349/8056/23 5249/64/23 7345/8054/25
f 7345/8054/25 5249/64/23 5245/61/25
f 7345/8054/25 5245/61/25 7341/8052/27
f 7341/8052/27 5245/61/25 5241/59/27
f 7341/8052/27 5241/59/27 7337/8049/30
f 7337/8049/30 5241/59/27 5237/55/30
f 7337/8049/30 5237/55/30 7333/8047/32
f 7333/8047/32 5237/55/30 5233/53/32
f 7333/8047/32 5233/53/32 7329/8045/34
f 7329/8045/34 5233/53/32 5229/50/34
f 7329/8045/34 5229/50/34 7325/8043/36
f 7325/8043/36 5229/50/34 5225/48/36
f 7325/8043/36 5225/48/36 7321/8041/38
f 7321/8041/38 5225/48/36 5221/46/38
f 7321/8041/38 5221/46/38 7317/8039/40
f 7317/8039/40 5221/46/38 5217/44/40
f 7317/8039/40 5217/44/40 7313/8037/42
f 7313/8037/42 5217/44/40 5213/42/42
f 7313/8037/42 5213/42/42 7309/8035/44
f 7309/8035/44 5213/42/42 5209/40/44
f 7309/8035/44 5209/40/44 7305/8033/46
f 7305/8033/46 5209/40/44 5205/37/46
f 7305/8033/46 5205/37/46 7301/8031/48
f 7301/8031/48 5205/37/46 5201/35/48
f 7301/8031/48 5201/35/48 7297/8029/50
f 7297/8029/50 5201/35/48 5197/33/50
f 7297/8029/50 5197/33/50 7293/8027/52
f 7293/8027/52 5197/33/50 5193/31/52
f 7293/8027/52 5193/31/52 7289/8025/55
f 7289/8025/55 5193/31/52 5189/29/55
f 7289/8025/55 5189/29/55 7291/8023/53
f 7291/8023/53 5189/29/55 5191/27/53
f 7291/8023/53 5191/27/53 7295/8021/51
f 7295/8021/51 5191/27/53 5195/25/51
f 7295/8021/51 5195/25/51 7299/8019/49
f 7299/8019/49 5195/25/51 5199/23/49
f 7299/8019/49 5199/23/49 7303/8017/47
f 7303/8017/47 5199/23/49 5203/21/47
f 7303/8017/47 5203/21/47 7307/8014/45
f 7307/8014/45 5203/21/47 5207/19/45
f 7307/8014/45 5207/19/45 7311/8012/43
f 7311/8012/43 5207/19/45 5211/17/43
f 7311/8012/43 5211/17/43 7315/8009/41
f 7315/8009/41 5211/17/43 5215/15/41
f 7315/8009/41 5215/15/41 7319/8007/39
f 7319/8007/39 5215/15/41 5219/13/39
f 7319/8007/39 5219/13/39 7323/8004/37
f 7323/8004/37 5219/13/39 5223/11/37
f 7323/8004/37 5223/11/37 7327/8002/35
f 7327/8002/35 5223/11/37 5227/8/35
f 7327/8002/35 5227/8/35 7331/8001/33
f 7331/8001/33 5227/8/35 5231/5/33
f 7331/8001/33 5231/5/33 7335/7999/31
f 7335/7999/31 5231/5/33 5235/2/31
f 7336/7999/31 5236/2/31 7340/7996/28
f 7340/7996/28 5236/2/31 5240/112/28
f 7340/7996/28 5240/112/28 7344/8104/26
f 7344/8104/26 5240/112/28 5244/111/26
f 7344/8104/26 5244/111/26 7348/8103/24
f 7348/8103/24 5244/111/26 5248/109/24
f 7348/8103/24 5248/109/24 7352/8101/22
f 7352/8101/22 5248/109/24 5252/107/22
f 7352/8101/22 5252/107/22 7356/8099/20
f 7356/8099/20 5252/107/22 5256/105/20
f 7356/8099/20 5256/105/20 7360/8096/18
f 7360/8096/18 5256/105/20 5260/103/18
f 7360/8096/18 5260/103/18 7364/8094/16
f 7364/8094/16 5260/103/18 5264/101/16
f 7364/8094/16 5264/101/16 7368/8091/14
f 7368/8091/14 5264/101/16 5268/99/14
f 7368/8091/14 5268/99/14 7372/8089/12
f 7372/8089/12 5268/99/14 5272/97/12
f 7372/8089/12 5272/97/12 7376/8085/10
f 7376/8085/10 5272/97/12 5276/94/10
f 7376/8085/10 5276/94/10 7380/8083/8
f 7380/8083/8 5276/94/10 5280/92/8
f 7380/8083/8 5280/92/8 7384/8081/6
f 7384/8081/6 5280/92/8 5284/90/6
f 7384/8081/6 5284/90/6 7388/8079/4
f 7388/8079/4 5284/90/6 5288/88/4
f 7388/8079/4 5288/88/4 7390/8077/3
f 7390/8077/3 5288/88/4 5290/86/3
f 7390/8077/3 5290/86/3 7386/8075/5
f 7386/8075/5 5290/86/3 5286/84/5
f 7386/8075/5 5286/84/5 7382/8072/7
f 7382/8072/7 5286/84/5 5282/81/7
f 7382/8072/7 5282/81/7 7378/8070/9
f 7378/8070/9 5282/81/7 5278/79/9
f 7378/8070/9 5278/79/9 7374/8068/11
f 7374/8068/11 5278/79/9 5274/77/11
f 7374/8068/11 5274/77/11 7370/8066/13
f 7370/8066/13 5274/77/11 5270/74/13
f 7370/8066/13 5270/74/13 7366/8064/15
f 7366/8064/15 5270/74/13 5266/72/15
f 7366/8064/15 5266/72/15 7362/8062/17
f 7362/8062/17 5266/72/15 5262/70/17
f 7362/8062/17 5262/70/17 7358/8060/19
f 7358/8060/19 5262/70/17 5258/68/19
f 7358/8060/19 5258/68/19 7354/8058/21
f 7354/8058/21 5258/68/19 5254/66/21
f 7354/8058/21 5254/66/21 7350/8056/23
f 7350/8056/23 5254/66/21 5250/64/23
f 7350/8056/23 5250/64/23 7346/8054/25
f 7346/8054/25 5250/64/23 5246/61/25
f 7346/8054/25 5246/61/25 7342/8052/27
f 7342/8052/27 5246/61/25 5242/59/27
f 7342/8052/27 5242/59/27 7338/8049/30
f 7338/8049/30 5242/59/27 5238/55/30
f 7338/8049/30 5238/55/30 7334/8047/32
f 7334/8047/32 5238/55/30 5234/53/32
f 7334/8047/32 5234/53/32 7330/8045/34
f 7330/8045/34 5234/53/32 5230/50/34
f 7330/8045/34 5230/50/34 7326/8043/36
f 7326/8043/36 5230/50/34 5226/48/36
f 7326/8043/36 5226/48/36 7322/8041/38
f 7322/8041/38 5226/48/36 5222/46/38
f 7322/8041/38 5222/46/38 7318/8039/40
f 7318/8039/40 5222/46/38 5218/44/40
f 7318/8039/40 5218/44/40 7314/8037/42
f 7314/8037/42 5218/44/40 5214/42/42
f 7314/8037/42 5214/42/42 7310/8035/44
f 7310/8035/44 5214/42/42 5210/40/44
f 7310/8035/44 5210/40/44 7306/8033/46
f 7306/8033/46 5210/40/44 5206/37/46
f 7306/8033/46 5206/37/46 7302/8031/48
f 7302/8031/48 5206/37/46 5202/35/48
f 7302/8031/48 5202/35/48 7298/8029/50
f 7298/8029/50 5202/35/48 5198/33/50
f 7298/8029/50 5198/33/50 7294/8027/52
f 7294/8027/52 5198/33/50 5194/31/52
f 7294/8027/52 5194/31/52 7290/8025/55
f 7290/8025/55 5194/31/52 5190/29/55
f 7290/8025/55 5190/29/55 7292/8023/53
f 7292/8023/53 5190/29/55 5192/27/53
f 7292/8023/53 5192/27/53 7296/8021/51
f 7296/8021/51 5192/27/53 5196/25/51
f 7296/8021/51 5196/25/51 7300/8019/49
f 7300/8019/49 5196/25/51 5200/23/49
f 7300/8019/49 5200/23/49 7304/8017/47
f 7304/8017/47 5200/23/49 5204/21/47
f 7304/8017/47 5204/21/47 7308/8014/45
f 7308/8014/45 5204/21/47 5208/19/45
f 7308/8014/45 5208/19/45 7312/8012/43
f 7312/8012/43 5208/19/45 5212/17/43
f 7312/8012/43 5212/17/43 7316/8009/41
f 7316/8009/41 5212/17/43 5216/15/41
f 7316/8009/41 5216/15/41 7320/8007/39
f 7320/8007/39 5216/15/41 5220/13/39
f 7320/8007/39 5220/13/39 7324/8004/37
f 7324/8004/37 5220/13/39 5224/11/37
f 7324/8004/37 5224/11/37 7328/8002/35
f 7328/8002/35 5224/11/37 5228/8/35
f 7328/8002/35 5228/8/35 7332/8001/33
f 7332/8001/33 5228/8/35 5232/5/33
f 7332/8001/33 5232/5/33 7336/7999/31
f 7336/7999/31 5232/5/33 5236/2/31
f 7845/7999/31 5747/2/31 7849/8106/28
f 7849/8106/28 5747/2/31 5751/1/28
f 7849/8106/28 5751/1/28 7853/8104/26
f 7853/8104/26 5751/1/28 5755/111/26
f 7853/8104/26 5755/111/26 7857/8103/24
f 7857/8103/24 5755/111/26 5759/109/24
f 7857/8103/24 5759/109/24 7861/8101/22
f 7861/8101/22 5759/109/24 5763/107/22
f 7861/8101/22 5763/107/22 7865/8099/20
f 7865/8099/20 5763/107/22 5767/105/20
f 7865/8099/20 5767/105/20 7869/8096/18
f 7869/8096/18 5767/105/20 5771/103/18
f 7869/8096/18 5771/103/18 7873/8094/16
f 7873/8094/16 5771/103/18 5775/101/16
f 7873/8094/16 5775/101/16 7877/8091/14
f 7877/8091/14 5775/101/16 5779/99/14
f 7877/8091/14 5779/99/14 7881/8089/12
f 7881/8089/12 5779/99/14 5783/97/12
f 7881/8089/12 5783/97/12 7885/8085/10
f 7885/8085/10 5783/97/12 5787/94/10
f 7885/8085/10 5787/94/10 7889/8083/8
f 7889/8083/8 5787/94/10 5791/92/8
f 7889/8083/8 5791/92/8 7893/8081/6
f 7893/8081/6 5791/92/8 5795/90/6
f 7893/8081/6 5795/90/6 7897/8079/4
f 7897/8079/4 5795/90/6 5799/88/4
f 7897/8079/4 5799/88/4 7899/8077/3
f 7899/8077/3 5799/88/4 5801/86/3
f 7899/8077/3 5801/86/3 7895/8075/5
f 7895/8075/5 5801/86/3 5797/84/5
f 7895/8075/5 5797/84/5 7891/8072/7
f 7891/8072/7 5797/84/5 5793/81/7
f 7891/8072/7 5793/81/7 7887/8070/9
f 7887/8070/9 5793/81/7 5789/79/9
f 7887/8070/9 5789/79/9 7883/8068/11
f 7883/8068/11 5789/79/9 5785/77/11
f 7883/8068/11 5785/77/11 7879/8066/13
f 7879/8066/13 5785/77/11 5781/74/13
f 7879/8066/13 5781/74/13 7875/8064/15
f 7875/8064/15 5781/74/13 5777/72/15
f 7875/8064/15 5777/72/15 7871/8062/17
f 7871/8062/17 5777/72/15 5773/70/17
f 7871/8062/17 5773/70/17 7867/8060/19
f 7867/8060/19 5773/70/17 5769/68/19
f 7867/8060/19 5769/68/19 7863/8058/21
f 7863/8058/21 5769/68/19 5765/66/21
f 7863/8058/21 5765/66/21 7859/8056/23
f 7859/8056/23 5765/66/21 5761/64/23
f 7859/8056/23 5761/64/23 7855/8054/25
f 7855/8054/25 5761/64/23 5757/61/25
f 7855/8054/25 5757/61/25 7851/8052/27
f 7851/8052/27 5757/61/25 5753/59/27
f 7851/8052/27 5753/59/27 7847/8049/30
f 7847/8049/30 5753/59/27 5749/55/30
f 7847/8049/30 5749/55/30 7843/8047/32
f 7843/8047/32 5749/55/30 5745/53/32
f 7843/8047/32 5745/53/32 7839/8045/34
f 7839/8045/34 5745/53/32 5741/50/34
f 7839/8045/34 5741/50/34 7835/8043/36
f 7835/8043/36 5741/50/34 5737/48/36
f 7835/8043/36 5737/48/36 7831/8041/38
f 7831/8041/38 5737/48/36 5733/46/38
f 7831/8041/38 5733/46/38 7827/8039/40
f 7827/8039/40 5733/46/38 5729/44/40
f 7827/8039/40 5729/44/40 7823/8037/42
f 7823/8037/42 5729/44/40 5725/42/42
f 7823/8037/42 5725/42/42 7819/8035/44
f 7819/8035/44 5725/42/42 5721/40/44
f 7819/8035/44 5721/40/44 7815/8033/46
f 7815/8033/46 5721/40/44 5717/37/46
f 7815/8033/46 5717/37/46 7811/8031/48
f 7811/8031/48 5717/37/46 5713/35/48
f 7811/8031/48 5713/35/48 7807/8029/50
f 7807/8029/50 5713/35/48 5709/33/50
f 7807/8029/50 5709/33/50 7803/8027/52
f 7803/8027/52 5709/33/50 5705/31/52
f 7803/8027/52 5705/31/52 7799/8025/55
f 7799/8025/55 5705/31/52 5701/29/55
f 7799/8025/55 5701/29/55 7801/8023/53
f 7801/8023/53 5701/29/55 5703/27/53
f 7801/8023/53 5703/27/53 7805/8021/51
f 7805/8021/51 5703/27/53 5707/25/51
f 7805/8021/51 5707/25/51 7809/8019/49
f 7809/8019/49 5707/25/51 5711/23/49
f 7809/8019/49 5711/23/49 7813/8017/47
f 7813/8017/47 5711/23/49 5715/21/47
f 7813/8017/47 5715/21/47 7817/8014/45
f 7817/8014/45 5715/21/47 5719/19/45
f 7817/8014/45 5719/19/45 7821/8012/43
f 7821/8012/43 5719/19/45 5723/17/43
f 7821/8012/43 5723/17/43 7825/8009/41
f 7825/8009/41 5723/17/43 5727/15/41
f 7825/8009/41 5727/15/41 7829/8007/39
f 7829/8007/39 5727/15/41 5731/13/39
f 7829/8007/39 5731/13/39 7833/8004/37
f 7833/8004/37 5731/13/39 5735/11/37
f 7833/8004/37 5735/11/37 7837/8002/35
f 7837/8002/35 5735/11/37 5739/8/35
f 7837/8002/35 5739/8/35 7841/8001/33
f 7841/8001/33 5739/8/35 5743/5/33
f 7841/8001/33 5743/5/33 7845/7999/31
f 7845/7999/31 5743/5/33 5747/2/31
f 7846/7996/31 5748/1/31 7850/8106/28
f 7850/8106/28 5748/1/31 5752/112/28
f 7850/8106/28 5752/112/28 7854/8104/26
f 7854/8104/26 5752/112/28 5756/111/26
f 7854/8104/26 5756/111/26 7858/8103/24
f 7858/8103/24 5756/111/26 5760/109/24
f 7858/8103/24 5760/109/24 7862/8100/22
f 7862/8100/22 5760/109/24 5764/106/22
f 7862/8100/22 5764/106/22 7866/8098/20
f 7866/8098/20 5764/106/22 5768/104/20
f 7866/8098/20 5768/104/20 7870/8095/18
f 7870/8095/18 5768/104/20 5772/102/18
f 7870/8095/18 5772/102/18 7874/8093/16
f 7874/8093/16 5772/102/18 5776/100/16
f 7874/8093/16 5776/100/16 7878/8090/14
f 7878/8090/14 5776/100/16 5780/98/14
f 7878/8090/14 5780/98/14 7882/8088/12
f 7882/8088/12 5780/98/14 5784/96/12
f 7882/8088/12 5784/96/12 7886/8084/10
f 7886/8084/10 5784/96/12 5788/93/10
f 7886/8084/10 5788/93/10 7890/8082/8
f 7890/8082/8 5788/93/10 5792/91/8
f 7890/8082/8 5792/91/8 7894/8080/6
f 7894/8080/6 5792/91/8 5796/89/6
f 7894/8080/6 5796/89/6 7898/8078/4
f 7898/8078/4 5796/89/6 5800/87/4
f 7898/8078/4 5800/87/4 7900/8076/3
f 7900/8076/3 5800/87/4 5802/85/3
f 7900/8076/3 5802/85/3 7896/8074/5
f 7896/8074/5 5802/85/3 5798/83/5
f 7896/8074/5 5798/83/5 7892/8071/7
f 7892/8071/7 5798/83/5 5794/80/7
f 7892/8071/7 5794/80/7 7888/8069/9
f 7888/8069/9 5794/80/7 5790/78/9
f 7888/8069/9 5790/78/9 7884/8067/11
f 7884/8067/11 5790/78/9 5786/76/11
f 7884/8067/11 5786/76/11 7880/8065/13
f 7880/8065/13 5786/76/11 5782/73/13
f 7880/8065/13 5782/73/13 7876/8063/15
f 7876/8063/15 5782/73/13 5778/71/15
f 7876/8063/15 5778/71/15 7872/8061/17
f 7872/8061/17 5778/71/15 5774/69/17
f 7872/8061/17 5774/69/17 7868/8059/19
f 7868/8059/19 5774/69/17 5770/67/19
f 7868/8059/19 5770/67/19 7864/8057/21
f 7864/8057/21 5770/67/19 5766/65/21
f 7864/8057/21 5766/65/21 7860/8055/23
f 7860/8055/23 5766/65/21 5762/63/23
f 7860/8055/23 5762/63/23 7856/8053/25
f 7856/8053/25 5762/63/23 5758/60/25
f 7856/8053/25 5758/60/25 7852/8051/27
f 7852/8051/27 5758/60/25 5754/57/27
f 7852/8051/27 5754/57/27 7848/8048/30
f 7848/8048/30 5754/57/27 5750/54/30
f 7848/8048/30 5750/54/30 7844/8046/32
f 7844/8046/32 5750/54/30 5746/51/32
f 7844/8046/32 5746/51/32 7840/8044/34
f 7840/8044/34 5746/51/32 5742/49/34
f 7840/8044/34 5742/49/34 7836/8042/36
f 7836/8042/36 5742/49/34 5738/47/36
f 7836/8042/36 5738/47/36 7832/8040/38
f 7832/8040/38 5738/47/36 5734/45/38
f 7832/8040/38 5734/45/38 7828/8038/40
f 7828/8038/40 5734/45/38 5730/43/40
f 7828/8038/40 5730/43/40 7824/8036/42
f 7824/8036/42 5730/43/40 5726/41/42
f 7824/8036/42 5726/41/42 7820/8034/44
f 7820/8034/44 5726/41/42 5722/38/44
f 7820/8034/44 5722/38/44 7816/8032/46
f 7816/8032/46 5722/38/44 5718/36/46
f 7816/8032/46 5718/36/46 7812/8030/48
f 7812/8030/48 5718/36/46 5714/34/48
f 7812/8030/48 5714/34/48 7808/8028/50
f 7808/8028/50 5714/34/48 5710/32/50
f 7808/8028/50 5710/32/50 7804/8026/52
f 7804/8026/52 5710/32/50 5706/30/52
f 7804/8026/52 5706/30/52 7800/8024/55
f 7800/8024/55 5706/30/52 5702/28/55
f 7800/8024/55 5702/28/55 7802/8022/53
f 7802/8022/53 5702/28/55 5704/26/53
f 7802/8022/53 5704/26/53 7806/8020/51
f 7806/8020/51 5704/26/53 5708/24/51
f 7806/8020/51 5708/24/51 7810/8018/49
f 7810/8018/49 5708/24/51 5712/22/49
f 7810/8018/49 5712/22/49 7814/8015/47
f 7814/8015/47 5712/22/49 5716/20/47
f 7814/8015/47 5716/20/47 7818/8013/45
f 7818/8013/45 5716/20/47 5720/18/45
f 7818/8013/45 5720/18/45 7822/8010/43
f 7822/8010/43 5720/18/45 5724/16/43
f 7822/8010/43 5724/16/43 7826/8008/41
f 7826/8008/41 5724/16/43 5728/14/41
f 7826/8008/41 5728/14/41 7830/8005/39
f 7830/8005/39 5728/14/41 5732/12/39
f 7830/8005/39 5732/12/39 7834/8003/37
f 7834/8003/37 5732/12/39 5736/9/37
f 7834/8003/37 5736/9/37 7838/8001/35
f 7838/8001/35 5736/9/37 5740/5/35
f 7838/8001/35 5740/5/35 7842/7999/33
f 7842/7999/33 5740/5/35 5744/2/33
f 7842/7999/33 5744/2/33 7846/7996/31
f 7846/7996/31 5744/2/33 5748/1/31
f 7743/7999/31 5645/2/31 7747/7996/28
f 7747/7996/28 5645/2/31 5649/112/28
f 7747/7996/28 5649/112/28 7751/8104/26
f 7751/8104/26 5649/112/28 5653/111/26
f 7751/8104/26 5653/111/26 7755/8103/24
f 7755/8103/24 5653/111/26 5657/109/24
f 7755/8103/24 5657/109/24 7759/8101/22
f 7759/8101/22 5657/109/24 5661/107/22
f 7759/8101/22 5661/107/22 7763/8099/20
f 7763/8099/20 5661/107/22 5665/105/20
f 7763/8099/20 5665/105/20 7767/8096/18
f 7767/8096/18 5665/105/20 5669/103/18
f 7767/8096/18 5669/103/18 7771/8094/16
f 7771/8094/16 5669/103/18 5673/101/16
f 7771/8094/16 5673/101/16 7775/8091/14
f 7775/8091/14 5673/101/16 5677/99/14
f 7775/8091/14 5677/99/14 7779/8089/12
f 7779/8089/12 5677/99/14 5681/97/12
f 7779/8089/12 5681/97/12 7783/8085/10
f 7783/8085/10 5681/97/12 5685/94/10
f 7783/8085/10 5685/94/10 7787/8083/8
f 7787/8083/8 5685/94/10 5689/92/8
f 7787/8083/8 5689/92/8 7791/8081/6
f 7791/8081/6 5689/92/8 5693/90/6
f 7791/8081/6 5693/90/6 7795/8079/4
f 7795/8079/4 5693/90/6 5697/88/4
f 7795/8079/4 5697/88/4 7797/8077/3
f 7797/8077/3 5697/88/4 5699/86/3
f 7797/8077/3 5699/86/3 7793/8075/5
f 7793/8075/5 5699/86/3 5695/84/5
f 7793/8075/5 5695/84/5 7789/8072/7
f 7789/8072/7 5695/84/5 5691/81/7
f 7789/8072/7 5691/81/7 7785/8070/9
f 7785/8070/9 5691/81/7 5687/79/9
f 7785/8070/9 5687/79/9 7781/8068/11
f 7781/8068/11 5687/79/9 5683/77/11
f 7781/8068/11 5683/77/11 7777/8066/13
f 7777/8066/13 5683/77/11 5679/74/13
f 7777/8066/13 5679/74/13 7773/8064/15
f 7773/8064/15 5679/74/13 5675/72/15
f 7773/8064/15 5675/72/15 7769/8062/17
f 7769/8062/17 5675/72/15 5671/70/17
f 7769/8062/17 5671/70/17 7765/8060/19
f 7765/8060/19 5671/70/17 5667/68/19
f 7765/8060/19 5667/68/19 7761/8058/21
f 7761/8058/21 5667/68/19 5663/66/21
f 7761/8058/21 5663/66/21 7757/8056/23
f 7757/8056/23 5663/66/21 5659/64/23
f 7757/8056/23 5659/64/23 7753/8054/25
f 7753/8054/25 5659/64/23 5655/61/25
f 7753/8054/25 5655/61/25 7749/8052/27
f 7749/8052/27 5655/61/25 5651/59/27
f 7749/8052/27 5651/59/27 7745/8049/30
f 7745/8049/30 5651/59/27 5647/55/30
f 7745/8049/30 5647/55/30 7741/8047/32
f 7741/8047/32 5647/55/30 5643/53/32
f 7741/8047/32 5643/53/32 7737/8045/34
f 7737/8045/34 5643/53/32 5639/50/34
f 7737/8045/34 5639/50/34 7733/8043/36
f 7733/8043/36 5639/50/34 5635/48/36
f 7733/8043/36 5635/48/36 7729/8041/38
f 7729/8041/38 5635/48/36 5631/46/38
f 7729/8041/38 5631/46/38 7725/8039/40
f 7725/8039/40 5631/46/38 5627/44/40
f 7725/8039/40 5627/44/40 7721/8037/42
f 7721/8037/42 5627/44/40 5623/42/42
f 7721/8037/42 5623/42/42 7717/8035/44
f 7717/8035/44 5623/42/42 5619/40/44
f 7717/8035/44 5619/40/44 7713/8033/46
f 7713/8033/46 5619/40/44 5613/37/46
f 7713/8033/46 5613/37/46 7709/8031/48
f 7709/8031/48 5613/37/46 5609/35/48
f 7709/8031/48 5609/35/48 7705/8029/50
f 7705/8029/50 5609/35/48 5605/33/50
f 7705/8029/50 5605/33/50 7701/8027/52
f 7701/8027/52 5605/33/50 5601/31/52
f 7701/8027/52 5601/31/52 7697/8025/55
f 7697/8025/55 5601/31/52 5597/29/55
f 7697/8025/55 5597/29/55 7699/8023/53
f 7699/8023/53 5597/29/55 5599/27/53
f 7699/8023/53 5599/27/53 7703/8021/51
f 7703/8021/51 5599/27/53 5603/25/51
f 7703/8021/51 5603/25/51 7707/8019/49
f 7707/8019/49 5603/25/51 5607/23/49
f 7707/8019/49 5607/23/49 7711/8017/47
f 7711/8017/47 5607/23/49 5611/21/47
f 7711/8017/47 5611/21/47 7715/8014/45
f 7715/8014/45 5611/21/47 5617/19/45
f 7715/8014/45 5617/19/45 7719/8012/43
f 7719/8012/43 5617/19/45 5621/17/43
f 7719/8012/43 5621/17/43 7723/8009/41
f 7723/8009/41 5621/17/43 5625/15/41
f 7723/8009/41 5625/15/41 7727/8007/39
f 7727/8007/39 5625/15/41 5629/13/39
f 7727/8007/39 5629/13/39 7731/8004/37
f 7731/8004/37 5629/13/39 5633/11/37
f 7731/8004/37 5633/11/37 7735/8002/35
f 7735/8002/35 5633/11/37 5637/8/35
f 7735/8002/35 5637/8/35 7739/8001/33
f 7739/8001/33 5637/8/35 5641/5/33
f 7739/8001/33 5641/5/33 7743/7999/31
f 7743/7999/31 5641/5/33 5645/2/31
f 7744/7999/31 5646/2/31 7748/7996/28
f 7748/7996/28 5646/2/31 5650/112/28
f 7748/7996/28 5650/112/28 7752/8104/26
f 7752/8104/26 5650/112/28 5654/111/26
f 7752/8104/26 5654/111/26 7756/8103/24
f 7756/8103/24 5654/111/26 5658/109/24
f 7756/8103/24 5658/109/24 7760/8101/22
f 7760/8101/22 5658/109/24 5662/107/22
f 7760/8101/22 5662/107/22 7764/8099/20
f 7764/8099/20 5662/107/22 5666/105/20
f 7764/8099/20 5666/105/20 7768/8096/18
f 7768/8096/18 5666/105/20 5670/103/18
f 7768/8096/18 5670/103/18 7772/8094/16
f 7772/8094/16 5670/103/18 5674/101/16
f 7772/8094/16 5674/101/16 7776/8091/14
f 7776/8091/14 5674/101/16 5678/99/14
f 7776/8091/14 5678/99/14 7780/8089/12
f 7780/8089/12 5678/99/14 5682/97/12
f 7780/8089/12 5682/97/12 7784/8085/10
f 7784/8085/10 5682/97/12 5686/94/10
f 7784/8085/10 5686/94/10 7788/8083/8
f 7788/8083/8 5686/94/10 5690/92/8
f 7788/8083/8 5690/92/8 7792/8081/6
f 7792/8081/6 5690/92/8 5694/90/6
f 7792/8081/6 5694/90/6 7796/8079/4
f 7796/8079/4 5694/90/6 5698/88/4
f 7796/8079/4 5698/88/4 7798/8077/3
f 7798/8077/3 5698/88/4 5700/86/3
f 7798/8077/3 5700/86/3 7794/8075/5
f 7794/8075/5 5700/86/3 5696/84/5
f 7794/8075/5 5696/84/5 7790/8072/7
f 7790/8072/7 5696/84/5 5692/81/7
f 7790/8072/7 5692/81/7 7786/8070/9
f 7786/8070/9 5692/81/7 5688/79/9
f 7786/8070/9 5688/79/9 7782/8068/11
f 7782/8068/11 5688/79/9 5684/77/11
f 7782/8068/11 5684/77/11 7778/8066/13
f 7778/8066/13 5684/77/11 5680/74/13
f 7778/8066/13 5680/74/13 7774/8064/15
f 7774/8064/15 5680/74/13 5676/72/15
f 7774/8064/15 5676/72/15 7770/8062/17
f 7770/8062/17 5676/72/15 5672/70/17
f 7770/8062/17 5672/70/17 7766/8060/19
f 7766/8060/19 5672/70/17 5668/68/19
f 7766/8060/19 5668/68/19 7762/8058/21
f 7762/8058/21 5668/68/19 5664/66/21
f 7762/8058/21 5664/66/21 7758/8056/23
f 7758/8056/23 5664/66/21 5660/64/23
f 7758/8056/23 5660/64/23 7754/8054/25
f 7754/8054/25 5660/64/23 5656/61/25
f 7754/8054/25 5656/61/25 7750/8052/27
f 7750/8052/27 5656/61/25 5652/59/27
f 7750/8052/27 5652/59/27 7746/8049/30
f 7746/8049/30 5652/59/27 5648/55/30
f 7746/8049/30 5648/55/30 7742/8047/32
f 7742/8047/32 5648/55/30 5644/53/32
f 7742/8047/32 5644/53/32 7738/8045/34
f 7738/8045/34 5644/53/32 5640/50/34
f 7738/8045/34 5640/50/34 7734/8043/36
f 7734/8043/36 5640/50/34 5636/48/36
f 7734/8043/36 5636/48/36 7730/8041/38
f 7730/8041/38 5636/48/36 5632/46/38
f 7730/8041/38 5632/46/38 7726/8039/40
f 7726/8039/40 5632/46/38 5628/44/40
f 7726/8039/40 5628/44/40 7722/8037/42
f 7722/8037/42 5628/44/40 5624/42/42
f 7722/8037/42 5624/42/42 7718/8035/44
f 7718/8035/44 5624/42/42 5620/40/44
f 7718/8035/44 5620/40/44 7714/8033/46
f 7714/8033/46 5620/40/44 5614/37/46
f 7714/8033/46 5614/37/46 7710/8031/48
f 7710/8031/48 5614/37/46 5610/35/48
f 7710/8031/48 5610/35/48 7706/8029/50
f 7706/8029/50 5610/35/48 5606/33/50
f 7706/8029/50 5606/33/50 7702/8027/52
f 7702/8027/52 5606/33/50 5602/31/52
f 7702/8027/52 5602/31/52 7698/8025/55
f 7698/8025/55 5602/31/52 5598/29/55
f 7698/8025/55 5598/29/55 7700/8023/53
f 7700/8023/53 5598/29/55 5600/27/53
f 7700/8023/53 5600/27/53 7704/8021/51
f 7704/8021/51 5600/27/53 5604/25/51
f 7704/8021/51 5604/25/51 7708/8019/49
f 7708/8019/49 5604/25/51 5608/23/49
f 7708/8019/49 5608/23/49 7712/8017/47
f 7712/8017/47 5608/23/49 5612/21/47
f 7712/8017/47 5612/21/47 7716/8014/45
f 7716/8014/45 5612/21/47 5618/19/45
f 7716/8014/45 5618/19/45 7720/8012/43
f 7720/8012/43 5618/19/45 5622/17/43
f 7720/8012/43 5622/17/43 7724/8009/41
f 7724/8009/41 5622/17/43 5626/15/41
f 7724/8009/41 5626/15/41 7728/8007/39
f 7728/8007/39 5626/15/41 5630/13/39
f 7728/8007/39 5630/13/39 7732/8004/37
f 7732/8004/37 5630/13/39 5634/11/37
f 7732/8004/37 5634/11/37 7736/8002/35
f 7736/8002/35 5634/11/37 5638/8/35
f 7736/8002/35 5638/8/35 7740/8001/33
f 7740/8001/33 5638/8/35 5642/5/33
f 7740/8001/33 5642/5/33 7744/7999/31
f 7744/7999/31 5642/5/33 5646/2/31
f 7641/7996/31 5541/1/31 7645/8106/28
f 7645/8106/28 5541/1/31 5545/112/28
f 7645/8106/28 5545/112/28 7649/8104/26
f 7649/8104/26 5545/112/28 5549/111/26
f 7649/8104/26 5549/111/26 7653/8103/24
f 7653/8103/24 5549/111/26 5553/109/24
f 7653/8103/24 5553/109/24 7657/8100/22
f 7657/8100/22 5553/109/24 5557/106/22
f 7657/8100/22 5557/106/22 7661/8098/20
f 7661/8098/20 5557/106/22 5561/104/20
f 7661/8098/20 5561/104/20 7665/8095/18
f 7665/8095/18 5561/104/20 5565/102/18
f 7665/8095/18 5565/102/18 7669/8093/16
f 7669/8093/16 5565/102/18 5569/100/16
f 7669/8093/16 5569/100/16 7673/8090/14
f 7673/8090/14 5569/100/16 5573/98/14
f 7673/8090/14 5573/98/14 7677/8088/12
f 7677/8088/12 5573/98/14 5577/96/12
f 7677/8088/12 5577/96/12 7681/8084/10
f 7681/8084/10 5577/96/12 5581/93/10
f 7681/8084/10 5581/93/10 7685/8082/8
f 7685/8082/8 5581/93/10 5585/91/8
f 7685/8082/8 5585/91/8 7689/8080/6
f 7689/8080/6 5585/91/8 5589/89/6
f 7689/8080/6 5589/89/6 7693/8078/4
f 7693/8078/4 5589/89/6 5593/87/4
f 7693/8078/4 5593/87/4 7695/8076/3
f 7695/8076/3 5593/87/4 5595/85/3
f 7695/8076/3 5595/85/3 7691/8074/5
f 7691/8074/5 5595/85/3 5591/83/5
f 7691/8074/5 5591/83/5 7687/8071/7
f 7687/8071/7 5591/83/5 5587/80/7
f 7687/8071/7 5587/80/7 7683/8069/9
f 7683/8069/9 5587/80/7 5583/78/9
f 7683/8069/9 5583/78/9 7679/8067/11
f 7679/8067/11 5583/78/9 5579/76/11
f 7679/8067/11 5579/76/11 7675/8065/13
f 7675/8065/13 5579/76/11 5575/73/13
f 7675/8065/13 5575/73/13 7671/8063/15
f 7671/8063/15 5575/73/13 5571/71/15
f 7671/8063/15 5571/71/15 7667/8061/17
f 7667/8061/17 5571/71/15 5567/69/17
f 7667/8061/17 5567/69/17 7663/8059/19
f 7663/8059/19 5567/69/17 5563/67/19
f 7663/8059/19 5563/67/19 7659/8057/21
f 7659/8057/21 5563/67/19 5559/65/21
f 7659/8057/21 5559/65/21 7655/8055/23
f 7655/8055/23 5559/65/21 5555/63/23
f 7655/8055/23 5555/63/23 7651/8053/25
f 7651/8053/25 5555/63/23 5551/60/25
f 7651/8053/25 5551/60/25 7647/8051/27
f 7647/8051/27 5551/60/25 5547/57/27
f 7647/8051/27 5547/57/27 7643/8048/30
f 7643/8048/30 5547/57/27 5543/54/30
f 7643/8048/30 5543/54/30 7639/8046/32
f 7639/8046/32 5543/54/30 5539/51/32
f 7639/8046/32 5539/51/32 7635/8044/34
f 7635/8044/34 5539/51/32 5535/49/34
f 7635/8044/34 5535/49/34 7631/8042/36
f 7631/8042/36 5535/49/34 5531/47/36
f 7631/8042/36 5531/47/36 7627/8040/38
f 7627/8040/38 5531/47/36 5527/45/38
f 7627/8040/38 5527/45/38 7623/8038/40
f 7623/8038/40 5527/45/38 5523/43/40
f 7623/8038/40 5523/43/40 7619/8036/42
f 7619/8036/42 5523/43/40 5519/41/42
f 7619/8036/42 5519/41/42 7615/8034/44
f 7615/8034/44 5519/41/42 5515/38/44
f 7615/8034/44 5515/38/44 7611/8032/46
f 7611/8032/46 5515/38/44 5511/36/46
f 7611/8032/46 5511/36/46 7607/8030/48
f 7607/8030/48 5511/36/46 5507/34/48
f 7607/8030/48 5507/34/48 7603/8028/50
f 7603/8028/50 5507/34/48 5503/32/50
f 7603/8028/50 5503/32/50 7599/8026/52
f 7599/8026/52 5503/32/50 5499/30/52
f 7599/8026/52 5499/30/52 7595/8024/55
f 7595/8024/55 5499/30/52 5495/28/55
f 7595/8024/55 5495/28/55 7597/8022/53
f 7597/8022/53 5495/28/55 5497/26/53
f 7597/8022/53 5497/26/53 7601/8020/51
f 7601/8020/51 5497/26/53 5501/24/51
f 7601/8020/51 5501/24/51 7605/8018/49
f 7605/8018/49 5501/24/51 5505/22/49
f 7605/8018/49 5505/22/49 7609/8015/47
f 7609/8015/47 5505/22/49 5509/20/47
f 7609/8015/47 5509/20/47 7613/8013/45
f 7613/8013/45 5509/20/47 5513/18/45
f 7613/8013/45 5513/18/45 7617/8010/43
f 7617/8010/43 5513/18/45 5517/16/43
f 7617/8010/43 5517/16/43 7621/8008/41
f 7621/8008/41 5517/16/43 5521/14/41
f 7621/8008/41 5521/14/41 7625/8005/39
f 7625/8005/39 5521/14/41 5525/12/39
f 7625/8005/39 5525/12/39 7629/8003/37
f 7629/8003/37 5525/12/39 5529/9/37
f 7629/8003/37 5529/9/37 7633/8001/35
f 7633/8001/35 5529/9/37 5533/5/35
f 7633/8001/35 5533/5/35 7637/7999/33
f 7637/7999/33 5533/5/35 5537/2/33
f 7637/7999/33 5537/2/33 7641/7996/31
f 7641/7996/31 5537/2/33 5541/1/31
f 7642/7999/31 5542/2/31 7646/7996/28
f 7646/7996/28 5542/2/31 5546/1/28
f 7646/7996/28 5546/1/28 7650/8106/26
f 7650/8106/26 5546/1/28 5550/112/26
f 7650/8106/26 5550/112/26 7654/8104/24
f 7654/8104/24 5550/112/26 5554/111/24
f 7654/8104/24 5554/111/24 7658/8103/22
f 7658/8103/22 5554/111/24 5558/109/22
f 7658/8103/22 5558/109/22 7662/8100/20
f 7662/8100/20 5558/109/22 5562/106/20
f 7662/8100/20 5562/106/20 7666/8098/18
f 7666/8098/18 5562/106/20 5566/104/18
f 7666/8098/18 5566/104/18 7670/8095/16
f 7670/8095/16 5566/104/18 5570/102/16
f 7670/8095/16 5570/102/16 7674/8093/14
f 7674/8093/14 5570/102/16 5574/100/14
f 7674/8093/14 5574/100/14 7678/8090/12
f 7678/8090/12 5574/100/14 5578/98/12
f 7678/8090/12 5578/98/12 7682/8088/10
f 7682/8088/10 5578/98/12 5582/96/10
f 7682/8088/10 5582/96/10 7686/8084/8
f 7686/8084/8 5582/96/10 5586/93/8
f 7686/8084/8 5586/93/8 7690/8082/6
f 7690/8082/6 5586/93/8 5590/91/6
f 7690/8082/6 5590/91/6 7694/8080/4
f 7694/8080/4 5590/91/6 5594/89/4
f 7694/8080/4 5594/89/4 7696/8078/3
f 7696/8078/3 5594/89/4 5596/87/3
f 7696/8078/3 5596/87/3 7692/8076/5
f 7692/8076/5 5596/87/3 5592/85/5
f 7692/8076/5 5592/85/5 7688/8074/7
f 7688/8074/7 5592/85/5 5588/83/7
f 7688/8074/7 5588/83/7 7684/8071/9
f 7684/8071/9 5588/83/7 5584/80/9
f 7684/8071/9 5584/80/9 7680/8069/11
f 7680/8069/11 5584/80/9 5580/78/11
f 7680/8069/11 5580/78/11 7676/8067/13
f 7676/8067/13 5580/78/11 5576/76/13
f 7676/8067/13 5576/76/13 7672/8065/15
f 7672/8065/15 5576/76/13 5572/73/15
f 7672/8065/15 5572/73/15 7668/8063/17
f 7668/8063/17 5572/73/15 5568/71/17
f 7668/8063/17 5568/71/17 7664/8061/19
f 7664/8061/19 5568/71/17 5564/69/19
f 7664/8061/19 5564/69/19 7660/8059/21
f 7660/8059/21 5564/69/19 5560/67/21
f 7660/8059/21 5560/67/21 7656/8057/23
f 7656/8057/23 5560/67/21 5556/65/23
f 7656/8057/23 5556/65/23 7652/8055/25
f 7652/8055/25 5556/65/23 5552/63/25
f 7652/8055/25 5552/63/25 7648/8053/27
f 7648/8053/27 5552/63/25 5548/60/27
f 7648/8053/27 5548/60/27 7644/8051/30
f 7644/8051/30 5548/60/27 5544/57/30
f 7644/8051/30 5544/57/30 7640/8048/32
f 7640/8048/32 5544/57/30 5540/54/32
f 7640/8048/32 5540/54/32 7636/8046/34
f 7636/8046/34 5540/54/32 5536/51/34
f 7636/8046/34 5536/51/34 7632/8044/36
f 7632/8044/36 5536/51/34 5532/49/36
f 7632/8044/36 5532/49/36 7628/8042/38
f 7628/8042/38 5532/49/36 5528/47/38
f 7628/8042/38 5528/47/38 7624/8040/40
f 7624/8040/40 5528/47/38 5524/45/40
f 7624/8040/40 5524/45/40 7620/8038/42
f 7620/8038/42 5524/45/40 5520/43/42
f 7620/8038/42 5520/43/42 7616/8036/44
f 7616/8036/44 5520/43/42 5516/41/44
f 7616/8036/44 5516/41/44 7612/8034/46
f 7612/8034/46 5516/41/44 5512/38/46
f 7612/8034/46 5512/38/46 7608/8032/48
f 7608/8032/48 5512/38/46 5508/36/48
f 7608/8032/48 5508/36/48 7604/8030/50
f 7604/8030/50 5508/36/48 5504/34/50
f 7604/8030/50 5504/34/50 7600/8028/52
f 7600/8028/52 5504/34/50 5500/32/52
f 7600/8028/52 5500/32/52 7596/8026/55
f 7596/8026/55 5500/32/52 5496/30/55
f 7596/8026/55 5496/30/55 7598/8024/53
f 7598/8024/53 5496/30/55 5498/28/53
f 7598/8024/53 5498/28/53 7602/8022/51
f 7602/8022/51 5498/28/53 5502/26/51
f 7602/8022/51 5502/26/51 7606/8020/49
f 7606/8020/49 5502/26/51 5506/24/49
f 7606/8020/49 5506/24/49 7610/8018/47
f 7610/8018/47 5506/24/49 5510/22/47
f 7610/8018/47 5510/22/47 7614/8015/45
f 7614/8015/45 5510/22/47 5514/20/45
f 7614/8015/45 5514/20/45 7618/8013/43
f 7618/8013/43 5514/20/45 5518/18/43
f 7618/8013/43 5518/18/43 7622/8010/41
f 7622/8010/41 5518/18/43 5522/16/41
f 7622/8010/41 5522/16/41 7626/8008/39
f 7626/8008/39 5522/16/41 5526/14/39
f 7626/8008/39 5526/14/39 7630/8005/37
f 7630/8005/37 5526/14/39 5530/12/37
f 7630/8005/37 5530/12/37 7634/8003/35
f 7634/8003/35 5530/12/37 5534/9/35
f 7634/8003/35 5534/9/35 7638/8001/33
f 7638/8001/33 5534/9/35 5538/5/33
f 7638/8001/33 5538/5/33 7642/7999/31
f 7642/7999/31 5538/5/33 5542/2/31
f 7233/7999/31 5133/2/31 7237/8106/28
f 7237/8106/28 5133/2/31 5137/1/28
f 7237/8106/28 5137/1/28 7241/8104/26
f 7241/8104/26 5137/1/28 5141/111/26
f 7241/8104/26 5141/111/26 7245/8103/24
f 7245/8103/24 5141/111/26 5145/109/24
f 7245/8103/24 5145/109/24 7249/8101/22
f 7249/8101/22 5145/109/24 5149/107/22
f 7249/8101/22 5149/107/22 7253/8099/20
f 7253/8099/20 5149/107/22 5153/105/20
f 7253/8099/20 5153/105/20 7257/8096/18
f 7257/8096/18 5153/105/20 5157/103/18
f 7257/8096/18 5157/103/18 7261/8094/16
f 7261/8094/16 5157/103/18 5161/101/16
f 7261/8094/16 5161/101/16 7265/8091/14
f 7265/8091/14 5161/101/16 5165/99/14
f 7265/8091/14 5165/99/14 7269/8089/12
f 7269/8089/12 5165/99/14 5169/97/12
f 7269/8089/12 5169/97/12 7273/8085/10
f 7273/8085/10 5169/97/12 5173/94/10
f 7273/8085/10 5173/94/10 7277/8083/8
f 7277/8083/8 5173/94/10 5177/92/8
f 7277/8083/8 5177/92/8 7281/8081/6
f 7281/8081/6 5177/92/8 5181/90/6
f 7281/8081/6 5181/90/6 7285/8079/4
f 7285/8079/4 5181/90/6 5185/88/4
f 7285/8079/4 5185/88/4 7287/8077/3
f 7287/8077/3 5185/88/4 5187/86/3
f 7287/8077/3 5187/86/3 7283/8075/5
f 7283/8075/5 5187/86/3 5183/84/5
f 7283/8075/5 5183/84/5 7279/8072/7
f 7279/8072/7 5183/84/5 5179/81/7
f 7279/8072/7 5179/81/7 7275/8070/9
f 7275/8070/9 5179/81/7 5175/79/9
f 7275/8070/9 5175/79/9 7271/8068/11
f 7271/8068/11 5175/79/9 5171/77/11
f 7271/8068/11 5171/77/11 7267/8066/13
f 7267/8066/13 5171/77/11 5167/74/13
f 7267/8066/13 5167/74/13 7263/8064/15
f 7263/8064/15 5167/74/13 5163/72/15
f 7263/8064/15 5163/72/15 7259/8062/17
f 7259/8062/17 5163/72/15 5159/70/17
f 7259/8062/17 5159/70/17 7255/8060/19
f 7255/8060/19 5159/70/17 5155/68/19
f 7255/8060/19 5155/68/19 7251/8058/21
f 7251/8058/21 5155/68/19 5151/66/21
f 7251/8058/21 5151/66/21 7247/8056/23
f 7247/8056/23 5151/66/21 5147/64/23
f 7247/8056/23 5147/64/23 7243/8054/25
f 7243/8054/25 5147/64/23 5143/61/25
f 7243/8054/25 5143/61/25 7239/8052/27
f 7239/8052/27 5143/61/25 5139/59/27
f 7239/8052/27 5139/59/27 7235/8049/30
f 7235/8049/30 5139/59/27 5135/55/30
f 7235/8049/30 5135/55/30 7231/8047/32
f 7231/8047/32 5135/55/30 5131/53/32
f 7231/8047/32 5131/53/32 7227/8045/34
f 7227/8045/34 5131/53/32 5127/50/34
f 7227/8045/34 5127/50/34 7223/8043/36
f 7223/8043/36 5127/50/34 5123/48/36
f 7223/8043/36 5123/48/36 7219/8041/38
f 7219/8041/38 5123/48/36 5119/46/38
f 7219/8041/38 5119/46/38 7215/8039/40
f 7215/8039/40 5119/46/38 5115/44/40
f 7215/8039/40 5115/44/40 7211/8037/42
f 7211/8037/42 5115/44/40 5111/42/42
f 7211/8037/42 5111/42/42 7207/8035/44
f 7207/8035/44 5111/42/42 5107/40/44
f 7207/8035/44 5107/40/44 7203/8033/46
f 7203/8033/46 5107/40/44 5103/37/46
f 7203/8033/46 5103/37/46 7199/8031/48
f 7199/8031/48 5103/37/46 5099/35/48
f 7199/8031/48 5099/35/48 7195/8029/50
f 7195/8029/50 5099/35/48 5095/33/50
f 7195/8029/50 5095/33/50 7191/8027/52
f 7191/8027/52 5095/33/50 5091/31/52
f 7191/8027/52 5091/31/52 7187/8025/55
f 7187/8025/55 5091/31/52 5087/29/55
f 7187/8025/55 5087/29/55 7189/8023/53
f 7189/8023/53 5087/29/55 5089/27/53
f 7189/8023/53 5089/27/53 7193/8021/51
f 7193/8021/51 5089/27/53 5093/25/51
f 7193/8021/51 5093/25/51 7197/8019/49
f 7197/8019/49 5093/25/51 5097/23/49
f 7197/8019/49 5097/23/49 7201/8017/47
f 7201/8017/47 5097/23/49 5101/21/47
f 7201/8017/47 5101/21/47 7205/8014/45
f 7205/8014/45 5101/21/47 5105/19/45
f 7205/8014/45 5105/19/45 7209/8012/43
f 7209/8012/43 5105/19/45 5109/17/43
f 7209/8012/43 5109/17/43 7213/8009/41
f 7213/8009/41 5109/17/43 5113/15/41
f 7213/8009/41 5113/15/41 7217/8007/39
f 7217/8007/39 5113/15/41 5117/13/39
f 7217/8007/39 5117/13/39 7221/8004/37
f 7221/8004/37 5117/13/39 5121/11/37
f 7221/8004/37 5121/11/37 7225/8002/35
f 7225/8002/35 5121/11/37 5125/8/35
f 7225/8002/35 5125/8/35 7229/8001/33
f 7229/8001/33 5125/8/35 5129/5/33
f 7229/8001/33 5129/5/33 7233/7999/31
f 7233/7999/31 5129/5/33 5133/2/31
f 7234/7996/31 5134/1/31 7238/8106/28
f 7238/8106/28 5134/1/31 5138/112/28
f 7238/8106/28 5138/112/28 7242/8104/26
f 7242/8104/26 5138/112/28 5142/111/26
f 7242/8104/26 5142/111/26 7246/8103/24
f 7246/8103/24 5142/111/26 5146/109/24
f 7246/8103/24 5146/109/24 7250/8100/22
f 7250/8100/22 5146/109/24 5150/106/22
f 7250/8100/22 5150/106/22 7254/8098/20
f 7254/8098/20 5150/106/22 5154/104/20
f 7254/8098/20 5154/104/20 7258/8095/18
f 7258/8095/18 5154/104/20 5158/102/18
f 7258/8095/18 5158/102/18 7262/8093/16
f 7262/8093/16 5158/102/18 5162/100/16
f 7262/8093/16 5162/100/16 7266/8090/14
f 7266/8090/14 5162/100/16 5166/98/14
f 7266/8090/14 5166/98/14 7270/8088/12
f 7270/8088/12 5166/98/14 5170/96/12
f 7270/8088/12 5170/96/12 7274/8084/10
f 7274/8084/10 5170/96/12 5174/93/10
f 7274/8084/10 5174/93/10 7278/8082/8
f 7278/8082/8 5174/93/10 5178/91/8
f 7278/8082/8 5178/91/8 7282/8080/6
f 7282/8080/6 5178/91/8 5182/89/6
f 7282/8080/6 5182/89/6 7286/8078/4
f 7286/8078/4 5182/89/6 5186/87/4
f 7286/8078/4 5186/87/4 7288/8076/3
f 7288/8076/3 5186/87/4 5188/85/3
f 7288/8076/3 5188/85/3 7284/8074/5
f 7284/8074/5 5188/85/3 5184/83/5
f 7284/8074/5 5184/83/5 7280/8071/7
f 7280/8071/7 5184/83/5 5180/80/7
f 7280/8071/7 5180/80/7 7276/8069/9
f 7276/8069/9 5180/80/7 5176/78/9
f 7276/8069/9 5176/78/9 7272/8067/11
f 7272/8067/11 5176/78/9 5172/76/11
f 7272/8067/11 5172/76/11 7268/8065/13
f 7268/8065/13 5172/76/11 5168/73/13
f 7268/8065/13 5168/73/13 7264/8063/15
f 7264/8063/15 5168/73/13 5164/71/15
f 7264/8063/15 5164/71/15 7260/8061/17
f 7260/8061/17 5164/71/15 5160/69/17
f 7260/8061/17 5160/69/17 7256/8059/19
f 7256/8059/19 5160/69/17 5156/67/19
f 7256/8059/19 5156/67/19 7252/8057/21
f 7252/8057/21 5156/67/19 5152/65/21
f 7252/8057/21 5152/65/21 7248/8055/23
f 7248/8055/23 5152/65/21 5148/63/23
f 7248/8055/23 5148/63/23 7244/8053/25
f 7244/8053/25 5148/63/23 5144/60/25
f 7244/8053/25 5144/60/25 7240/8051/27
f 7240/8051/27 5144/60/25 5140/57/27
f 7240/8051/27 5140/57/27 7236/8048/30
f 7236/8048/30 5140/57/27 5136/54/30
f 7236/8048/30 5136/54/30 7232/8046/32
f 7232/8046/32 5136/54/30 5132/51/32
f 7232/8046/32 5132/51/32 7228/8044/34
f 7228/8044/34 5132/51/32 5128/49/34
f 7228/8044/34 5128/49/34 7224/8042/36
f 7224/8042/36 5128/49/34 5124/47/36
f 7224/8042/36 5124/47/36 7220/8040/38
f 7220/8040/38 5124/47/36 5120/45/38
f 7220/8040/38 5120/45/38 7216/8038/40
f 7216/8038/40 5120/45/38 5116/43/40
f 7216/8038/40 5116/43/40 7212/8036/42
f 7212/8036/42 5116/43/40 5112/41/42
f 7212/8036/42 5112/41/42 7208/8034/44
f 7208/8034/44 5112/41/42 5108/38/44
f 7208/8034/44 5108/38/44 7204/8032/46
f 7204/8032/46 5108/38/44 5104/36/46
f 7204/8032/46 5104/36/46 7200/8030/48
f 7200/8030/48 5104/36/46 5100/34/48
f 7200/8030/48 5100/34/48 7196/8028/50
f 7196/8028/50 5100/34/48 5096/32/50
f 7196/8028/50 5096/32/50 7192/8026/52
f 7192/8026/52 5096/32/50 5092/30/52
f 7192/8026/52 5092/30/52 7188/8024/55
f 7188/8024/55 5092/30/52 5088/28/55
f 7188/8024/55 5088/28/55 7190/8022/53
f 7190/8022/53 5088/28/55 5090/26/53
f 7190/8022/53 5090/26/53 7194/8020/51
f 7194/8020/51 5090/26/53 5094/24/51
f 7194/8020/51 5094/24/51 7198/8018/49
f 7198/8018/49 5094/24/51 5098/22/49
f 7198/8018/49 5098/22/49 7202/8015/47
f 7202/8015/47 5098/22/49 5102/20/47
f 7202/8015/47 5102/20/47 7206/8013/45
f 7206/8013/45 5102/20/47 5106/18/45
f 7206/8013/45 5106/18/45 7210/8010/43
f 7210/8010/43 5106/18/45 5110/16/43
f 7210/8010/43 5110/16/43 7214/8008/41
f 7214/8008/41 5110/16/43 5114/14/41
f 7214/8008/41 5114/14/41 7218/8005/39
f 7218/8005/39 5114/14/41 5118/12/39
f 7218/8005/39 5118/12/39 7222/8003/37
f 7222/8003/37 5118/12/39 5122/9/37
f 7222/8003/37 5122/9/37 7226/8001/35
f 7226/8001/35 5122/9/37 5126/5/35
f 7226/8001/35 5126/5/35 7230/7999/33
f 7230/7999/33 5126/5/35 5130/2/33
f 7230/7999/33 5130/2/33 7234/7996/31
f 7234/7996/31 5130/2/33 5134/1/31
f 7131/7996/31 5031/1/31 7135/8106/28
f 7135/8106/28 5031/1/31 5035/112/28
f 7135/8106/28 5035/112/28 7139/8104/26
f 7139/8104/26 5035/112/28 5039/111/26
f 7139/8104/26 5039/111/26 7143/8103/24
f 7143/8103/24 5039/111/26 5043/109/24
f 7143/8103/24 5043/109/24 7147/8100/22
f 7147/8100/22 5043/109/24 5047/106/22
f 7147/8100/22 5047/106/22 7151/8098/20
f 7151/8098/20 5047/106/22 5051/104/20
f 7151/8098/20 5051/104/20 7155/8095/18
f 7155/8095/18 5051/104/20 5055/102/18
f 7155/8095/18 5055/102/18 7159/8093/16
f 7159/8093/16 5055/102/18 5059/100/16
f 7159/8093/16 5059/100/16 7163/8090/14
f 7163/8090/14 5059/100/16 5063/98/14
f 7163/8090/14 5063/98/14 7167/8088/12
f 7167/8088/12 5063/98/14 5067/96/12
f 7167/8088/12 5067/96/12 7171/8084/10
f 7171/8084/10 5067/96/12 5071/93/10
f 7171/8084/10 5071/93/10 7175/8082/8
f 7175/8082/8 5071/93/10 5075/91/8
f 7175/8082/8 5075/91/8 7179/8080/6
f 7179/8080/6 5075/91/8 5079/89/6
f 7179/8080/6 5079/89/6 7183/8078/4
f 7183/8078/4 5079/89/6 5083/87/4
f 7183/8078/4 5083/87/4 7185/8076/3
f 7185/8076/3 5083/87/4 5085/85/3
f 7185/8076/3 5085/85/3 7181/8074/5
f 7181/8074/5 5085/85/3 5081/83/5
f 7181/8074/5 5081/83/5 7177/8071/7
f 7177/8071/7 5081/83/5 5077/80/7
f 7177/8071/7 5077/80/7 7173/8069/9
f 7173/8069/9 5077/80/7 5073/78/9
f 7173/8069/9 5073/78/9 7169/8067/11
f 7169/8067/11 5073/78/9 5069/76/11
f 7169/8067/11 5069/76/11 7165/8065/13
f 7165/8065/13 5069/76/11 5065/73/13
f 7165/8065/13 5065/73/13 7161/8063/15
f 7161/8063/15 5065/73/13 5061/71/15
f 7161/8063/15 5061/71/15 7157/8061/17
f 7157/8061/17 5061/71/15 5057/69/17
f 7157/8061/17 5057/69/17 7153/8059/19
f 7153/8059/19 5057/69/17 5053/67/19
f 7153/8059/19 5053/67/19 7149/8057/21
f 7149/8057/21 5053/67/19 5049/65/21
f 7149/8057/21 5049/65/21 7145/8055/23
f 7145/8055/23 5049/65/21 5045/63/23
f 7145/8055/23 5045/63/23 7141/8053/25
f 7141/8053/25 5045/63/23 5041/60/25
f 7141/8053/25 5041/60/25 7137/8051/27
f 7137/8051/27 5041/60/25 5037/57/27
f 7137/8051/27 5037/57/27 7133/8048/30
f 7133/8048/30 5037/57/27 5033/54/30
f 7133/8048/30 5033/54/30 7129/8046/32
f 7129/8046/32 5033/54/30 5029/51/32
f 7129/8046/32 5029/51/32 7125/8044/34
f 7125/8044/34 5029/51/32 5025/49/34
f 7125/8044/34 5025/49/34 7121/8042/36
f 7121/8042/36 5025/49/34 5021/47/36
f 7121/8042/36 5021/47/36 7117/8040/38
f 7117/8040/38 5021/47/36 5017/45/38
f 7117/8040/38 5017/45/38 7113/8038/40
f 7113/8038/40 5017/45/38 5013/43/40
f 7113/8038/40 5013/43/40 7109/8036/42
f 7109/8036/42 5013/43/40 5009/41/42
f 7109/8036/42 5009/41/42 7105/8034/44
f 7105/8034/44 5009/41/42 5005/38/44
f 7105/8034/44 5005/38/44 7101/8032/46
f 7101/8032/46 5005/38/44 5001/36/46
f 7101/8032/46 5001/36/46 7097/8030/48
f 7097/8030/48 5001/36/46 4997/34/48
f 7097/8030/48 4997/34/48 7093/8028/50
f 7093/8028/50 4997/34/48 4993/32/50
f 7093/8028/50 4993/32/50 7089/8026/52
f 7089/8026/52 4993/32/50 4989/30/52
f 7089/8026/52 4989/30/52 7085/8024/55
f 7085/8024/55 4989/30/52 4985/28/55
f 7085/8024/55 4985/28/55 7087/8022/53
f 7087/8022/53 4985/28/55 4987/26/53
f 7087/8022/53 4987/26/53 7091/8020/51
f 7091/8020/51 4987/26/53 4991/24/51
f 7091/8020/51 4991/24/51 7095/8018/49
f 7095/8018/49 4991/24/51 4995/22/49
f 7095/8018/49 4995/22/49 7099/8015/47
f 7099/8015/47 4995/22/49 4999/20/47
f 7099/8015/47 4999/20/47 7103/8013/45
f 7103/8013/45 4999/20/47 5003/18/45
f 7103/8013/45 5003/18/45 7107/8010/43
f 7107/8010/43 5003/18/45 5007/16/43
f 7107/8010/43 5007/16/43 7111/8008/41
f 7111/8008/41 5007/16/43 5011/14/41
f 7111/8008/41 5011/14/41 7115/8005/39
f 7115/8005/39 5011/14/41 5015/12/39
f 7115/8005/39 5015/12/39 7119/8003/37
f 7119/8003/37 5015/12/39 5019/9/37
f 7119/8003/37 5019/9/37 7123/8001/35
f 7123/8001/35 5019/9/37 5023/5/35
f 7123/8001/35 5023/5/35 7127/7999/33
f 7127/7999/33 5023/5/35 5027/2/33
f 7127/7999/33 5027/2/33 7131/7996/31
f 7131/7996/31 5027/2/33 5031/1/31
f 7132/7996/31 5032/1/31 7136/8106/28
f 7136/8106/28 5032/1/31 5036/112/28
f 7136/8106/28 5036/112/28 7140/8104/26
f 7140/8104/26 5036/112/28 5040/111/26
f 7140/8104/26 5040/111/26 7144/8103/24
f 7144/8103/24 5040/111/26 5044/109/24
f 7144/8103/24 5044/109/24 7148/8100/22
f 7148/8100/22 5044/109/24 5048/106/22
f 7148/8100/22 5048/106/22 7152/8098/20
f 7152/8098/20 5048/106/22 5052/104/20
f 7152/8098/20 5052/104/20 7156/8095/18
f 7156/8095/18 5052/104/20 5056/102/18
f 7156/8095/18 5056/102/18 7160/8093/16
f 7160/8093/16 5056/102/18 5060/100/16
f 7160/8093/16 5060/100/16 7164/8090/14
f 7164/8090/14 5060/100/16 5064/98/14
f 7164/8090/14 5064/98/14 7168/8088/12
f 7168/8088/12 5064/98/14 5068/96/12
f 7168/8088/12 5068/96/12 7172/8084/10
f 7172/8084/10 5068/96/12 5072/93/10
f 7172/8084/10 5072/93/10 7176/8082/8
f 7176/8082/8 5072/93/10 5076/91/8
f 7176/8082/8 5076/91/8 7180/8080/6
f 7180/8080/6 5076/91/8 5080/89/6
f 7180/8080/6 5080/89/6 7184/8078/4
f 7184/8078/4 5080/89/6 5084/87/4
f 7184/8078/4 5084/87/4 7186/8076/3
f 7186/8076/3 5084/87/4 5086/85/3
f 7186/8076/3 5086/85/3 7182/8074/5
f 7182/8074/5 5086/85/3 5082/83/5
f 7182/8074/5 5082/83/5 7178/8071/7
f 7178/8071/7 5082/83/5 5078/80/7
f 7178/8071/7 5078/80/7 7174/8069/9
f 7174/8069/9 5078/80/7 5074/78/9
f 7174/8069/9 5074/78/9 7170/8067/11
f 7170/8067/11 5074/78/9 5070/76/11
f 7170/8067/11 5070/76/11 7166/8065/13
f 7166/8065/13 5070/76/11 5066/73/13
f 7166/8065/13 5066/73/13 7162/8063/15
f 7162/8063/15 5066/73/13 5062/71/15
f 7162/8063/15 5062/71/15 7158/8061/17
f 7158/8061/17 5062/71/15 5058/69/17
f 7158/8061/17 5058/69/17 7154/8059/19
f 7154/8059/19 5058/69/17 5054/67/19
f 7154/8059/19 5054/67/19 7150/8057/21
f 7150/8057/21 5054/67/19 5050/65/21
f 7150/8057/21 5050/65/21 7146/8055/23
f 7146/8055/23 5050/65/21 5046/63/23
f 7146/8055/23 5046/63/23 7142/8053/25
f 7142/8053/25 5046/63/23 5042/60/25
f 7142/8053/25 5042/60/25 7138/8051/27
f 7138/8051/27 5042/60/25 5038/57/27
f 7138/8051/27 5038/57/27 7134/8048/30
f 7134/8048/30 5038/57/27 5034/54/30
f 7134/8048/30 5034/54/30 7130/8046/32
f 7130/8046/32 5034/54/30 5030/51/32
f 7130/8046/32 5030/51/32 7126/8044/34
f 7126/8044/34 5030/51/32 5026/49/34
f 7126/8044/34 5026/49/34 7122/8042/36
f 7122/8042/36 5026/49/34 5022/47/36
f 7122/8042/36 5022/47/36 7118/8040/38
f 7118/8040/38 5022/47/36 5018/45/38
f 7118/8040/38 5018/45/38 7114/8038/40
f 7114/8038/40 5018/45/38 5014/43/40
f 7114/8038/40 5014/43/40 7110/8036/42
f 7110/8036/42 5014/43/40 5010/41/42
f 7110/8036/42 5010/41/42 7106/8034/44
f 7106/8034/44 5010/41/42 5006/38/44
f 7106/8034/44 5006/38/44 7102/8032/46
f 7102/8032/46 5006/38/44 5002/36/46
f 7102/8032/46 5002/36/46 7098/8030/48
f 7098/8030/48 5002/36/46 4998/34/48
f 7098/8030/48 4998/34/48 7094/8028/50
f 7094/8028/50 4998/34/48 4994/32/50
f 7094/8028/50 4994/32/50 7090/8026/52
f 7090/8026/52 4994/32/50 4990/30/52
f 7090/8026/52 4990/30/52 7086/8024/55
f 7086/8024/55 4990/30/52 4986/28/55
f 7086/8024/55 4986/28/55 7088/8022/53
f 7088/8022/53 4986/28/55 4988/26/53
f 7088/8022/53 4988/26/53 7092/8020/51
f 7092/8020/51 4988/26/53 4992/24/51
f 7092/8020/51 4992/24/51 7096/8018/49
f 7096/8018/49 4992/24/51 4996/22/49
f 7096/8018/49 4996/22/49 7100/8015/47
f 7100/8015/47 4996/22/49 5000/20/47
f 7100/8015/47 5000/20/47 7104/8013/45
f 7104/8013/45 5000/20/47 5004/18/45
f 7104/8013/45 5004/18/45 7108/8010/43
f 7108/8010/43 5004/18/45 5008/16/43
f 7108/8010/43 5008/16/43 7112/8008/41
f 7112/8008/41 5008/16/43 5012/14/41
f 7112/8008/41 5012/14/41 7116/8005/39
f 7116/8005/39 5012/14/41 5016/12/39
f 7116/8005/39 5016/12/39 7120/8003/37
f 7120/8003/37 5016/12/39 5020/9/37
f 7120/8003/37 5020/9/37 7124/8001/35
f 7124/8001/35 5020/9/37 5024/5/35
f 7124/8001/35 5024/5/35 7128/7999/33
f 7128/7999/33 5024/5/35 5028/2/33
f 7128/7999/33 5028/2/33 7132/7996/31
f 7132/7996/31 5028/2/33 5032/1/31
f 7029/7996/31 4929/1/31 7033/8106/28
f 7033/8106/28 4929/1/31 4933/112/28
f 7033/8106/28 4933/112/28 7037/8104/26
f 7037/8104/26 4933/112/28 4937/111/26
f 7037/8104/26 4937/111/26 7041/8103/24
f 7041/8103/24 4937/111/26 4941/109/24
f 7041/8103/24 4941/109/24 7045/8100/22
f 7045/8100/22 4941/109/24 4945/106/22
f 7045/8100/22 4945/106/22 7049/8098/20
f 7049/8098/20 4945/106/22 4949/104/20
f 7049/8098/20 4949/104/20 7053/8095/18
f 7053/8095/18 4949/104/20 4953/102/18
f 7053/8095/18 4953/102/18 7057/8093/16
f 7057/8093/16 4953/102/18 4957/100/16
f 7057/8093/16 4957/100/16 7061/8090/14
f 7061/8090/14 4957/100/16 4961/98/14
f 7061/8090/14 4961/98/14 7065/8088/12
f 7065/8088/12 4961/98/14 4965/96/12
f 7065/8088/12 4965/96/12 7069/8084/10
f 7069/8084/10 4965/96/12 4969/93/10
f 7069/8084/10 4969/93/10 7073/8082/8
f 7073/8082/8 4969/93/10 4973/91/8
f 7073/8082/8 4973/91/8 7077/8080/6
f 7077/8080/6 4973/91/8 4977/89/6
f 7077/8080/6 4977/89/6 7081/8078/4
f 7081/8078/4 4977/89/6 4981/87/4
f 7081/8078/4 4981/87/4 7083/8076/3
f 7083/8076/3 4981/87/4 4983/85/3
f 7083/8076/3 4983/85/3 7079/8074/5
f 7079/8074/5 4983/85/3 4979/83/5
f 7079/8074/5 4979/83/5 7075/8071/7
f 7075/8071/7 4979/83/5 4975/80/7
f 7075/8071/7 4975/80/7 7071/8069/9
f 7071/8069/9 4975/80/7 4971/78/9
f 7071/8069/9 4971/78/9 7067/8067/11
f 7067/8067/11 4971/78/9 4967/76/11
f 7067/8067/11 4967/76/11 7063/8065/13
f 7063/8065/13 4967/76/11 4963/73/13
f 7063/8065/13 4963/73/13 7059/8063/15
f 7059/8063/15 4963/73/13 4959/71/15
f 7059/8063/15 4959/71/15 7055/8061/17
f 7055/8061/17 4959/71/15 4955/69/17
f 7055/8061/17 4955/69/17 7051/8059/19
f 7051/8059/19 4955/69/17 4951/67/19
f 7051/8059/19 4951/67/19 7047/8057/21
f 7047/8057/21 4951/67/19 4947/65/21
f 7047/8057/21 4947/65/21 7043/8055/23
f 7043/8055/23 4947/65/21 4943/63/23
f 7043/8055/23 4943/63/23 7039/8053/25
f 7039/8053/25 4943/63/23 4939/60/25
f 7039/8053/25 4939/60/25 7035/8051/27
f 7035/8051/27 4939/60/25 4935/57/27
f 7035/8051/27 4935/57/27 7031/8048/30
f 7031/8048/30 4935/57/27 4931/54/30
f 7031/8048/30 4931/54/30 7027/8046/32
f 7027/8046/32 4931/54/30 4927/51/32
f 7027/8046/32 4927/51/32 7023/8044/34
f 7023/8044/34 4927/51/32 4923/49/34
f 7023/8044/34 4923/49/34 7019/8042/36
f 7019/8042/36 4923/49/34 4919/47/36
f 7019/8042/36 4919/47/36 7015/8040/38
f 7015/8040/38 4919/47/36 4915/45/38
f 7015/8040/38 4915/45/38 7011/8038/40
f 7011/8038/40 4915/45/38 4911/43/40
f 7011/8038/40 4911/43/40 7007/8036/42
f 7007/8036/42 4911/43/40 4907/41/42
f 7007/8036/42 4907/41/42 7003/8034/44
f 7003/8034/44 4907/41/42 4903/38/44
f 7003/8034/44 4903/38/44 6999/8032/46
f 6999/8032/46 4903/38/44 4899/36/46
f 6999/8032/46 4899/36/46 6995/8030/48
f 6995/8030/48 4899/36/46 4895/34/48
f 6995/8030/48 4895/34/48 6991/8028/50
f 6991/8028/50 4895/34/48 4891/32/50
f 6991/8028/50 4891/32/50 6987/8026/52
f 6987/8026/52 4891/32/50 4887/30/52
f 6987/8026/52 4887/30/52 6983/8024/55
f 6983/8024/55 4887/30/52 4883/28/55
f 6983/8024/55 4883/28/55 6985/8022/53
f 6985/8022/53 4883/28/55 4885/26/53
f 6985/8022/53 4885/26/53 6989/8020/51
f 6989/8020/51 4885/26/53 4889/24/51
f 6989/8020/51 4889/24/51 6993/8018/49
f 6993/8018/49 4889/24/51 4893/22/49
f 6993/8018/49 4893/22/49 6997/8015/47
f 6997/8015/47 4893/22/49 4897/20/47
f 6997/8015/47 4897/20/47 7001/8013/45
f 7001/8013/45 4897/20/47 4901/18/45
f 7001/8013/45 4901/18/45 7005/8010/43
f 7005/8010/43 4901/18/45 4905/16/43
f 7005/8010/43 4905/16/43 7009/8008/41
f 7009/8008/41 4905/16/43 4909/14/41
f 7009/8008/41 4909/14/41 7013/8005/39
f 7013/8005/39 4909/14/41 4913/12/39
f 7013/8005/39 4913/12/39 7017/8003/37
f 7017/8003/37 4913/12/39 4917/9/37
f 7017/8003/37 4917/9/37 7021/8001/35
f 7021/8001/35 4917/9/37 4921/5/35
f 7021/8001/35 4921/5/35 7025/7999/33
f 7025/7999/33 4921/5/35 4925/2/33
f 7025/7999/33 4925/2/33 7029/7996/31
f 7029/7996/31 4925/2/33 4929/1/31
f 7030/7999/31 4930/2/31 7034/7996/28
f 7034/7996/28 4930/2/31 4934/112/28
f 7034/7996/28 4934/112/28 7038/8104/26
f 7038/8104/26 4934/112/28 4938/111/26
f 7038/8104/26 4938/111/26 7042/8103/24
f 7042/8103/24 4938/111/26 4942/109/24
f 7042/8103/24 4942/109/24 7046/8101/22
f 7046/8101/22 4942/109/24 4946/107/22
f 7046/8101/22 4946/107/22 7050/8099/20
f 7050/8099/20 4946/107/22 4950/105/20
f 7050/8099/20 4950/105/20 7054/8096/18
f 7054/8096/18 4950/105/20 4954/103/18
f 7054/8096/18 4954/103/18 7058/8094/16
f 7058/8094/16 4954/103/18 4958/101/16
f 7058/8094/16 4958/101/16 7062/8091/14
f 7062/8091/14 4958/101/16 4962/99/14
f 7062/8091/14 4962/99/14 7066/8089/12
f 7066/8089/12 4962/99/14 4966/97/12
f 7066/8089/12 4966/97/12 7070/8085/10
f 7070/8085/10 4966/97/12 4970/94/10
f 7070/8085/10 4970/94/10 7074/8083/8
f 7074/8083/8 4970/94/10 4974/92/8
f 7074/8083/8 4974/92/8 7078/8081/6
f 7078/8081/6 4974/92/8 4978/90/6
f 7078/8081/6 4978/90/6 7082/8079/4
f 7082/8079/4 4978/90/6 4982/88/4
f 7082/8079/4 4982/88/4 7084/8077/3
f 7084/8077/3 4982/88/4 4984/86/3
f 7084/8077/3 4984/86/3 7080/8075/5
f 7080/8075/5 4984/86/3 4980/84/5
f 7080/8075/5 4980/84/5 7076/8072/7
f 7076/8072/7 4980/84/5 4976/81/7
f 7076/8072/7 4976/81/7 7072/8070/9
f 7072/8070/9 4976/81/7 4972/79/9
f 7072/8070/9 4972/79/9 7068/8068/11
f 7068/8068/11 4972/79/9 4968/77/11
f 7068/8068/11 4968/77/11 7064/8066/13
f 7064/8066/13 4968/77/11 4964/74/13
f 7064/8066/13 4964/74/13 7060/8064/15
f 7060/8064/15 4964/74/13 4960/72/15
f 7060/8064/15 4960/72/15 7056/8062/17
f 7056/8062/17 4960/72/15 4956/70/17
f 7056/8062/17 4956/70/17 7052/8060/19
f 7052/8060/19 4956/70/17 4952/68/19
f 7052/8060/19 4952/68/19 7048/8058/21
f 7048/8058/21 4952/68/19 4948/66/21
f 7048/8058/21 4948/66/21 7044/8056/23
f 7044/8056/23 4948/66/21 4944/64/23
f 7044/8056/23 4944/64/23 7040/8054/25
f 7040/8054/25 4944/64/23 4940/61/25
f 7040/8054/25 4940/61/25 7036/8052/27
f 7036/8052/27 4940/61/25 4936/59/27
f 7036/8052/27 4936/59/27 7032/8049/30
f 7032/8049/30 4936/59/27 4932/55/30
f 7032/8049/30 4932/55/30 7028/8047/32
f 7028/8047/32 4932/55/30 4928/53/32
f 7028/8047/32 4928/53/32 7024/8045/34
f 7024/8045/34 4928/53/32 4924/50/34
f 7024/8045/34 4924/50/34 7020/8043/36
f 7020/8043/36 4924/50/34 4920/48/36
f 7020/8043/36 4920/48/36 7016/8041/38
f 7016/8041/38 4920/48/36 4916/46/38
f 7016/8041/38 4916/46/38 7012/8039/40
f 7012/8039/40 4916/46/38 4912/44/40
f 7012/8039/40 4912/44/40 7008/8037/42
f 7008/8037/42 4912/44/40 4908/42/42
f 7008/8037/42 4908/42/42 7004/8035/44
f 7004/8035/44 4908/42/42 4904/40/44
f 7004/8035/44 4904/40/44 7000/8033/46
f 7000/8033/46 4904/40/44 4900/37/46
f 7000/8033/46 4900/37/46 6996/8031/48
f 6996/8031/48 4900/37/46 4896/35/48
f 6996/8031/48 4896/35/48 6992/8029/50
f 6992/8029/50 4896/35/48 4892/33/50
f 6992/8029/50 4892/33/50 6988/8027/52
f 6988/8027/52 4892/33/50 4888/31/52
f 6988/8027/52 4888/31/52 6984/8025/55
f 6984/8025/55 4888/31/52 4884/29/55
f 6984/8025/55 4884/29/55 6986/8023/53
f 6986/8023/53 4884/29/55 4886/27/53
f 6986/8023/53 4886/27/53 6990/8021/51
f 6990/8021/51 4886/27/53 4890/25/51
f 6990/8021/51 4890/25/51 6994/8019/49
f 6994/8019/49 4890/25/51 4894/23/49
f 6994/8019/49 4894/23/49 6998/8017/47
f 6998/8017/47 4894/23/49 4898/21/47
f 6998/8017/47 4898/21/47 7002/8014/45
f 7002/8014/45 4898/21/47 4902/19/45
f 7002/8014/45 4902/19/45 7006/8012/43
f 7006/8012/43 4902/19/45 4906/17/43
f 7006/8012/43 4906/17/43 7010/8009/41
f 7010/8009/41 4906/17/43 4910/15/41
f 7010/8009/41 4910/15/41 7014/8007/39
f 7014/8007/39 4910/15/41 4914/13/39
f 7014/8007/39 4914/13/39 7018/8004/37
f 7018/8004/37 4914/13/39 4918/11/37
f 7018/8004/37 4918/11/37 7022/8002/35
f 7022/8002/35 4918/11/37 4922/8/35
f 7022/8002/35 4922/8/35 7026/8001/33
f 7026/8001/33 4922/8/35 4926/5/33
f 7026/8001/33 4926/5/33 7030/7999/31
f 7030/7999/31 4926/5/33 4930/2/31
f 4420/7996/29 4367/1/29 6522/8106/29
f 6522/8106/29 4367/1/29 6469/112/29
f 4368/7996/28 4421/1/28 6470/8106/28
f 6470/8106/28 4421/1/28 6523/112/28
f 4619/5346/1 4623/5368/1 4677/8092/1
f 4677/8092/1 4623/5368/1 4627/5368/1
f 4677/8092/1 4627/5368/1 4678/7020/1
f 4678/7020/1 4627/5368/1 4631/5345/1
f 4678/7020/1 4631/5345/1 4635/5302/1
f 4517/5348/1 4521/5369/1 4315/8106/1
f 4315/8106/1 4521/5369/1 4525/5369/1
f 4315/8106/1 4525/5369/1 4677/8092/1
f 4677/8092/1 4525/5369/1 4529/5347/1
f 4677/8092/1 4529/5347/1 4619/5346/1
f 4619/5346/1 4529/5347/1 4615/5303/1
f 4370/2153/1 4368/2270/1 4366/2153/1
f 4366/2153/1 4368/2270/1 4363/2270/1
f 4366/2153/1 4363/2270/1 4362/2132/1
f 4362/2132/1 4363/2270/1 4359/2350/1
f 4362/2132/1 4359/2350/1 4358/2069/1
f 4358/2069/1 4359/2350/1 4355/2390/1
f 4358/2069/1 4355/2390/1 4354/1943/1
f 4354/1943/1 4355/2390/1 4351/2471/1
f 4354/1943/1 4351/2471/1 4350/1859/1
f 4350/1859/1 4351/2471/1 4347/2551/1
f 4350/1859/1 4347/2551/1 4346/1775/1
f 4346/1775/1 4347/2551/1 4343/2631/1
f 4346/1775/1 4343/2631/1 4342/1691/1
f 4342/1691/1 4343/2631/1 4339/2711/1
f 4342/1691/1 4339/2711/1 4338/1607/1
f 4338/1607/1 4339/2711/1 4335/2791/1
f 4338/1607/1 4335/2791/1 4334/1523/1
f 4334/1523/1 4335/2791/1 4331/2875/1
f 4334/1523/1 4331/2875/1 4330/1439/1
f 4330/1439/1 4331/2875/1 4327/3240/1
f 4330/1439/1 4327/3240/1 4326/1355/1
f 4326/1355/1 4327/3240/1 4323/3463/1
f 4326/1355/1 4323/3463/1 4322/1267/1
f 4322/1267/1 4323/3463/1 4319/3623/1
f 4322/1267/1 4319/3623/1 4316/112/1
f 4316/112/1 4319/3623/1 4317/3855/1
f 4316/112/1 4317/3855/1 4315/8106/1
f 4315/8106/1 4317/3855/1 4321/3975/1
f 4315/8106/1 4321/3975/1 4325/4135/1
f 5292/1163/1 5290/1164/1 5294/1052/1
f 5294/1052/1 5290/1164/1 5288/1053/1
f 5294/1052/1 5288/1053/1 5298/968/1
f 5298/968/1 5288/1053/1 5284/969/1
f 5298/968/1 5284/969/1 5302/884/1
f 5302/884/1 5284/969/1 5280/885/1
f 5302/884/1 5280/885/1 5306/800/1
f 5306/800/1 5280/885/1 5276/801/1
f 5306/800/1 5276/801/1 5310/722/1
f 5310/722/1 5276/801/1 5272/723/1
f 5310/722/1 5272/723/1 5314/648/1
f 5314/648/1 5272/723/1 5268/649/1
f 5314/648/1 5268/649/1 5318/575/1
f 5318/575/1 5268/649/1 5264/577/1
f 5318/575/1 5264/577/1 5322/503/1
f 5322/503/1 5264/577/1 5260/505/1
f 5322/503/1 5260/505/1 5326/423/1
f 5326/423/1 5260/505/1 5256/426/1
f 5326/423/1 5256/426/1 5330/339/1
f 5330/339/1 5256/426/1 5252/342/1
f 5330/339/1 5252/342/1 5334/255/1
f 5334/255/1 5252/342/1 5248/258/1
f 5334/255/1 5248/258/1 5338/205/1
f 5338/205/1 5248/258/1 5244/206/1
f 5338/205/1 5244/206/1 5342/142/1
f 5342/142/1 5244/206/1 5240/145/1
f 5342/142/1 5240/145/1 6416/1/1
f 6416/1/1 5240/145/1 5138/148/1
f 6416/1/1 5138/148/1 4316/112/1
f 4316/112/1 5138/148/1 5036/150/1
f 4316/112/1 5036/150/1 4934/153/1
f 4934/153/1 5036/150/1 4938/212/1
f 6405/4096/1 6409/3897/1 6415/7996/1
f 6415/7996/1 6409/3897/1 6413/3737/1
f 6415/7996/1 6413/3737/1 6416/1/1
f 6416/1/1 6413/3737/1 6411/3584/1
f 6416/1/1 6411/3584/1 6407/3363/1
f 6055/5354/1 6059/5354/1 5615/8030/1
f 5615/8030/1 6059/5354/1 6063/5317/1
f 5615/8030/1 6063/5317/1 6415/7996/1
f 6415/7996/1 6063/5317/1 6067/5169/1
f 6415/7996/1 6067/5169/1 6149/5155/1
f 6149/5155/1 6067/5169/1 6071/5074/1
f 6149/5155/1 6071/5074/1 6145/5067/1
f 6145/5067/1 6071/5074/1 6075/4984/1
f 6145/5067/1 6075/4984/1 6141/4983/1
f 6141/4983/1 6075/4984/1 6079/4824/1
f 6141/4983/1 6079/4824/1 6137/4823/1
f 6137/4823/1 6079/4824/1 6083/4664/1
f 6137/4823/1 6083/4664/1 6133/4663/1
f 6133/4663/1 6083/4664/1 6087/4521/1
f 6133/4663/1 6087/4521/1 6129/4513/1
f 6129/4513/1 6087/4521/1 6091/4359/1
f 6129/4513/1 6091/4359/1 6125/4351/1
f 6125/4351/1 6091/4359/1 6095/4262/1
f 6125/4351/1 6095/4262/1 6121/4261/1
f 6121/4261/1 6095/4262/1 6099/4102/1
f 6121/4261/1 6099/4102/1 6117/4101/1
f 6117/4101/1 6099/4102/1 6103/3912/1
f 6117/4101/1 6103/3912/1 6113/3906/1
f 6113/3906/1 6103/3912/1 6107/3758/1
f 6113/3906/1 6107/3758/1 6109/3752/1
f 6109/3752/1 6107/3758/1 6105/3590/1
f 6109/3752/1 6105/3590/1 6111/3589/1
f 6111/3589/1 6105/3590/1 6101/3380/1
f 6111/3589/1 6101/3380/1 6115/3374/1
f 6115/3374/1 6101/3380/1 6100/1320/1
f 6115/3374/1 6100/1320/1 6118/1319/1
f 6118/1319/1 6100/1320/1 6104/1232/1
f 6118/1319/1 6104/1232/1 6114/1231/1
f 6114/1231/1 6104/1232/1 6108/1148/1
f 6114/1231/1 6108/1148/1 6110/1147/1
f 6110/1147/1 6108/1148/1 6112/1028/1
f 5749/5357/1 5753/5357/1 5616/7019/1
f 5616/7019/1 5753/5357/1 5757/5323/1
f 5616/7019/1 5757/5323/1 5615/8030/1
f 5615/8030/1 5757/5323/1 5761/5181/1
f 5615/8030/1 5761/5181/1 5843/5178/1
f 5843/5178/1 5761/5181/1 5765/5080/1
f 5843/5178/1 5765/5080/1 5839/5079/1
f 5839/5079/1 5765/5080/1 5769/4990/1
f 5839/5079/1 5769/4990/1 5835/4989/1
f 5835/4989/1 5769/4990/1 5773/4830/1
f 5835/4989/1 5773/4830/1 5831/4829/1
f 5831/4829/1 5773/4830/1 5777/4670/1
f 5831/4829/1 5777/4670/1 5827/4669/1
f 5827/4669/1 5777/4670/1 5781/4533/1
f 5827/4669/1 5781/4533/1 5823/4530/1
f 5823/4530/1 5781/4533/1 5785/4371/1
f 5823/4530/1 5785/4371/1 5819/4368/1
f 5819/4368/1 5785/4371/1 5789/4268/1
f 5819/4368/1 5789/4268/1 5815/4267/1
f 5815/4267/1 5789/4268/1 5793/4108/1
f 5815/4267/1 5793/4108/1 5811/4107/1
f 5811/4107/1 5793/4108/1 5797/3918/1
f 5811/4107/1 5797/3918/1 5807/3917/1
f 5807/3917/1 5797/3918/1 5801/3770/1
f 5807/3917/1 5801/3770/1 5803/3769/1
f 5803/3769/1 5801/3770/1 5799/3596/1
f 5803/3769/1 5799/3596/1 5805/3595/1
f 5805/3595/1 5799/3596/1 5795/3392/1
f 5805/3595/1 5795/3392/1 5809/3391/1
f 5809/3391/1 5795/3392/1 5791/3212/1
f 5809/3391/1 5791/3212/1 5813/3211/1
f 5813/3211/1 5791/3212/1 5787/2848/1
f 5813/3211/1 5787/2848/1 5817/2847/1
f 5817/2847/1 5787/2848/1 5783/2764/1
f 5817/2847/1 5783/2764/1 5821/2763/1
f 5821/2763/1 5783/2764/1 5779/2684/1
f 5821/2763/1 5779/2684/1 5825/2683/1
f 5825/2683/1 5779/2684/1 5824/1577/1
f 5825/2683/1 5824/1577/1 5828/1661/1
f 5037/5364/1 5135/5363/1 4678/7020/1
f 4678/7020/1 5135/5363/1 5139/5363/1
f 4678/7020/1 5139/5363/1 5616/7019/1
f 5616/7019/1 5139/5363/1 5143/5335/1
f 5616/7019/1 5143/5335/1 5233/5334/1
f 5233/5334/1 5143/5335/1 5147/5214/1
f 5233/5334/1 5147/5214/1 5229/5208/1
f 5229/5208/1 5147/5214/1 5151/5098/1
f 5229/5208/1 5151/5098/1 5225/5095/1
f 5225/5095/1 5151/5098/1 5155/5002/1
f 5225/5095/1 5155/5002/1 5221/5001/1
f 5221/5001/1 5155/5002/1 5159/4842/1
f 5221/5001/1 5159/4842/1 5217/4841/1
f 5217/4841/1 5159/4842/1 5163/4682/1
f 5217/4841/1 5163/4682/1 5213/4681/1
f 5213/4681/1 5163/4682/1 5167/4563/1
f 5213/4681/1 5167/4563/1 5209/4559/1
f 5209/4559/1 5167/4563/1 5171/4401/1
f 5209/4559/1 5171/4401/1 5205/4397/1
f 5205/4397/1 5171/4401/1 5175/4280/1
f 5205/4397/1 5175/4280/1 5201/4279/1
f 5201/4279/1 5175/4280/1 5179/4120/1
f 5201/4279/1 5179/4120/1 5197/4119/1
f 5197/4119/1 5179/4120/1 5183/3936/1
f 5197/4119/1 5183/3936/1 5193/3934/1
f 5193/3934/1 5183/3936/1 5187/3800/1
f 5193/3934/1 5187/3800/1 5189/3798/1
f 5189/3798/1 5187/3800/1 5185/3608/1
f 5189/3798/1 5185/3608/1 5191/3607/1
f 5191/3607/1 5185/3608/1 5184/1250/1
f 5191/3607/1 5184/1250/1 5194/1249/1
f 5194/1249/1 5184/1250/1 5188/1166/1
f 5194/1249/1 5188/1166/1 5190/1165/1
f 5190/1165/1 5188/1166/1 5192/1056/1
f 6280/1820/1 6284/1736/1 6281/2514/1
f 6281/2514/1 6284/1736/1 6342/1735/1
f 6281/2514/1 6342/1735/1 6343/2513/1
f 6343/2513/1 6342/1735/1 6346/1819/1
f 6343/2513/1 6346/1819/1 6347/2433/1
f 6347/2433/1 6346/1819/1 6350/1903/1
f 6347/2433/1 6350/1903/1 6351/2352/1
f 6351/2352/1 6350/1903/1 6354/1989/1
f 6351/2352/1 6354/1989/1 6355/2273/1
f 6355/2273/1 6354/1989/1 6358/2072/1
f 6355/2273/1 6358/2072/1 6359/2197/1
f 6359/2197/1 6358/2072/1 6362/2133/1
f 6359/2197/1 6362/2133/1 6363/2197/1
f 6363/2197/1 6362/2133/1 6366/2133/1
f 6363/2197/1 6366/2133/1 6367/2196/1
f 6367/2196/1 6366/2133/1 6370/2071/1
f 6367/2196/1 6370/2071/1 6371/2272/1
f 6371/2272/1 6370/2071/1 6374/1988/1
f 6371/2272/1 6374/1988/1 6375/2351/1
f 6375/2351/1 6374/1988/1 6378/1902/1
f 6375/2351/1 6378/1902/1 6379/2432/1
f 6379/2432/1 6378/1902/1 6382/1818/1
f 6379/2432/1 6382/1818/1 6383/2512/1
f 6383/2512/1 6382/1818/1 6386/1734/1
f 6383/2512/1 6386/1734/1 6387/2592/1
f 6387/2592/1 6386/1734/1 6390/1650/1
f 6387/2592/1 6390/1650/1 6391/2672/1
f 6391/2672/1 6390/1650/1 6394/1566/1
f 6391/2672/1 6394/1566/1 6395/2752/1
f 6395/2752/1 6394/1566/1 6398/1482/1
f 6395/2752/1 6398/1482/1 6399/2834/1
f 6399/2834/1 6398/1482/1 6402/1398/1
f 6399/2834/1 6402/1398/1 6403/3200/1
f 6403/3200/1 6402/1398/1 6406/1314/1
f 6403/3200/1 6406/1314/1 6416/1/1
f 6416/1/1 6406/1314/1 6410/1226/1
f 6416/1/1 6410/1226/1 6414/1142/1
f 6343/2513/1 6339/2593/1 6281/2514/1
f 6281/2514/1 6339/2593/1 6285/2594/1
f 6339/2593/1 6335/2673/1 6285/2594/1
f 6285/2594/1 6335/2673/1 6289/2674/1
f 6335/2673/1 6331/2753/1 6289/2674/1
f 6289/2674/1 6331/2753/1 6293/2754/1
f 6331/2753/1 6327/2836/1 6293/2754/1
f 6293/2754/1 6327/2836/1 6297/2838/1
f 6327/2836/1 6323/3201/1 6297/2838/1
f 6297/2838/1 6323/3201/1 6301/3202/1
f 6323/3201/1 6319/3366/1 6301/3202/1
f 6301/3202/1 6319/3366/1 6305/3367/1
f 6319/3366/1 6315/3585/1 6305/3367/1
f 6305/3367/1 6315/3585/1 6309/3586/1
f 6315/3585/1 6313/3740/1 6309/3586/1
f 6309/3586/1 6313/3740/1 6311/3741/1
f 6313/3740/1 6317/3898/1 6311/3741/1
f 6311/3741/1 6317/3898/1 6307/3899/1
f 6317/3898/1 6321/4097/1 6307/3899/1
f 6307/3899/1 6321/4097/1 6303/4098/1
f 6321/4097/1 6325/4257/1 6303/4098/1
f 6303/4098/1 6325/4257/1 6299/4258/1
f 6325/4257/1 6329/4339/1 6299/4258/1
f 6299/4258/1 6329/4339/1 6295/4342/1
f 6329/4339/1 6333/4501/1 6295/4342/1
f 6295/4342/1 6333/4501/1 6291/4504/1
f 6333/4501/1 6337/4659/1 6291/4504/1
f 6291/4504/1 6337/4659/1 6287/4660/1
f 6287/4660/1 6337/4659/1 6283/4820/1
f 6283/4820/1 6337/4659/1 6341/4819/1
f 6283/4820/1 6341/4819/1 6279/4980/1
f 6279/4980/1 6341/4819/1 6345/4979/1
f 6279/4980/1 6345/4979/1 6275/5062/1
f 6275/5062/1 6345/4979/1 6349/5060/1
f 6275/5062/1 6349/5060/1 6271/5147/1
f 6271/5147/1 6349/5060/1 6353/5142/1
f 6271/5147/1 6353/5142/1 6267/5313/1
f 6267/5313/1 6353/5142/1 6357/5312/1
f 6267/5313/1 6357/5312/1 6415/7996/1
f 6415/7996/1 6357/5312/1 6361/5351/1
f 6415/7996/1 6361/5351/1 6365/5351/1
f 6365/5351/1 6369/5311/1 6415/7996/1
f 6415/7996/1 6369/5311/1 6373/5141/1
f 6415/7996/1 6373/5141/1 6377/5059/1
f 6377/5059/1 6381/4978/1 6415/7996/1
f 6415/7996/1 6381/4978/1 6385/4818/1
f 6415/7996/1 6385/4818/1 6389/4658/1
f 6389/4658/1 6393/4500/1 6415/7996/1
f 6415/7996/1 6393/4500/1 6397/4338/1
f 6415/7996/1 6397/4338/1 6401/4256/1
f 6401/4256/1 6405/4096/1 6415/7996/1
f 6407/3363/1 6403/3200/1 6416/1/1
f 6368/180/1 6364/120/1 6416/1/1
f 6416/1/1 6364/120/1 6360/181/1
f 6416/1/1 6360/181/1 6356/227/1
f 6416/1/1 6356/227/1 6270/228/1
f 6270/228/1 6356/227/1 6352/307/1
f 6270/228/1 6352/307/1 6274/310/1
f 6274/310/1 6352/307/1 6348/391/1
f 6274/310/1 6348/391/1 6278/394/1
f 6278/394/1 6348/391/1 6282/477/1
f 6348/391/1 6344/475/1 6282/477/1
f 6282/477/1 6344/475/1 6286/549/1
f 6344/475/1 6340/547/1 6286/549/1
f 6286/549/1 6340/547/1 6290/620/1
f 6340/547/1 6336/619/1 6290/620/1
f 6290/620/1 6336/619/1 6294/694/1
f 6336/619/1 6332/693/1 6294/694/1
f 6294/694/1 6332/693/1 6298/769/1
f 6332/693/1 6328/768/1 6298/769/1
f 6298/769/1 6328/768/1 6302/853/1
f 6328/768/1 6324/852/1 6302/853/1
f 6302/853/1 6324/852/1 6306/937/1
f 6324/852/1 6320/936/1 6306/937/1
f 6306/937/1 6320/936/1 6310/1021/1
f 6320/936/1 6316/1020/1 6310/1021/1
f 6310/1021/1 6316/1020/1 6312/1144/1
f 6316/1020/1 6314/1143/1 6312/1144/1
f 6312/1144/1 6314/1143/1 6318/1227/1
f 6312/1144/1 6318/1227/1 6308/1228/1
f 6308/1228/1 6318/1227/1 6322/1315/1
f 6308/1228/1 6322/1315/1 6304/1316/1
f 6304/1316/1 6322/1315/1 6326/1399/1
f 6304/1316/1 6326/1399/1 6300/1400/1
f 6300/1400/1 6326/1399/1 6296/1484/1
f 6326/1399/1 6330/1483/1 6296/1484/1
f 6296/1484/1 6330/1483/1 6292/1568/1
f 6330/1483/1 6334/1567/1 6292/1568/1
f 6292/1568/1 6334/1567/1 6288/1652/1
f 6334/1567/1 6338/1651/1 6288/1652/1
f 6288/1652/1 6338/1651/1 6284/1736/1
f 6338/1651/1 6342/1735/1 6284/1736/1
f 6414/1142/1 6412/1017/1 6416/1/1
f 6416/1/1 6412/1017/1 6408/933/1
f 6416/1/1 6408/933/1 6404/849/1
f 6404/849/1 6400/765/1 6416/1/1
f 6416/1/1 6400/765/1 6396/691/1
f 6416/1/1 6396/691/1 6392/617/1
f 6392/617/1 6388/546/1 6416/1/1
f 6416/1/1 6388/546/1 6384/474/1
f 6416/1/1 6384/474/1 6380/390/1
f 6380/390/1 6376/306/1 6416/1/1
f 6416/1/1 6376/306/1 6372/226/1
f 6416/1/1 6372/226/1 6368/180/1
f 6178/1822/1 6182/1738/1 6179/2516/1
f 6179/2516/1 6182/1738/1 6240/1737/1
f 6179/2516/1 6240/1737/1 6241/2515/1
f 6241/2515/1 6240/1737/1 6244/1821/1
f 6241/2515/1 6244/1821/1 6245/2435/1
f 6245/2435/1 6244/1821/1 6248/1905/1
f 6245/2435/1 6248/1905/1 6249/2354/1
f 6249/2354/1 6248/1905/1 6252/1993/1
f 6249/2354/1 6252/1993/1 6253/2276/1
f 6253/2276/1 6252/1993/1 6256/2075/1
f 6253/2276/1 6256/2075/1 6257/2200/1
f 6257/2200/1 6256/2075/1 6260/2134/1
f 6257/2200/1 6260/2134/1 6261/2200/1
f 6261/2200/1 6260/2134/1 6264/2134/1
f 6261/2200/1 6264/2134/1 6265/2199/1
f 6265/2199/1 6264/2134/1 6268/2074/1
f 6265/2199/1 6268/2074/1 6269/2275/1
f 6269/2275/1 6268/2074/1 6272/1992/1
f 6269/2275/1 6272/1992/1 6273/2353/1
f 6273/2353/1 6272/1992/1 6276/1904/1
f 6273/2353/1 6276/1904/1 6277/2434/1
f 6277/2434/1 6276/1904/1 6280/1820/1
f 6277/2434/1 6280/1820/1 6281/2514/1
f 6241/2515/1 6237/2595/1 6179/2516/1
f 6179/2516/1 6237/2595/1 6183/2596/1
f 6237/2595/1 6233/2675/1 6183/2596/1
f 6183/2596/1 6233/2675/1 6187/2676/1
f 6233/2675/1 6229/2755/1 6187/2676/1
f 6187/2676/1 6229/2755/1 6191/2756/1
f 6229/2755/1 6225/2839/1 6191/2756/1
f 6191/2756/1 6225/2839/1 6195/2840/1
f 6225/2839/1 6221/3203/1 6195/2840/1
f 6195/2840/1 6221/3203/1 6199/3204/1
f 6221/3203/1 6217/3370/1 6199/3204/1
f 6199/3204/1 6217/3370/1 6203/3371/1
f 6217/3370/1 6213/3587/1 6203/3371/1
f 6203/3371/1 6213/3587/1 6207/3588/1
f 6213/3587/1 6211/3746/1 6207/3588/1
f 6207/3588/1 6211/3746/1 6209/3747/1
f 6211/3746/1 6215/3902/1 6209/3747/1
f 6209/3747/1 6215/3902/1 6205/3903/1
f 6215/3902/1 6219/4099/1 6205/3903/1
f 6205/3903/1 6219/4099/1 6201/4100/1
f 6219/4099/1 6223/4259/1 6201/4100/1
f 6201/4100/1 6223/4259/1 6197/4260/1
f 6223/4259/1 6227/4345/1 6197/4260/1
f 6197/4260/1 6227/4345/1 6193/4348/1
f 6227/4345/1 6231/4507/1 6193/4348/1
f 6193/4348/1 6231/4507/1 6189/4510/1
f 6231/4507/1 6235/4661/1 6189/4510/1
f 6189/4510/1 6235/4661/1 6185/4662/1
f 6235/4661/1 6239/4821/1 6185/4662/1
f 6185/4662/1 6239/4821/1 6181/4822/1
f 6239/4821/1 6243/4981/1 6181/4822/1
f 6181/4822/1 6243/4981/1 6177/4982/1
f 6177/4982/1 6243/4981/1 6173/5066/1
f 6173/5066/1 6243/4981/1 6247/5063/1
f 6173/5066/1 6247/5063/1 6169/5154/1
f 6169/5154/1 6247/5063/1 6251/5148/1
f 6169/5154/1 6251/5148/1 6165/5315/1
f 6165/5315/1 6251/5148/1 6255/5314/1
f 6165/5315/1 6255/5314/1 6415/7996/1
f 6415/7996/1 6255/5314/1 6259/5352/1
f 6415/7996/1 6259/5352/1 6263/5352/1
f 6263/5352/1 6267/5313/1 6415/7996/1
f 6266/184/1 6262/123/1 6416/1/1
f 6416/1/1 6262/123/1 6258/185/1
f 6416/1/1 6258/185/1 6164/188/1
f 6164/188/1 6258/185/1 6254/229/1
f 6164/188/1 6254/229/1 6168/230/1
f 6168/230/1 6254/229/1 6172/314/1
f 6254/229/1 6250/311/1 6172/314/1
f 6172/314/1 6250/311/1 6176/398/1
f 6250/311/1 6246/395/1 6176/398/1
f 6176/398/1 6246/395/1 6180/480/1
f 6246/395/1 6242/478/1 6180/480/1
f 6180/480/1 6242/478/1 6184/552/1
f 6242/478/1 6238/550/1 6184/552/1
f 6184/552/1 6238/550/1 6188/623/1
f 6238/550/1 6234/622/1 6188/623/1
f 6188/623/1 6234/622/1 6192/697/1
f 6234/622/1 6230/696/1 6192/697/1
f 6192/697/1 6230/696/1 6196/773/1
f 6230/696/1 6226/772/1 6196/773/1
f 6196/773/1 6226/772/1 6200/857/1
f 6226/772/1 6222/856/1 6200/857/1
f 6200/857/1 6222/856/1 6204/941/1
f 6222/856/1 6218/940/1 6204/941/1
f 6204/941/1 6218/940/1 6208/1025/1
f 6218/940/1 6214/1024/1 6208/1025/1
f 6208/1025/1 6214/1024/1 6210/1146/1
f 6214/1024/1 6212/1145/1 6210/1146/1
f 6210/1146/1 6212/1145/1 6216/1229/1
f 6210/1146/1 6216/1229/1 6206/1230/1
f 6206/1230/1 6216/1229/1 6220/1317/1
f 6206/1230/1 6220/1317/1 6202/1318/1
f 6202/1318/1 6220/1317/1 6224/1401/1
f 6202/1318/1 6224/1401/1 6198/1402/1
f 6198/1402/1 6224/1401/1 6194/1486/1
f 6224/1401/1 6228/1485/1 6194/1486/1
f 6194/1486/1 6228/1485/1 6190/1570/1
f 6228/1485/1 6232/1569/1 6190/1570/1
f 6190/1570/1 6232/1569/1 6186/1654/1
f 6232/1569/1 6236/1653/1 6186/1654/1
f 6186/1654/1 6236/1653/1 6182/1738/1
f 6236/1653/1 6240/1737/1 6182/1738/1
f 6270/228/1 6266/184/1 6416/1/1
f 6115/3374/1 6118/1319/1 6119/3205/1
f 6119/3205/1 6118/1319/1 6122/1403/1
f 6119/3205/1 6122/1403/1 6123/2841/1
f 6123/2841/1 6122/1403/1 6126/1487/1
f 6123/2841/1 6126/1487/1 6127/2757/1
f 6127/2757/1 6126/1487/1 6130/1571/1
f 6127/2757/1 6130/1571/1 6131/2677/1
f 6131/2677/1 6130/1571/1 6134/1655/1
f 6131/2677/1 6134/1655/1 6135/2597/1
f 6135/2597/1 6134/1655/1 6138/1739/1
f 6135/2597/1 6138/1739/1 6139/2517/1
f 6139/2517/1 6138/1739/1 6142/1823/1
f 6139/2517/1 6142/1823/1 6143/2437/1
f 6143/2437/1 6142/1823/1 6146/1907/1
f 6143/2437/1 6146/1907/1 6147/2356/1
f 6147/2356/1 6146/1907/1 6150/1997/1
f 6147/2356/1 6150/1997/1 6151/2280/1
f 6151/2280/1 6150/1997/1 6154/2078/1
f 6151/2280/1 6154/2078/1 6155/2203/1
f 6155/2203/1 6154/2078/1 6158/2135/1
f 6155/2203/1 6158/2135/1 6159/2203/1
f 6159/2203/1 6158/2135/1 6162/2135/1
f 6159/2203/1 6162/2135/1 6163/2203/1
f 6163/2203/1 6162/2135/1 6166/2077/1
f 6163/2203/1 6166/2077/1 6167/2279/1
f 6167/2279/1 6166/2077/1 6170/1996/1
f 6167/2279/1 6170/1996/1 6171/2355/1
f 6171/2355/1 6170/1996/1 6174/1906/1
f 6171/2355/1 6174/1906/1 6175/2436/1
f 6175/2436/1 6174/1906/1 6178/1822/1
f 6175/2436/1 6178/1822/1 6179/2516/1
f 6149/5155/1 6153/5316/1 6415/7996/1
f 6415/7996/1 6153/5316/1 6157/5353/1
f 6415/7996/1 6157/5353/1 6161/5353/1
f 6161/5353/1 6165/5315/1 6415/7996/1
f 6164/188/1 6160/126/1 6416/1/1
f 6416/1/1 6160/126/1 6156/189/1
f 6416/1/1 6156/189/1 6062/190/1
f 6062/190/1 6156/189/1 6066/238/1
f 6156/189/1 6152/231/1 6066/238/1
f 6066/238/1 6152/231/1 6070/322/1
f 6152/231/1 6148/315/1 6070/322/1
f 6070/322/1 6148/315/1 6074/406/1
f 6148/315/1 6144/399/1 6074/406/1
f 6074/406/1 6144/399/1 6078/487/1
f 6144/399/1 6140/481/1 6078/487/1
f 6078/487/1 6140/481/1 6082/559/1
f 6140/481/1 6136/553/1 6082/559/1
f 6082/559/1 6136/553/1 6086/631/1
f 6136/553/1 6132/625/1 6086/631/1
f 6086/631/1 6132/625/1 6090/705/1
f 6132/625/1 6128/699/1 6090/705/1
f 6090/705/1 6128/699/1 6094/782/1
f 6128/699/1 6124/776/1 6094/782/1
f 6094/782/1 6124/776/1 6098/866/1
f 6124/776/1 6120/860/1 6098/866/1
f 6098/866/1 6120/860/1 6102/950/1
f 6120/860/1 6116/944/1 6102/950/1
f 6102/950/1 6116/944/1 6106/1034/1
f 6116/944/1 6112/1028/1 6106/1034/1
f 6106/1034/1 6112/1028/1 6108/1148/1
f 5974/1826/1 5978/1742/1 5975/2520/1
f 5975/2520/1 5978/1742/1 6036/1741/1
f 5975/2520/1 6036/1741/1 6037/2519/1
f 6037/2519/1 6036/1741/1 6040/1825/1
f 6037/2519/1 6040/1825/1 6041/2439/1
f 6041/2439/1 6040/1825/1 6044/1909/1
f 6041/2439/1 6044/1909/1 6045/2358/1
f 6045/2358/1 6044/1909/1 6048/2005/1
f 6045/2358/1 6048/2005/1 6049/2288/1
f 6049/2288/1 6048/2005/1 6052/2083/1
f 6049/2288/1 6052/2083/1 6053/2210/1
f 6053/2210/1 6052/2083/1 6056/2136/1
f 6053/2210/1 6056/2136/1 6057/2210/1
f 6057/2210/1 6056/2136/1 6060/2136/1
f 6057/2210/1 6060/2136/1 6061/2211/1
f 6061/2211/1 6060/2136/1 6064/2082/1
f 6061/2211/1 6064/2082/1 6065/2287/1
f 6065/2287/1 6064/2082/1 6068/2004/1
f 6065/2287/1 6068/2004/1 6069/2357/1
f 6069/2357/1 6068/2004/1 6072/1908/1
f 6069/2357/1 6072/1908/1 6073/2438/1
f 6073/2438/1 6072/1908/1 6076/1824/1
f 6073/2438/1 6076/1824/1 6077/2518/1
f 6077/2518/1 6076/1824/1 6080/1740/1
f 6077/2518/1 6080/1740/1 6081/2598/1
f 6081/2598/1 6080/1740/1 6084/1656/1
f 6081/2598/1 6084/1656/1 6085/2678/1
f 6085/2678/1 6084/1656/1 6088/1572/1
f 6085/2678/1 6088/1572/1 6089/2758/1
f 6089/2758/1 6088/1572/1 6092/1488/1
f 6089/2758/1 6092/1488/1 6093/2842/1
f 6093/2842/1 6092/1488/1 6096/1404/1
f 6093/2842/1 6096/1404/1 6097/3206/1
f 6097/3206/1 6096/1404/1 6100/1320/1
f 6097/3206/1 6100/1320/1 6101/3380/1
f 6037/2519/1 6033/2599/1 5975/2520/1
f 5975/2520/1 6033/2599/1 5979/2600/1
f 6033/2599/1 6029/2679/1 5979/2600/1
f 5979/2600/1 6029/2679/1 5983/2680/1
f 6029/2679/1 6025/2759/1 5983/2680/1
f 5983/2680/1 6025/2759/1 5987/2760/1
f 6025/2759/1 6021/2843/1 5987/2760/1
f 5987/2760/1 6021/2843/1 5991/2844/1
f 6021/2843/1 6017/3207/1 5991/2844/1
f 5991/2844/1 6017/3207/1 5995/3208/1
f 6017/3207/1 6013/3383/1 5995/3208/1
f 5995/3208/1 6013/3383/1 5999/3384/1
f 6013/3383/1 6009/3591/1 5999/3384/1
f 5999/3384/1 6009/3591/1 6003/3592/1
f 6009/3591/1 6007/3761/1 6003/3592/1
f 6003/3592/1 6007/3761/1 6005/3762/1
f 6007/3761/1 6011/3913/1 6005/3762/1
f 6005/3762/1 6011/3913/1 6001/3914/1
f 6011/3913/1 6015/4103/1 6001/3914/1
f 6001/3914/1 6015/4103/1 5997/4104/1
f 6015/4103/1 6019/4263/1 5997/4104/1
f 5997/4104/1 6019/4263/1 5993/4264/1
f 6019/4263/1 6023/4360/1 5993/4264/1
f 5993/4264/1 6023/4360/1 5989/4363/1
f 6023/4360/1 6027/4522/1 5989/4363/1
f 5989/4363/1 6027/4522/1 5985/4525/1
f 6027/4522/1 6031/4665/1 5985/4525/1
f 5985/4525/1 6031/4665/1 5981/4666/1
f 6031/4665/1 6035/4825/1 5981/4666/1
f 5981/4666/1 6035/4825/1 5977/4826/1
f 6035/4825/1 6039/4985/1 5977/4826/1
f 5977/4826/1 6039/4985/1 5973/4986/1
f 6039/4985/1 6043/5075/1 5973/4986/1
f 5973/4986/1 6043/5075/1 5969/5076/1
f 6043/5075/1 6047/5170/1 5969/5076/1
f 5969/5076/1 6047/5170/1 5965/5173/1
f 6047/5170/1 6051/5318/1 5965/5173/1
f 5965/5173/1 6051/5318/1 5961/5319/1
f 5961/5319/1 6051/5318/1 5957/5355/1
f 5957/5355/1 6051/5318/1 6055/5354/1
f 5957/5355/1 6055/5354/1 5615/8030/1
f 5964/240/1 5960/192/1 6054/191/1
f 6054/191/1 5960/192/1 5956/134/1
f 6054/191/1 5956/134/1 6058/133/1
f 6058/133/1 5956/134/1 6416/1/1
f 6058/133/1 6416/1/1 6062/190/1
f 6054/191/1 6050/239/1 5964/240/1
f 5964/240/1 6050/239/1 5968/324/1
f 6050/239/1 6046/323/1 5968/324/1
f 5968/324/1 6046/323/1 5972/408/1
f 6046/323/1 6042/407/1 5972/408/1
f 5972/408/1 6042/407/1 5976/489/1
f 6042/407/1 6038/488/1 5976/489/1
f 5976/489/1 6038/488/1 5980/561/1
f 6038/488/1 6034/560/1 5980/561/1
f 5980/561/1 6034/560/1 5984/633/1
f 6034/560/1 6030/632/1 5984/633/1
f 5984/633/1 6030/632/1 5988/707/1
f 6030/632/1 6026/706/1 5988/707/1
f 5988/707/1 6026/706/1 5992/784/1
f 6026/706/1 6022/783/1 5992/784/1
f 5992/784/1 6022/783/1 5996/868/1
f 6022/783/1 6018/867/1 5996/868/1
f 5996/868/1 6018/867/1 6000/952/1
f 6018/867/1 6014/951/1 6000/952/1
f 6000/952/1 6014/951/1 6004/1036/1
f 6014/951/1 6010/1035/1 6004/1036/1
f 6004/1036/1 6010/1035/1 6006/1150/1
f 6010/1035/1 6008/1149/1 6006/1150/1
f 6006/1150/1 6008/1149/1 6012/1233/1
f 6006/1150/1 6012/1233/1 6002/1234/1
f 6002/1234/1 6012/1233/1 6016/1321/1
f 6002/1234/1 6016/1321/1 5998/1322/1
f 5998/1322/1 6016/1321/1 6020/1405/1
f 5998/1322/1 6020/1405/1 5994/1406/1
f 5994/1406/1 6020/1405/1 5990/1490/1
f 6020/1405/1 6024/1489/1 5990/1490/1
f 5990/1490/1 6024/1489/1 5986/1574/1
f 6024/1489/1 6028/1573/1 5986/1574/1
f 5986/1574/1 6028/1573/1 5982/1658/1
f 6028/1573/1 6032/1657/1 5982/1658/1
f 5982/1658/1 6032/1657/1 5978/1742/1
f 6032/1657/1 6036/1741/1 5978/1742/1
f 5872/1828/1 5876/1744/1 5873/2522/1
f 5873/2522/1 5876/1744/1 5934/1743/1
f 5873/2522/1 5934/1743/1 5935/2521/1
f 5935/2521/1 5934/1743/1 5938/1827/1
f 5935/2521/1 5938/1827/1 5939/2441/1
f 5939/2441/1 5938/1827/1 5942/1911/1
f 5939/2441/1 5942/1911/1 5943/2360/1
f 5943/2360/1 5942/1911/1 5946/2007/1
f 5943/2360/1 5946/2007/1 5947/2290/1
f 5947/2290/1 5946/2007/1 5950/2085/1
f 5947/2290/1 5950/2085/1 5951/2212/1
f 5951/2212/1 5950/2085/1 5954/2137/1
f 5951/2212/1 5954/2137/1 5955/2212/1
f 5955/2212/1 5954/2137/1 5958/2137/1
f 5955/2212/1 5958/2137/1 5959/2212/1
f 5959/2212/1 5958/2137/1 5962/2084/1
f 5959/2212/1 5962/2084/1 5963/2289/1
f 5963/2289/1 5962/2084/1 5966/2006/1
f 5963/2289/1 5966/2006/1 5967/2359/1
f 5967/2359/1 5966/2006/1 5970/1910/1
f 5967/2359/1 5970/1910/1 5971/2440/1
f 5971/2440/1 5970/1910/1 5974/1826/1
f 5971/2440/1 5974/1826/1 5975/2520/1
f 5935/2521/1 5931/2601/1 5873/2522/1
f 5873/2522/1 5931/2601/1 5877/2602/1
f 5931/2601/1 5927/2681/1 5877/2602/1
f 5877/2602/1 5927/2681/1 5881/2682/1
f 5927/2681/1 5923/2761/1 5881/2682/1
f 5881/2682/1 5923/2761/1 5885/2762/1
f 5923/2761/1 5919/2845/1 5885/2762/1
f 5885/2762/1 5919/2845/1 5889/2846/1
f 5919/2845/1 5915/3209/1 5889/2846/1
f 5889/2846/1 5915/3209/1 5893/3210/1
f 5915/3209/1 5911/3387/1 5893/3210/1
f 5893/3210/1 5911/3387/1 5897/3388/1
f 5911/3387/1 5907/3593/1 5897/3388/1
f 5897/3388/1 5907/3593/1 5901/3594/1
f 5907/3593/1 5905/3765/1 5901/3594/1
f 5901/3594/1 5905/3765/1 5903/3766/1
f 5905/3765/1 5909/3915/1 5903/3766/1
f 5903/3766/1 5909/3915/1 5899/3916/1
f 5909/3915/1 5913/4105/1 5899/3916/1
f 5899/3916/1 5913/4105/1 5895/4106/1
f 5913/4105/1 5917/4265/1 5895/4106/1
f 5895/4106/1 5917/4265/1 5891/4266/1
f 5917/4265/1 5921/4364/1 5891/4266/1
f 5891/4266/1 5921/4364/1 5887/4367/1
f 5921/4364/1 5925/4526/1 5887/4367/1
f 5887/4367/1 5925/4526/1 5883/4529/1
f 5925/4526/1 5929/4667/1 5883/4529/1
f 5883/4529/1 5929/4667/1 5879/4668/1
f 5929/4667/1 5933/4827/1 5879/4668/1
f 5879/4668/1 5933/4827/1 5875/4828/1
f 5933/4827/1 5937/4987/1 5875/4828/1
f 5875/4828/1 5937/4987/1 5871/4988/1
f 5937/4987/1 5941/5077/1 5871/4988/1
f 5871/4988/1 5941/5077/1 5867/5078/1
f 5941/5077/1 5945/5174/1 5867/5078/1
f 5867/5078/1 5945/5174/1 5863/5177/1
f 5945/5174/1 5949/5320/1 5863/5177/1
f 5863/5177/1 5949/5320/1 5859/5321/1
f 5859/5321/1 5949/5320/1 5615/8030/1
f 5615/8030/1 5949/5320/1 5953/5355/1
f 5615/8030/1 5953/5355/1 5957/5355/1
f 5906/1151/1 5904/1152/1 5908/1037/1
f 5908/1037/1 5904/1152/1 5902/1038/1
f 5908/1037/1 5902/1038/1 5912/953/1
f 5912/953/1 5902/1038/1 5898/954/1
f 5912/953/1 5898/954/1 5916/869/1
f 5916/869/1 5898/954/1 5894/870/1
f 5916/869/1 5894/870/1 5920/785/1
f 5920/785/1 5894/870/1 5890/786/1
f 5920/785/1 5890/786/1 5924/708/1
f 5924/708/1 5890/786/1 5886/709/1
f 5924/708/1 5886/709/1 5928/634/1
f 5928/634/1 5886/709/1 5882/635/1
f 5928/634/1 5882/635/1 5932/562/1
f 5932/562/1 5882/635/1 5878/563/1
f 5932/562/1 5878/563/1 5936/490/1
f 5936/490/1 5878/563/1 5874/491/1
f 5936/490/1 5874/491/1 5940/409/1
f 5940/409/1 5874/491/1 5870/410/1
f 5940/409/1 5870/410/1 5944/325/1
f 5944/325/1 5870/410/1 5866/326/1
f 5944/325/1 5866/326/1 5948/241/1
f 5948/241/1 5866/326/1 5862/242/1
f 5948/241/1 5862/242/1 5952/193/1
f 5952/193/1 5862/242/1 5858/194/1
f 5952/193/1 5858/194/1 5956/134/1
f 5956/134/1 5858/194/1 5854/135/1
f 5956/134/1 5854/135/1 6416/1/1
f 6416/1/1 5854/135/1 5752/136/1
f 6416/1/1 5752/136/1 5650/137/1
f 5650/137/1 5752/136/1 5654/198/1
f 5906/1151/1 5910/1235/1 5904/1152/1
f 5904/1152/1 5910/1235/1 5900/1236/1
f 5910/1235/1 5914/1323/1 5900/1236/1
f 5900/1236/1 5914/1323/1 5896/1324/1
f 5914/1323/1 5918/1407/1 5896/1324/1
f 5896/1324/1 5918/1407/1 5892/1408/1
f 5892/1408/1 5918/1407/1 5888/1492/1
f 5888/1492/1 5918/1407/1 5922/1491/1
f 5888/1492/1 5922/1491/1 5884/1576/1
f 5884/1576/1 5922/1491/1 5926/1575/1
f 5884/1576/1 5926/1575/1 5880/1660/1
f 5880/1660/1 5926/1575/1 5930/1659/1
f 5880/1660/1 5930/1659/1 5876/1744/1
f 5876/1744/1 5930/1659/1 5934/1743/1
f 5825/2683/1 5828/1661/1 5829/2603/1
f 5829/2603/1 5828/1661/1 5832/1745/1
f 5829/2603/1 5832/1745/1 5833/2523/1
f 5833/2523/1 5832/1745/1 5836/1829/1
f 5833/2523/1 5836/1829/1 5837/2443/1
f 5837/2443/1 5836/1829/1 5840/1913/1
f 5837/2443/1 5840/1913/1 5841/2362/1
f 5841/2362/1 5840/1913/1 5844/2009/1
f 5841/2362/1 5844/2009/1 5845/2292/1
f 5845/2292/1 5844/2009/1 5848/2087/1
f 5845/2292/1 5848/2087/1 5849/2213/1
f 5849/2213/1 5848/2087/1 5852/2138/1
f 5849/2213/1 5852/2138/1 5853/2213/1
f 5853/2213/1 5852/2138/1 5856/2138/1
f 5853/2213/1 5856/2138/1 5857/2213/1
f 5857/2213/1 5856/2138/1 5860/2086/1
f 5857/2213/1 5860/2086/1 5861/2291/1
f 5861/2291/1 5860/2086/1 5864/2008/1
f 5861/2291/1 5864/2008/1 5865/2361/1
f 5865/2361/1 5864/2008/1 5868/1912/1
f 5865/2361/1 5868/1912/1 5869/2442/1
f 5869/2442/1 5868/1912/1 5872/1828/1
f 5869/2442/1 5872/1828/1 5873/2522/1
f 5843/5178/1 5847/5322/1 5615/8030/1
f 5615/8030/1 5847/5322/1 5851/5356/1
f 5615/8030/1 5851/5356/1 5855/5356/1
f 5855/5356/1 5859/5321/1 5615/8030/1
f 5752/136/1 5854/135/1 5756/196/1
f 5756/196/1 5854/135/1 5850/195/1
f 5756/196/1 5850/195/1 5760/244/1
f 5760/244/1 5850/195/1 5846/243/1
f 5760/244/1 5846/243/1 5764/328/1
f 5764/328/1 5846/243/1 5842/327/1
f 5764/328/1 5842/327/1 5768/412/1
f 5768/412/1 5842/327/1 5838/411/1
f 5768/412/1 5838/411/1 5772/493/1
f 5772/493/1 5838/411/1 5834/492/1
f 5772/493/1 5834/492/1 5776/565/1
f 5776/565/1 5834/492/1 5830/564/1
f 5776/565/1 5830/564/1 5780/637/1
f 5780/637/1 5830/564/1 5826/636/1
f 5780/637/1 5826/636/1 5784/711/1
f 5784/711/1 5826/636/1 5822/710/1
f 5784/711/1 5822/710/1 5788/788/1
f 5788/788/1 5822/710/1 5818/787/1
f 5788/788/1 5818/787/1 5792/872/1
f 5792/872/1 5818/787/1 5814/871/1
f 5792/872/1 5814/871/1 5796/956/1
f 5796/956/1 5814/871/1 5810/955/1
f 5796/956/1 5810/955/1 5800/1040/1
f 5800/1040/1 5810/955/1 5806/1039/1
f 5800/1040/1 5806/1039/1 5802/1154/1
f 5802/1154/1 5806/1039/1 5804/1153/1
f 5802/1154/1 5804/1153/1 5808/1237/1
f 5802/1154/1 5808/1237/1 5798/1238/1
f 5798/1238/1 5808/1237/1 5812/1325/1
f 5798/1238/1 5812/1325/1 5794/1326/1
f 5794/1326/1 5812/1325/1 5816/1409/1
f 5794/1326/1 5816/1409/1 5790/1410/1
f 5790/1410/1 5816/1409/1 5820/1493/1
f 5790/1410/1 5820/1493/1 5786/1494/1
f 5786/1494/1 5820/1493/1 5824/1577/1
f 5786/1494/1 5824/1577/1 5782/1578/1
f 5782/1578/1 5824/1577/1 5779/2684/1
f 5782/1578/1 5779/2684/1 5778/1662/1
f 5778/1662/1 5779/2684/1 5775/2604/1
f 5778/1662/1 5775/2604/1 5774/1746/1
f 5774/1746/1 5775/2604/1 5771/2524/1
f 5774/1746/1 5771/2524/1 5770/1830/1
f 5770/1830/1 5771/2524/1 5767/2444/1
f 5770/1830/1 5767/2444/1 5766/1914/1
f 5766/1914/1 5767/2444/1 5763/2363/1
f 5766/1914/1 5763/2363/1 5762/2010/1
f 5762/2010/1 5763/2363/1 5759/2293/1
f 5762/2010/1 5759/2293/1 5758/2088/1
f 5758/2088/1 5759/2293/1 5755/2214/1
f 5758/2088/1 5755/2214/1 5754/2139/1
f 5754/2139/1 5755/2214/1 5751/2214/1
f 5754/2139/1 5751/2214/1 5750/2139/1
f 5750/2139/1 5751/2214/1 5747/2215/1
f 5750/2139/1 5747/2215/1 5746/2089/1
f 5746/2089/1 5747/2215/1 5743/2294/1
f 5746/2089/1 5743/2294/1 5742/2011/1
f 5742/2011/1 5743/2294/1 5739/2364/1
f 5742/2011/1 5739/2364/1 5738/1915/1
f 5738/1915/1 5739/2364/1 5735/2445/1
f 5738/1915/1 5735/2445/1 5734/1831/1
f 5734/1831/1 5735/2445/1 5731/2525/1
f 5734/1831/1 5731/2525/1 5730/1747/1
f 5730/1747/1 5731/2525/1 5669/2526/1
f 5730/1747/1 5669/2526/1 5672/1748/1
f 5672/1748/1 5669/2526/1 5668/1832/1
f 5360/1838/1 5364/1754/1 5361/2532/1
f 5361/2532/1 5364/1754/1 5422/1753/1
f 5361/2532/1 5422/1753/1 5423/2531/1
f 5423/2531/1 5422/1753/1 5426/1837/1
f 5423/2531/1 5426/1837/1 5427/2451/1
f 5427/2451/1 5426/1837/1 5430/1921/1
f 5427/2451/1 5430/1921/1 5431/2370/1
f 5431/2370/1 5430/1921/1 5434/2017/1
f 5431/2370/1 5434/2017/1 5435/2300/1
f 5435/2300/1 5434/2017/1 5438/2095/1
f 5435/2300/1 5438/2095/1 5439/2221/1
f 5439/2221/1 5438/2095/1 5442/2142/1
f 5439/2221/1 5442/2142/1 5443/2220/1
f 5443/2220/1 5442/2142/1 5446/2142/1
f 5443/2220/1 5446/2142/1 5447/2220/1
f 5447/2220/1 5446/2142/1 5450/2094/1
f 5447/2220/1 5450/2094/1 5451/2299/1
f 5451/2299/1 5450/2094/1 5454/2016/1
f 5451/2299/1 5454/2016/1 5455/2369/1
f 5455/2369/1 5454/2016/1 5458/1920/1
f 5455/2369/1 5458/1920/1 5459/2450/1
f 5459/2450/1 5458/1920/1 5462/1836/1
f 5459/2450/1 5462/1836/1 5463/2530/1
f 5463/2530/1 5462/1836/1 5466/1752/1
f 5463/2530/1 5466/1752/1 5467/2610/1
f 5467/2610/1 5466/1752/1 5470/1668/1
f 5467/2610/1 5470/1668/1 5471/2690/1
f 5471/2690/1 5470/1668/1 5474/1584/1
f 5471/2690/1 5474/1584/1 5516/1583/1
f 5516/1583/1 5474/1584/1 5478/1500/1
f 5516/1583/1 5478/1500/1 5512/1499/1
f 5512/1499/1 5478/1500/1 5482/1416/1
f 5512/1499/1 5482/1416/1 5508/1415/1
f 5508/1415/1 5482/1416/1 5486/1332/1
f 5508/1415/1 5486/1332/1 5504/1331/1
f 5504/1331/1 5486/1332/1 5490/1244/1
f 5504/1331/1 5490/1244/1 5500/1243/1
f 5500/1243/1 5490/1244/1 5494/1160/1
f 5500/1243/1 5494/1160/1 5496/1159/1
f 5496/1159/1 5494/1160/1 5498/1045/1
f 5423/2531/1 5419/2611/1 5361/2532/1
f 5361/2532/1 5419/2611/1 5365/2612/1
f 5419/2611/1 5415/2691/1 5365/2612/1
f 5365/2612/1 5415/2691/1 5369/2692/1
f 5415/2691/1 5411/2771/1 5369/2692/1
f 5369/2692/1 5411/2771/1 5373/2772/1
f 5411/2771/1 5407/2855/1 5373/2772/1
f 5373/2772/1 5407/2855/1 5377/2856/1
f 5407/2855/1 5403/3219/1 5377/2856/1
f 5377/2856/1 5403/3219/1 5381/3220/1
f 5403/3219/1 5399/3407/1 5381/3220/1
f 5381/3220/1 5399/3407/1 5385/3408/1
f 5399/3407/1 5395/3603/1 5385/3408/1
f 5385/3408/1 5395/3603/1 5389/3604/1
f 5395/3603/1 5393/3786/1 5389/3604/1
f 5389/3604/1 5393/3786/1 5391/3787/1
f 5393/3786/1 5397/3926/1 5391/3787/1
f 5391/3787/1 5397/3926/1 5387/3927/1
f 5397/3926/1 5401/4115/1 5387/3927/1
f 5387/3927/1 5401/4115/1 5383/4116/1
f 5401/4115/1 5405/4275/1 5383/4116/1
f 5383/4116/1 5405/4275/1 5379/4276/1
f 5405/4275/1 5409/4385/1 5379/4276/1
f 5379/4276/1 5409/4385/1 5375/4388/1
f 5409/4385/1 5413/4547/1 5375/4388/1
f 5375/4388/1 5413/4547/1 5371/4550/1
f 5413/4547/1 5417/4677/1 5371/4550/1
f 5371/4550/1 5417/4677/1 5367/4678/1
f 5417/4677/1 5421/4837/1 5367/4678/1
f 5367/4678/1 5421/4837/1 5363/4838/1
f 5421/4837/1 5425/4997/1 5363/4838/1
f 5363/4838/1 5425/4997/1 5359/4998/1
f 5425/4997/1 5429/5087/1 5359/4998/1
f 5359/4998/1 5429/5087/1 5355/5090/1
f 5355/5090/1 5429/5087/1 5351/5200/1
f 5351/5200/1 5429/5087/1 5433/5194/1
f 5351/5200/1 5433/5194/1 5347/5331/1
f 5347/5331/1 5433/5194/1 5437/5330/1
f 5347/5331/1 5437/5330/1 5343/5361/1
f 5343/5361/1 5437/5330/1 5441/5360/1
f 5343/5361/1 5441/5360/1 5616/7019/1
f 5616/7019/1 5441/5360/1 5445/5360/1
f 5616/7019/1 5445/5360/1 5449/5329/1
f 5449/5329/1 5453/5193/1 5616/7019/1
f 5616/7019/1 5453/5193/1 5457/5086/1
f 5616/7019/1 5457/5086/1 5531/5085/1
f 5531/5085/1 5457/5086/1 5527/4995/1
f 5457/5086/1 5461/4996/1 5527/4995/1
f 5527/4995/1 5461/4996/1 5523/4835/1
f 5461/4996/1 5465/4836/1 5523/4835/1
f 5523/4835/1 5465/4836/1 5519/4675/1
f 5465/4836/1 5469/4676/1 5519/4675/1
f 5519/4675/1 5469/4676/1 5473/4545/1
f 5519/4675/1 5473/4545/1 5515/4542/1
f 5515/4542/1 5473/4545/1 5477/4383/1
f 5515/4542/1 5477/4383/1 5511/4380/1
f 5511/4380/1 5477/4383/1 5481/4274/1
f 5511/4380/1 5481/4274/1 5507/4273/1
f 5507/4273/1 5481/4274/1 5485/4114/1
f 5507/4273/1 5485/4114/1 5503/4113/1
f 5503/4113/1 5485/4114/1 5489/3924/1
f 5503/4113/1 5489/3924/1 5499/3923/1
f 5499/3923/1 5489/3924/1 5493/3782/1
f 5499/3923/1 5493/3782/1 5495/3781/1
f 5495/3781/1 5493/3782/1 5491/3602/1
f 5495/3781/1 5491/3602/1 5497/3601/1
f 5497/3601/1 5491/3602/1 5487/3404/1
f 5497/3601/1 5487/3404/1 5501/3403/1
f 5501/3403/1 5487/3404/1 5483/3218/1
f 5501/3403/1 5483/3218/1 5505/3217/1
f 5505/3217/1 5483/3218/1 5479/2854/1
f 5505/3217/1 5479/2854/1 5509/2853/1
f 5509/2853/1 5479/2854/1 5475/2770/1
f 5509/2853/1 5475/2770/1 5513/2769/1
f 5513/2769/1 5475/2770/1 5471/2690/1
f 5513/2769/1 5471/2690/1 5517/2689/1
f 5517/2689/1 5471/2690/1 5516/1583/1
f 5517/2689/1 5516/1583/1 5520/1667/1
f 5394/1161/1 5392/1162/1 5396/1048/1
f 5396/1048/1 5392/1162/1 5390/1049/1
f 5396/1048/1 5390/1049/1 5400/964/1
f 5400/964/1 5390/1049/1 5386/965/1
f 5400/964/1 5386/965/1 5404/880/1
f 5404/880/1 5386/965/1 5382/881/1
f 5404/880/1 5382/881/1 5408/796/1
f 5408/796/1 5382/881/1 5378/797/1
f 5408/796/1 5378/797/1 5412/719/1
f 5412/719/1 5378/797/1 5374/720/1
f 5412/719/1 5374/720/1 5416/645/1
f 5416/645/1 5374/720/1 5370/646/1
f 5416/645/1 5370/646/1 5420/572/1
f 5420/572/1 5370/646/1 5366/574/1
f 5420/572/1 5366/574/1 5424/500/1
f 5424/500/1 5366/574/1 5362/502/1
f 5424/500/1 5362/502/1 5428/419/1
f 5428/419/1 5362/502/1 5358/422/1
f 5428/419/1 5358/422/1 5432/335/1
f 5432/335/1 5358/422/1 5354/338/1
f 5432/335/1 5354/338/1 5436/251/1
f 5436/251/1 5354/338/1 5350/254/1
f 5436/251/1 5350/254/1 5440/203/1
f 5440/203/1 5350/254/1 5346/204/1
f 5440/203/1 5346/204/1 5444/139/1
f 5444/139/1 5346/204/1 5342/142/1
f 5444/139/1 5342/142/1 6416/1/1
f 5394/1161/1 5398/1245/1 5392/1162/1
f 5392/1162/1 5398/1245/1 5388/1246/1
f 5398/1245/1 5402/1333/1 5388/1246/1
f 5388/1246/1 5402/1333/1 5384/1334/1
f 5402/1333/1 5406/1417/1 5384/1334/1
f 5384/1334/1 5406/1417/1 5380/1418/1
f 5380/1418/1 5406/1417/1 5376/1502/1
f 5376/1502/1 5406/1417/1 5410/1501/1
f 5376/1502/1 5410/1501/1 5372/1586/1
f 5372/1586/1 5410/1501/1 5414/1585/1
f 5372/1586/1 5414/1585/1 5368/1670/1
f 5368/1670/1 5414/1585/1 5418/1669/1
f 5368/1670/1 5418/1669/1 5364/1754/1
f 5364/1754/1 5418/1669/1 5422/1753/1
f 5494/1160/1 5492/1046/1 5498/1045/1
f 5498/1045/1 5492/1046/1 5502/961/1
f 5492/1046/1 5488/962/1 5502/961/1
f 5502/961/1 5488/962/1 5506/877/1
f 5488/962/1 5484/878/1 5506/877/1
f 5506/877/1 5484/878/1 5510/793/1
f 5484/878/1 5480/794/1 5510/793/1
f 5510/793/1 5480/794/1 5514/716/1
f 5480/794/1 5476/717/1 5514/716/1
f 5514/716/1 5476/717/1 5518/642/1
f 5476/717/1 5472/643/1 5518/642/1
f 5518/642/1 5472/643/1 5522/570/1
f 5472/643/1 5468/571/1 5522/570/1
f 5522/570/1 5468/571/1 5526/498/1
f 5468/571/1 5464/499/1 5526/498/1
f 5526/498/1 5464/499/1 5530/417/1
f 5464/499/1 5460/418/1 5530/417/1
f 5530/417/1 5460/418/1 5534/333/1
f 5460/418/1 5456/334/1 5534/333/1
f 5534/333/1 5456/334/1 5538/249/1
f 5456/334/1 5452/250/1 5538/249/1
f 5538/249/1 5452/250/1 5542/201/1
f 5452/250/1 5448/202/1 5542/201/1
f 5542/201/1 5448/202/1 5546/138/1
f 5448/202/1 5444/139/1 5546/138/1
f 5546/138/1 5444/139/1 6416/1/1
f 5546/138/1 6416/1/1 5650/137/1
f 5258/1840/1 5262/1756/1 5259/2534/1
f 5259/2534/1 5262/1756/1 5320/1755/1
f 5259/2534/1 5320/1755/1 5321/2533/1
f 5321/2533/1 5320/1755/1 5324/1839/1
f 5321/2533/1 5324/1839/1 5325/2453/1
f 5325/2453/1 5324/1839/1 5328/1923/1
f 5325/2453/1 5328/1923/1 5329/2372/1
f 5329/2372/1 5328/1923/1 5332/2021/1
f 5329/2372/1 5332/2021/1 5333/2304/1
f 5333/2304/1 5332/2021/1 5336/2098/1
f 5333/2304/1 5336/2098/1 5337/2225/1
f 5337/2225/1 5336/2098/1 5340/2143/1
f 5337/2225/1 5340/2143/1 5341/2225/1
f 5341/2225/1 5340/2143/1 5344/2143/1
f 5341/2225/1 5344/2143/1 5345/2224/1
f 5345/2224/1 5344/2143/1 5348/2097/1
f 5345/2224/1 5348/2097/1 5349/2303/1
f 5349/2303/1 5348/2097/1 5352/2020/1
f 5349/2303/1 5352/2020/1 5353/2371/1
f 5353/2371/1 5352/2020/1 5356/1922/1
f 5353/2371/1 5356/1922/1 5357/2452/1
f 5357/2452/1 5356/1922/1 5360/1838/1
f 5357/2452/1 5360/1838/1 5361/2532/1
f 5321/2533/1 5317/2613/1 5259/2534/1
f 5259/2534/1 5317/2613/1 5263/2614/1
f 5317/2613/1 5313/2693/1 5263/2614/1
f 5263/2614/1 5313/2693/1 5267/2694/1
f 5313/2693/1 5309/2773/1 5267/2694/1
f 5267/2694/1 5309/2773/1 5271/2774/1
f 5309/2773/1 5305/2857/1 5271/2774/1
f 5271/2774/1 5305/2857/1 5275/2858/1
f 5305/2857/1 5301/3221/1 5275/2858/1
f 5275/2858/1 5301/3221/1 5279/3222/1
f 5301/3221/1 5297/3411/1 5279/3222/1
f 5279/3222/1 5297/3411/1 5283/3412/1
f 5297/3411/1 5293/3605/1 5283/3412/1
f 5283/3412/1 5293/3605/1 5287/3606/1
f 5293/3605/1 5291/3792/1 5287/3606/1
f 5287/3606/1 5291/3792/1 5289/3793/1
f 5291/3792/1 5295/3930/1 5289/3793/1
f 5289/3793/1 5295/3930/1 5285/3931/1
f 5295/3930/1 5299/4117/1 5285/3931/1
f 5285/3931/1 5299/4117/1 5281/4118/1
f 5299/4117/1 5303/4277/1 5281/4118/1
f 5281/4118/1 5303/4277/1 5277/4278/1
f 5303/4277/1 5307/4391/1 5277/4278/1
f 5277/4278/1 5307/4391/1 5273/4394/1
f 5307/4391/1 5311/4553/1 5273/4394/1
f 5273/4394/1 5311/4553/1 5269/4556/1
f 5311/4553/1 5315/4679/1 5269/4556/1
f 5269/4556/1 5315/4679/1 5265/4680/1
f 5315/4679/1 5319/4839/1 5265/4680/1
f 5265/4680/1 5319/4839/1 5261/4840/1
f 5319/4839/1 5323/4999/1 5261/4840/1
f 5261/4840/1 5323/4999/1 5257/5000/1
f 5323/4999/1 5327/5091/1 5257/5000/1
f 5257/5000/1 5327/5091/1 5253/5094/1
f 5327/5091/1 5331/5201/1 5253/5094/1
f 5253/5094/1 5331/5201/1 5249/5207/1
f 5249/5207/1 5331/5201/1 5245/5333/1
f 5245/5333/1 5331/5201/1 5335/5332/1
f 5245/5333/1 5335/5332/1 5241/5362/1
f 5241/5362/1 5335/5332/1 5339/5361/1
f 5241/5362/1 5339/5361/1 5616/7019/1
f 5616/7019/1 5339/5361/1 5343/5361/1
f 5292/1163/1 5296/1247/1 5290/1164/1
f 5290/1164/1 5296/1247/1 5286/1248/1
f 5296/1247/1 5300/1335/1 5286/1248/1
f 5286/1248/1 5300/1335/1 5282/1336/1
f 5300/1335/1 5304/1419/1 5282/1336/1
f 5282/1336/1 5304/1419/1 5278/1420/1
f 5278/1420/1 5304/1419/1 5274/1504/1
f 5274/1504/1 5304/1419/1 5308/1503/1
f 5274/1504/1 5308/1503/1 5270/1588/1
f 5270/1588/1 5308/1503/1 5312/1587/1
f 5270/1588/1 5312/1587/1 5266/1672/1
f 5266/1672/1 5312/1587/1 5316/1671/1
f 5266/1672/1 5316/1671/1 5262/1756/1
f 5262/1756/1 5316/1671/1 5320/1755/1
f 5191/3607/1 5194/1249/1 5195/3415/1
f 5195/3415/1 5194/1249/1 5198/1337/1
f 5195/3415/1 5198/1337/1 5199/3223/1
f 5199/3223/1 5198/1337/1 5202/1421/1
f 5199/3223/1 5202/1421/1 5203/2859/1
f 5203/2859/1 5202/1421/1 5206/1505/1
f 5203/2859/1 5206/1505/1 5207/2775/1
f 5207/2775/1 5206/1505/1 5210/1589/1
f 5207/2775/1 5210/1589/1 5211/2695/1
f 5211/2695/1 5210/1589/1 5214/1673/1
f 5211/2695/1 5214/1673/1 5215/2615/1
f 5215/2615/1 5214/1673/1 5218/1757/1
f 5215/2615/1 5218/1757/1 5219/2535/1
f 5219/2535/1 5218/1757/1 5222/1841/1
f 5219/2535/1 5222/1841/1 5223/2455/1
f 5223/2455/1 5222/1841/1 5226/1925/1
f 5223/2455/1 5226/1925/1 5227/2374/1
f 5227/2374/1 5226/1925/1 5230/2025/1
f 5227/2374/1 5230/2025/1 5231/2308/1
f 5231/2308/1 5230/2025/1 5234/2101/1
f 5231/2308/1 5234/2101/1 5235/2228/1
f 5235/2228/1 5234/2101/1 5238/2144/1
f 5235/2228/1 5238/2144/1 5239/2228/1
f 5239/2228/1 5238/2144/1 5242/2144/1
f 5239/2228/1 5242/2144/1 5243/2229/1
f 5243/2229/1 5242/2144/1 5246/2100/1
f 5243/2229/1 5246/2100/1 5247/2307/1
f 5247/2307/1 5246/2100/1 5250/2024/1
f 5247/2307/1 5250/2024/1 5251/2373/1
f 5251/2373/1 5250/2024/1 5254/1924/1
f 5251/2373/1 5254/1924/1 5255/2454/1
f 5255/2454/1 5254/1924/1 5258/1840/1
f 5255/2454/1 5258/1840/1 5259/2534/1
f 5233/5334/1 5237/5362/1 5616/7019/1
f 5616/7019/1 5237/5362/1 5241/5362/1
f 5138/148/1 5240/145/1 5142/208/1
f 5142/208/1 5240/145/1 5236/207/1
f 5142/208/1 5236/207/1 5146/262/1
f 5146/262/1 5236/207/1 5232/259/1
f 5146/262/1 5232/259/1 5150/346/1
f 5150/346/1 5232/259/1 5228/343/1
f 5150/346/1 5228/343/1 5154/430/1
f 5154/430/1 5228/343/1 5224/427/1
f 5154/430/1 5224/427/1 5158/508/1
f 5158/508/1 5224/427/1 5220/506/1
f 5158/508/1 5220/506/1 5162/580/1
f 5162/580/1 5220/506/1 5216/578/1
f 5162/580/1 5216/578/1 5166/653/1
f 5166/653/1 5216/578/1 5212/651/1
f 5166/653/1 5212/651/1 5170/727/1
f 5170/727/1 5212/651/1 5208/725/1
f 5170/727/1 5208/725/1 5174/806/1
f 5174/806/1 5208/725/1 5204/804/1
f 5174/806/1 5204/804/1 5178/890/1
f 5178/890/1 5204/804/1 5200/888/1
f 5178/890/1 5200/888/1 5182/974/1
f 5182/974/1 5200/888/1 5196/972/1
f 5182/974/1 5196/972/1 5186/1058/1
f 5186/1058/1 5196/972/1 5192/1056/1
f 5186/1058/1 5192/1056/1 5188/1166/1
f 5731/2525/1 5727/2605/1 5669/2526/1
f 5669/2526/1 5727/2605/1 5673/2606/1
f 5727/2605/1 5723/2685/1 5673/2606/1
f 5673/2606/1 5723/2685/1 5677/2686/1
f 5723/2685/1 5719/2765/1 5677/2686/1
f 5677/2686/1 5719/2765/1 5681/2766/1
f 5719/2765/1 5715/2849/1 5681/2766/1
f 5681/2766/1 5715/2849/1 5685/2850/1
f 5715/2849/1 5711/3213/1 5685/2850/1
f 5685/2850/1 5711/3213/1 5689/3214/1
f 5711/3213/1 5707/3395/1 5689/3214/1
f 5689/3214/1 5707/3395/1 5693/3396/1
f 5707/3395/1 5703/3597/1 5693/3396/1
f 5693/3396/1 5703/3597/1 5697/3598/1
f 5703/3597/1 5701/3773/1 5697/3598/1
f 5697/3598/1 5701/3773/1 5699/3774/1
f 5701/3773/1 5705/3919/1 5699/3774/1
f 5699/3774/1 5705/3919/1 5695/3920/1
f 5705/3919/1 5709/4109/1 5695/3920/1
f 5695/3920/1 5709/4109/1 5691/4110/1
f 5709/4109/1 5713/4269/1 5691/4110/1
f 5691/4110/1 5713/4269/1 5687/4270/1
f 5713/4269/1 5717/4372/1 5687/4270/1
f 5687/4270/1 5717/4372/1 5683/4375/1
f 5717/4372/1 5721/4534/1 5683/4375/1
f 5683/4375/1 5721/4534/1 5679/4537/1
f 5721/4534/1 5725/4671/1 5679/4537/1
f 5679/4537/1 5725/4671/1 5675/4672/1
f 5725/4671/1 5729/4831/1 5675/4672/1
f 5675/4672/1 5729/4831/1 5671/4832/1
f 5729/4831/1 5733/4991/1 5671/4832/1
f 5671/4832/1 5733/4991/1 5667/4992/1
f 5733/4991/1 5737/5081/1 5667/4992/1
f 5667/4992/1 5737/5081/1 5663/5082/1
f 5663/5082/1 5737/5081/1 5616/7019/1
f 5616/7019/1 5737/5081/1 5741/5182/1
f 5616/7019/1 5741/5182/1 5745/5324/1
f 5745/5324/1 5749/5357/1 5616/7019/1
f 5752/136/1 5748/197/1 5654/198/1
f 5654/198/1 5748/197/1 5658/246/1
f 5748/197/1 5744/245/1 5658/246/1
f 5658/246/1 5744/245/1 5662/330/1
f 5744/245/1 5740/329/1 5662/330/1
f 5662/330/1 5740/329/1 5666/414/1
f 5740/329/1 5736/413/1 5666/414/1
f 5666/414/1 5736/413/1 5670/495/1
f 5736/413/1 5732/494/1 5670/495/1
f 5670/495/1 5732/494/1 5674/567/1
f 5732/494/1 5728/566/1 5674/567/1
f 5674/567/1 5728/566/1 5678/639/1
f 5728/566/1 5724/638/1 5678/639/1
f 5678/639/1 5724/638/1 5682/713/1
f 5724/638/1 5720/712/1 5682/713/1
f 5682/713/1 5720/712/1 5686/790/1
f 5720/712/1 5716/789/1 5686/790/1
f 5686/790/1 5716/789/1 5690/874/1
f 5716/789/1 5712/873/1 5690/874/1
f 5690/874/1 5712/873/1 5694/958/1
f 5712/873/1 5708/957/1 5694/958/1
f 5694/958/1 5708/957/1 5698/1042/1
f 5708/957/1 5704/1041/1 5698/1042/1
f 5698/1042/1 5704/1041/1 5700/1156/1
f 5704/1041/1 5702/1155/1 5700/1156/1
f 5700/1156/1 5702/1155/1 5706/1239/1
f 5700/1156/1 5706/1239/1 5696/1240/1
f 5696/1240/1 5706/1239/1 5710/1327/1
f 5696/1240/1 5710/1327/1 5692/1328/1
f 5692/1328/1 5710/1327/1 5714/1411/1
f 5692/1328/1 5714/1411/1 5688/1412/1
f 5688/1412/1 5714/1411/1 5684/1496/1
f 5714/1411/1 5718/1495/1 5684/1496/1
f 5684/1496/1 5718/1495/1 5680/1580/1
f 5718/1495/1 5722/1579/1 5680/1580/1
f 5680/1580/1 5722/1579/1 5676/1664/1
f 5722/1579/1 5726/1663/1 5676/1664/1
f 5676/1664/1 5726/1663/1 5672/1748/1
f 5726/1663/1 5730/1747/1 5672/1748/1
f 5564/1834/1 5568/1750/1 5565/2528/1
f 5565/2528/1 5568/1750/1 5628/1749/1
f 5565/2528/1 5628/1749/1 5629/2527/1
f 5629/2527/1 5628/1749/1 5632/1833/1
f 5629/2527/1 5632/1833/1 5633/2447/1
f 5633/2447/1 5632/1833/1 5636/1917/1
f 5633/2447/1 5636/1917/1 5637/2366/1
f 5637/2366/1 5636/1917/1 5640/2013/1
f 5637/2366/1 5640/2013/1 5641/2296/1
f 5641/2296/1 5640/2013/1 5644/2091/1
f 5641/2296/1 5644/2091/1 5645/2217/1
f 5645/2217/1 5644/2091/1 5648/2140/1
f 5645/2217/1 5648/2140/1 5649/2217/1
f 5649/2217/1 5648/2140/1 5652/2140/1
f 5649/2217/1 5652/2140/1 5653/2216/1
f 5653/2216/1 5652/2140/1 5656/2090/1
f 5653/2216/1 5656/2090/1 5657/2295/1
f 5657/2295/1 5656/2090/1 5660/2012/1
f 5657/2295/1 5660/2012/1 5661/2365/1
f 5661/2365/1 5660/2012/1 5664/1916/1
f 5661/2365/1 5664/1916/1 5665/2446/1
f 5665/2446/1 5664/1916/1 5668/1832/1
f 5665/2446/1 5668/1832/1 5669/2526/1
f 5629/2527/1 5625/2607/1 5565/2528/1
f 5565/2528/1 5625/2607/1 5569/2608/1
f 5625/2607/1 5621/2687/1 5569/2608/1
f 5569/2608/1 5621/2687/1 5573/2688/1
f 5621/2687/1 5617/2767/1 5573/2688/1
f 5573/2688/1 5617/2767/1 5577/2768/1
f 5617/2767/1 5611/2851/1 5577/2768/1
f 5577/2768/1 5611/2851/1 5581/2852/1
f 5611/2851/1 5607/3215/1 5581/2852/1
f 5581/2852/1 5607/3215/1 5585/3216/1
f 5607/3215/1 5603/3399/1 5585/3216/1
f 5585/3216/1 5603/3399/1 5589/3400/1
f 5603/3399/1 5599/3599/1 5589/3400/1
f 5589/3400/1 5599/3599/1 5593/3600/1
f 5599/3599/1 5597/3777/1 5593/3600/1
f 5593/3600/1 5597/3777/1 5595/3778/1
f 5597/3777/1 5601/3921/1 5595/3778/1
f 5595/3778/1 5601/3921/1 5591/3922/1
f 5601/3921/1 5605/4111/1 5591/3922/1
f 5591/3922/1 5605/4111/1 5587/4112/1
f 5587/4112/1 5605/4111/1 5583/4272/1
f 5583/4272/1 5605/4111/1 5609/4271/1
f 5583/4272/1 5609/4271/1 5579/4379/1
f 5579/4379/1 5609/4271/1 5613/4376/1
f 5579/4379/1 5613/4376/1 5575/4541/1
f 5575/4541/1 5613/4376/1 5619/4538/1
f 5575/4541/1 5619/4538/1 5571/4674/1
f 5571/4674/1 5619/4538/1 5623/4673/1
f 5571/4674/1 5623/4673/1 5567/4834/1
f 5567/4834/1 5623/4673/1 5627/4833/1
f 5567/4834/1 5627/4833/1 5563/4994/1
f 5563/4994/1 5627/4833/1 5631/4993/1
f 5563/4994/1 5631/4993/1 5616/7019/1
f 5616/7019/1 5631/4993/1 5635/5083/1
f 5616/7019/1 5635/5083/1 5639/5186/1
f 5639/5186/1 5643/5326/1 5616/7019/1
f 5616/7019/1 5643/5326/1 5647/5358/1
f 5616/7019/1 5647/5358/1 5651/5358/1
f 5651/5358/1 5655/5325/1 5616/7019/1
f 5616/7019/1 5655/5325/1 5659/5185/1
f 5616/7019/1 5659/5185/1 5663/5082/1
f 5546/138/1 5650/137/1 5550/200/1
f 5550/200/1 5650/137/1 5646/199/1
f 5550/200/1 5646/199/1 5554/248/1
f 5554/248/1 5646/199/1 5642/247/1
f 5554/248/1 5642/247/1 5558/332/1
f 5558/332/1 5642/247/1 5638/331/1
f 5558/332/1 5638/331/1 5562/416/1
f 5562/416/1 5638/331/1 5634/415/1
f 5562/416/1 5634/415/1 5566/497/1
f 5566/497/1 5634/415/1 5630/496/1
f 5566/497/1 5630/496/1 5570/569/1
f 5570/569/1 5630/496/1 5626/568/1
f 5570/569/1 5626/568/1 5574/641/1
f 5574/641/1 5626/568/1 5622/640/1
f 5574/641/1 5622/640/1 5578/715/1
f 5578/715/1 5622/640/1 5618/714/1
f 5578/715/1 5618/714/1 5582/792/1
f 5582/792/1 5618/714/1 5612/791/1
f 5582/792/1 5612/791/1 5586/876/1
f 5586/876/1 5612/791/1 5608/875/1
f 5586/876/1 5608/875/1 5590/960/1
f 5590/960/1 5608/875/1 5604/959/1
f 5590/960/1 5604/959/1 5594/1044/1
f 5594/1044/1 5604/959/1 5600/1043/1
f 5594/1044/1 5600/1043/1 5596/1158/1
f 5596/1158/1 5600/1043/1 5598/1157/1
f 5596/1158/1 5598/1157/1 5602/1241/1
f 5596/1158/1 5602/1241/1 5592/1242/1
f 5592/1242/1 5602/1241/1 5606/1329/1
f 5592/1242/1 5606/1329/1 5588/1330/1
f 5588/1330/1 5606/1329/1 5610/1413/1
f 5588/1330/1 5610/1413/1 5584/1414/1
f 5584/1414/1 5610/1413/1 5580/1498/1
f 5610/1413/1 5614/1497/1 5580/1498/1
f 5580/1498/1 5614/1497/1 5576/1582/1
f 5614/1497/1 5620/1581/1 5576/1582/1
f 5576/1582/1 5620/1581/1 5572/1666/1
f 5620/1581/1 5624/1665/1 5572/1666/1
f 5572/1666/1 5624/1665/1 5568/1750/1
f 5624/1665/1 5628/1749/1 5568/1750/1
f 5517/2689/1 5520/1667/1 5521/2609/1
f 5521/2609/1 5520/1667/1 5524/1751/1
f 5521/2609/1 5524/1751/1 5525/2529/1
f 5525/2529/1 5524/1751/1 5528/1835/1
f 5525/2529/1 5528/1835/1 5529/2449/1
f 5529/2449/1 5528/1835/1 5532/1919/1
f 5529/2449/1 5532/1919/1 5533/2368/1
f 5533/2368/1 5532/1919/1 5536/2015/1
f 5533/2368/1 5536/2015/1 5537/2298/1
f 5537/2298/1 5536/2015/1 5540/2093/1
f 5537/2298/1 5540/2093/1 5541/2218/1
f 5541/2218/1 5540/2093/1 5544/2141/1
f 5541/2218/1 5544/2141/1 5545/2218/1
f 5545/2218/1 5544/2141/1 5548/2141/1
f 5545/2218/1 5548/2141/1 5549/2219/1
f 5549/2219/1 5548/2141/1 5552/2092/1
f 5549/2219/1 5552/2092/1 5553/2297/1
f 5553/2297/1 5552/2092/1 5556/2014/1
f 5553/2297/1 5556/2014/1 5557/2367/1
f 5557/2367/1 5556/2014/1 5560/1918/1
f 5557/2367/1 5560/1918/1 5561/2448/1
f 5561/2448/1 5560/1918/1 5564/1834/1
f 5561/2448/1 5564/1834/1 5565/2528/1
f 5531/5085/1 5535/5190/1 5616/7019/1
f 5616/7019/1 5535/5190/1 5539/5328/1
f 5616/7019/1 5539/5328/1 5543/5359/1
f 5543/5359/1 5547/5359/1 5616/7019/1
f 5616/7019/1 5547/5359/1 5551/5327/1
f 5616/7019/1 5551/5327/1 5555/5189/1
f 5555/5189/1 5559/5084/1 5616/7019/1
f 5616/7019/1 5559/5084/1 5563/4994/1
f 5054/1844/1 5058/1760/1 5055/2538/1
f 5055/2538/1 5058/1760/1 5116/1759/1
f 5055/2538/1 5116/1759/1 5117/2537/1
f 5117/2537/1 5116/1759/1 5120/1843/1
f 5117/2537/1 5120/1843/1 5121/2457/1
f 5121/2457/1 5120/1843/1 5124/1927/1
f 5121/2457/1 5124/1927/1 5125/2376/1
f 5125/2376/1 5124/1927/1 5128/2029/1
f 5125/2376/1 5128/2029/1 5129/2312/1
f 5129/2312/1 5128/2029/1 5132/2104/1
f 5129/2312/1 5132/2104/1 5133/2233/1
f 5133/2233/1 5132/2104/1 5136/2145/1
f 5133/2233/1 5136/2145/1 5137/2233/1
f 5137/2233/1 5136/2145/1 5140/2145/1
f 5137/2233/1 5140/2145/1 5141/2232/1
f 5141/2232/1 5140/2145/1 5144/2103/1
f 5141/2232/1 5144/2103/1 5145/2311/1
f 5145/2311/1 5144/2103/1 5148/2028/1
f 5145/2311/1 5148/2028/1 5149/2375/1
f 5149/2375/1 5148/2028/1 5152/1926/1
f 5149/2375/1 5152/1926/1 5153/2456/1
f 5153/2456/1 5152/1926/1 5156/1842/1
f 5153/2456/1 5156/1842/1 5157/2536/1
f 5157/2536/1 5156/1842/1 5160/1758/1
f 5157/2536/1 5160/1758/1 5161/2616/1
f 5161/2616/1 5160/1758/1 5164/1674/1
f 5161/2616/1 5164/1674/1 5165/2696/1
f 5165/2696/1 5164/1674/1 5168/1590/1
f 5165/2696/1 5168/1590/1 5169/2776/1
f 5169/2776/1 5168/1590/1 5172/1506/1
f 5169/2776/1 5172/1506/1 5173/2860/1
f 5173/2860/1 5172/1506/1 5176/1422/1
f 5173/2860/1 5176/1422/1 5177/3224/1
f 5177/3224/1 5176/1422/1 5180/1338/1
f 5177/3224/1 5180/1338/1 5181/3417/1
f 5181/3417/1 5180/1338/1 5184/1250/1
f 5181/3417/1 5184/1250/1 5185/3608/1
f 5117/2537/1 5113/2617/1 5055/2538/1
f 5055/2538/1 5113/2617/1 5059/2618/1
f 5113/2617/1 5109/2697/1 5059/2618/1
f 5059/2618/1 5109/2697/1 5063/2698/1
f 5109/2697/1 5105/2777/1 5063/2698/1
f 5063/2698/1 5105/2777/1 5067/2778/1
f 5105/2777/1 5101/2861/1 5067/2778/1
f 5067/2778/1 5101/2861/1 5071/2862/1
f 5101/2861/1 5097/3225/1 5071/2862/1
f 5071/2862/1 5097/3225/1 5075/3226/1
f 5097/3225/1 5093/3420/1 5075/3226/1
f 5075/3226/1 5093/3420/1 5079/3421/1
f 5093/3420/1 5089/3609/1 5079/3421/1
f 5079/3421/1 5089/3609/1 5083/3610/1
f 5089/3609/1 5087/3804/1 5083/3610/1
f 5083/3610/1 5087/3804/1 5085/3805/1
f 5087/3804/1 5091/3938/1 5085/3805/1
f 5085/3805/1 5091/3938/1 5081/3939/1
f 5091/3938/1 5095/4121/1 5081/3939/1
f 5081/3939/1 5095/4121/1 5077/4122/1
f 5095/4121/1 5099/4281/1 5077/4122/1
f 5077/4122/1 5099/4281/1 5073/4282/1
f 5099/4281/1 5103/4403/1 5073/4282/1
f 5073/4282/1 5103/4403/1 5069/4406/1
f 5103/4403/1 5107/4565/1 5069/4406/1
f 5069/4406/1 5107/4565/1 5065/4568/1
f 5107/4565/1 5111/4683/1 5065/4568/1
f 5065/4568/1 5111/4683/1 5061/4684/1
f 5111/4683/1 5115/4843/1 5061/4684/1
f 5061/4684/1 5115/4843/1 5057/4844/1
f 5115/4843/1 5119/5003/1 5057/4844/1
f 5057/4844/1 5119/5003/1 5053/5004/1
f 5119/5003/1 5123/5099/1 5053/5004/1
f 5053/5004/1 5123/5099/1 5049/5102/1
f 5123/5099/1 5127/5215/1 5049/5102/1
f 5049/5102/1 5127/5215/1 5045/5221/1
f 5127/5215/1 5131/5336/1 5045/5221/1
f 5045/5221/1 5131/5336/1 5041/5337/1
f 5131/5336/1 5135/5363/1 5041/5337/1
f 5041/5337/1 5135/5363/1 5037/5364/1
f 5036/150/1 5138/148/1 5040/210/1
f 5040/210/1 5138/148/1 5134/209/1
f 5040/210/1 5134/209/1 5044/266/1
f 5044/266/1 5134/209/1 5130/263/1
f 5044/266/1 5130/263/1 5048/350/1
f 5048/350/1 5130/263/1 5126/347/1
f 5048/350/1 5126/347/1 5052/434/1
f 5052/434/1 5126/347/1 5122/431/1
f 5052/434/1 5122/431/1 5056/511/1
f 5056/511/1 5122/431/1 5118/509/1
f 5056/511/1 5118/509/1 5060/583/1
f 5060/583/1 5118/509/1 5114/581/1
f 5060/583/1 5114/581/1 5064/656/1
f 5064/656/1 5114/581/1 5110/655/1
f 5064/656/1 5110/655/1 5068/730/1
f 5068/730/1 5110/655/1 5106/729/1
f 5068/730/1 5106/729/1 5072/809/1
f 5072/809/1 5106/729/1 5102/808/1
f 5072/809/1 5102/808/1 5076/893/1
f 5076/893/1 5102/808/1 5098/892/1
f 5076/893/1 5098/892/1 5080/977/1
f 5080/977/1 5098/892/1 5094/976/1
f 5080/977/1 5094/976/1 5084/1061/1
f 5084/1061/1 5094/976/1 5090/1060/1
f 5084/1061/1 5090/1060/1 5086/1168/1
f 5086/1168/1 5090/1060/1 5088/1167/1
f 5086/1168/1 5088/1167/1 5092/1251/1
f 5086/1168/1 5092/1251/1 5082/1252/1
f 5082/1252/1 5092/1251/1 5096/1339/1
f 5082/1252/1 5096/1339/1 5078/1340/1
f 5078/1340/1 5096/1339/1 5100/1423/1
f 5078/1340/1 5100/1423/1 5074/1424/1
f 5074/1424/1 5100/1423/1 5070/1508/1
f 5100/1423/1 5104/1507/1 5070/1508/1
f 5070/1508/1 5104/1507/1 5066/1592/1
f 5104/1507/1 5108/1591/1 5066/1592/1
f 5066/1592/1 5108/1591/1 5062/1676/1
f 5108/1591/1 5112/1675/1 5062/1676/1
f 5062/1676/1 5112/1675/1 5058/1760/1
f 5112/1675/1 5116/1759/1 5058/1760/1
f 4952/1846/1 4956/1762/1 4953/2540/1
f 4953/2540/1 4956/1762/1 5014/1761/1
f 4953/2540/1 5014/1761/1 5015/2539/1
f 5015/2539/1 5014/1761/1 5018/1845/1
f 5015/2539/1 5018/1845/1 5019/2459/1
f 5019/2459/1 5018/1845/1 5022/1929/1
f 5019/2459/1 5022/1929/1 5023/2378/1
f 5023/2378/1 5022/1929/1 5026/2033/1
f 5023/2378/1 5026/2033/1 5027/2316/1
f 5027/2316/1 5026/2033/1 5030/2107/1
f 5027/2316/1 5030/2107/1 5031/2237/1
f 5031/2237/1 5030/2107/1 5034/2146/1
f 5031/2237/1 5034/2146/1 5035/2237/1
f 5035/2237/1 5034/2146/1 5038/2146/1
f 5035/2237/1 5038/2146/1 5039/2236/1
f 5039/2236/1 5038/2146/1 5042/2106/1
f 5039/2236/1 5042/2106/1 5043/2315/1
f 5043/2315/1 5042/2106/1 5046/2032/1
f 5043/2315/1 5046/2032/1 5047/2377/1
f 5047/2377/1 5046/2032/1 5050/1928/1
f 5047/2377/1 5050/1928/1 5051/2458/1
f 5051/2458/1 5050/1928/1 5054/1844/1
f 5051/2458/1 5054/1844/1 5055/2538/1
f 5015/2539/1 5011/2619/1 4953/2540/1
f 4953/2540/1 5011/2619/1 4957/2620/1
f 5011/2619/1 5007/2699/1 4957/2620/1
f 4957/2620/1 5007/2699/1 4961/2700/1
f 5007/2699/1 5003/2779/1 4961/2700/1
f 4961/2700/1 5003/2779/1 4965/2780/1
f 5003/2779/1 4999/2863/1 4965/2780/1
f 4965/2780/1 4999/2863/1 4969/2864/1
f 4999/2863/1 4995/3227/1 4969/2864/1
f 4969/2864/1 4995/3227/1 4973/3228/1
f 4995/3227/1 4991/3424/1 4973/3228/1
f 4973/3228/1 4991/3424/1 4977/3425/1
f 4991/3424/1 4987/3611/1 4977/3425/1
f 4977/3425/1 4987/3611/1 4981/3612/1
f 4987/3611/1 4985/3810/1 4981/3612/1
f 4981/3612/1 4985/3810/1 4983/3811/1
f 4985/3810/1 4989/3942/1 4983/3811/1
f 4983/3811/1 4989/3942/1 4979/3943/1
f 4989/3942/1 4993/4123/1 4979/3943/1
f 4979/3943/1 4993/4123/1 4975/4124/1
f 4993/4123/1 4997/4283/1 4975/4124/1
f 4975/4124/1 4997/4283/1 4971/4284/1
f 4997/4283/1 5001/4409/1 4971/4284/1
f 4971/4284/1 5001/4409/1 4967/4412/1
f 5001/4409/1 5005/4571/1 4967/4412/1
f 4967/4412/1 5005/4571/1 4963/4574/1
f 5005/4571/1 5009/4685/1 4963/4574/1
f 4963/4574/1 5009/4685/1 4959/4686/1
f 5009/4685/1 5013/4845/1 4959/4686/1
f 4959/4686/1 5013/4845/1 4955/4846/1
f 5013/4845/1 5017/5005/1 4955/4846/1
f 4955/4846/1 5017/5005/1 4951/5006/1
f 5017/5005/1 5021/5103/1 4951/5006/1
f 4951/5006/1 5021/5103/1 4947/5106/1
f 5021/5103/1 5025/5222/1 4947/5106/1
f 4947/5106/1 5025/5222/1 4943/5228/1
f 5025/5222/1 5029/5338/1 4943/5228/1
f 4943/5228/1 5029/5338/1 4939/5339/1
f 5029/5338/1 5033/5364/1 4939/5339/1
f 4939/5339/1 5033/5364/1 4935/5365/1
f 4935/5365/1 5033/5364/1 4678/7020/1
f 4678/7020/1 5033/5364/1 5037/5364/1
f 5036/150/1 5032/211/1 4938/212/1
f 4938/212/1 5032/211/1 4942/270/1
f 5032/211/1 5028/267/1 4942/270/1
f 4942/270/1 5028/267/1 4946/354/1
f 5028/267/1 5024/351/1 4946/354/1
f 4946/354/1 5024/351/1 4950/438/1
f 5024/351/1 5020/435/1 4950/438/1
f 4950/438/1 5020/435/1 4954/514/1
f 5020/435/1 5016/512/1 4954/514/1
f 4954/514/1 5016/512/1 4958/586/1
f 5016/512/1 5012/584/1 4958/586/1
f 4958/586/1 5012/584/1 4962/659/1
f 5012/584/1 5008/658/1 4962/659/1
f 4962/659/1 5008/658/1 4966/733/1
f 5008/658/1 5004/732/1 4966/733/1
f 4966/733/1 5004/732/1 4970/813/1
f 5004/732/1 5000/812/1 4970/813/1
f 4970/813/1 5000/812/1 4974/897/1
f 5000/812/1 4996/896/1 4974/897/1
f 4974/897/1 4996/896/1 4978/981/1
f 4996/896/1 4992/980/1 4978/981/1
f 4978/981/1 4992/980/1 4982/1065/1
f 4992/980/1 4988/1064/1 4982/1065/1
f 4982/1065/1 4988/1064/1 4984/1170/1
f 4988/1064/1 4986/1169/1 4984/1170/1
f 4984/1170/1 4986/1169/1 4990/1253/1
f 4984/1170/1 4990/1253/1 4980/1254/1
f 4980/1254/1 4990/1253/1 4994/1341/1
f 4980/1254/1 4994/1341/1 4976/1342/1
f 4976/1342/1 4994/1341/1 4998/1425/1
f 4976/1342/1 4998/1425/1 4972/1426/1
f 4972/1426/1 4998/1425/1 4968/1510/1
f 4998/1425/1 5002/1509/1 4968/1510/1
f 4968/1510/1 5002/1509/1 4964/1594/1
f 5002/1509/1 5006/1593/1 4964/1594/1
f 4964/1594/1 5006/1593/1 4960/1678/1
f 5006/1593/1 5010/1677/1 4960/1678/1
f 4960/1678/1 5010/1677/1 4956/1762/1
f 5010/1677/1 5014/1761/1 4956/1762/1
f 4879/3614/1 4878/1256/1 4885/3613/1
f 4885/3613/1 4878/1256/1 4888/1255/1
f 4885/3613/1 4888/1255/1 4889/3428/1
f 4889/3428/1 4888/1255/1 4892/1343/1
f 4889/3428/1 4892/1343/1 4893/3229/1
f 4893/3229/1 4892/1343/1 4896/1427/1
f 4893/3229/1 4896/1427/1 4897/2865/1
f 4897/2865/1 4896/1427/1 4900/1511/1
f 4897/2865/1 4900/1511/1 4901/2781/1
f 4901/2781/1 4900/1511/1 4904/1595/1
f 4901/2781/1 4904/1595/1 4905/2701/1
f 4905/2701/1 4904/1595/1 4908/1679/1
f 4905/2701/1 4908/1679/1 4909/2621/1
f 4909/2621/1 4908/1679/1 4912/1763/1
f 4909/2621/1 4912/1763/1 4913/2541/1
f 4913/2541/1 4912/1763/1 4916/1847/1
f 4913/2541/1 4916/1847/1 4917/2461/1
f 4917/2461/1 4916/1847/1 4920/1931/1
f 4917/2461/1 4920/1931/1 4921/2380/1
f 4921/2380/1 4920/1931/1 4924/2037/1
f 4921/2380/1 4924/2037/1 4925/2320/1
f 4925/2320/1 4924/2037/1 4928/2110/1
f 4925/2320/1 4928/2110/1 4929/2241/1
f 4929/2241/1 4928/2110/1 4932/2147/1
f 4929/2241/1 4932/2147/1 4933/2241/1
f 4933/2241/1 4932/2147/1 4936/2147/1
f 4933/2241/1 4936/2147/1 4937/2240/1
f 4937/2240/1 4936/2147/1 4940/2109/1
f 4937/2240/1 4940/2109/1 4941/2319/1
f 4941/2319/1 4940/2109/1 4944/2036/1
f 4941/2319/1 4944/2036/1 4945/2379/1
f 4945/2379/1 4944/2036/1 4948/1930/1
f 4945/2379/1 4948/1930/1 4949/2460/1
f 4949/2460/1 4948/1930/1 4952/1846/1
f 4949/2460/1 4952/1846/1 4953/2540/1
f 4885/3613/1 4883/3816/1 4879/3614/1
f 4879/3614/1 4883/3816/1 4881/3830/1
f 4883/3816/1 4887/3946/1 4881/3830/1
f 4881/3830/1 4887/3946/1 4877/3960/1
f 4887/3946/1 4891/4125/1 4877/3960/1
f 4877/3960/1 4891/4125/1 4873/4126/1
f 4891/4125/1 4895/4285/1 4873/4126/1
f 4873/4126/1 4895/4285/1 4869/4286/1
f 4895/4285/1 4899/4415/1 4869/4286/1
f 4869/4286/1 4899/4415/1 4865/4431/1
f 4899/4415/1 4903/4577/1 4865/4431/1
f 4865/4431/1 4903/4577/1 4861/4593/1
f 4903/4577/1 4907/4687/1 4861/4593/1
f 4861/4593/1 4907/4687/1 4857/4688/1
f 4907/4687/1 4911/4847/1 4857/4688/1
f 4857/4688/1 4911/4847/1 4853/4848/1
f 4911/4847/1 4915/5007/1 4853/4848/1
f 4853/4848/1 4915/5007/1 4849/5008/1
f 4915/5007/1 4919/5107/1 4849/5008/1
f 4849/5008/1 4919/5107/1 4845/5122/1
f 4845/5122/1 4919/5107/1 4678/7020/1
f 4678/7020/1 4919/5107/1 4923/5229/1
f 4678/7020/1 4923/5229/1 4927/5340/1
f 4927/5340/1 4931/5365/1 4678/7020/1
f 4678/7020/1 4931/5365/1 4935/5365/1
f 4884/1171/1 4882/1172/1 4886/1068/1
f 4886/1068/1 4882/1172/1 4880/1082/1
f 4886/1068/1 4880/1082/1 4890/984/1
f 4890/984/1 4880/1082/1 4876/998/1
f 4890/984/1 4876/998/1 4894/900/1
f 4894/900/1 4876/998/1 4872/914/1
f 4894/900/1 4872/914/1 4898/816/1
f 4898/816/1 4872/914/1 4868/830/1
f 4898/816/1 4868/830/1 4902/735/1
f 4902/735/1 4868/830/1 4864/749/1
f 4902/735/1 4864/749/1 4906/661/1
f 4906/661/1 4864/749/1 4860/675/1
f 4906/661/1 4860/675/1 4910/587/1
f 4910/587/1 4860/675/1 4856/601/1
f 4910/587/1 4856/601/1 4914/515/1
f 4914/515/1 4856/601/1 4852/529/1
f 4914/515/1 4852/529/1 4918/439/1
f 4918/439/1 4852/529/1 4848/454/1
f 4918/439/1 4848/454/1 4922/355/1
f 4922/355/1 4848/454/1 4844/370/1
f 4922/355/1 4844/370/1 4926/271/1
f 4926/271/1 4844/370/1 4840/286/1
f 4926/271/1 4840/286/1 4930/213/1
f 4930/213/1 4840/286/1 4836/214/1
f 4930/213/1 4836/214/1 4934/153/1
f 4934/153/1 4836/214/1 4832/166/1
f 4934/153/1 4832/166/1 4316/112/1
f 4316/112/1 4832/166/1 4730/167/1
f 4316/112/1 4730/167/1 4726/217/1
f 4884/1171/1 4888/1255/1 4882/1172/1
f 4882/1172/1 4888/1255/1 4878/1256/1
f 4371/224/1 4369/177/1 4316/112/1
f 4316/112/1 4369/177/1 4364/225/1
f 4316/112/1 4364/225/1 4360/303/1
f 4360/303/1 4356/387/1 4316/112/1
f 4316/112/1 4356/387/1 4352/471/1
f 4316/112/1 4352/471/1 4348/543/1
f 4348/543/1 4344/615/1 4316/112/1
f 4316/112/1 4344/615/1 4340/689/1
f 4316/112/1 4340/689/1 4336/763/1
f 4336/763/1 4332/847/1 4316/112/1
f 4316/112/1 4332/847/1 4328/931/1
f 4316/112/1 4328/931/1 4324/1015/1
f 4324/1015/1 4320/1099/1 4316/112/1
f 4316/112/1 4320/1099/1 4318/1183/1
f 4316/112/1 4318/1183/1 4322/1267/1
f 4370/2153/1 4372/2131/1 4368/2270/1
f 4368/2270/1 4372/2131/1 4374/2068/1
f 4368/2270/1 4374/2068/1 4376/1942/1
f 4376/1942/1 4378/1858/1 4368/2270/1
f 4368/2270/1 4378/1858/1 4421/2267/1
f 4386/1522/1 4403/1521/1 4384/1606/1
f 4384/1606/1 4403/1521/1 4405/1605/1
f 4384/1606/1 4405/1605/1 4382/1690/1
f 4382/1690/1 4405/1605/1 4407/1689/1
f 4382/1690/1 4407/1689/1 4380/1774/1
f 4380/1774/1 4407/1689/1 4409/1773/1
f 4380/1774/1 4409/1773/1 4378/1858/1
f 4378/1858/1 4409/1773/1 4411/1857/1
f 4378/1858/1 4411/1857/1 4421/2267/1
f 4421/2267/1 4411/1857/1 4413/1941/1
f 4421/2267/1 4413/1941/1 4415/2065/1
f 4386/1522/1 4388/1438/1 4403/1521/1
f 4403/1521/1 4388/1438/1 4401/1437/1
f 4388/1438/1 4390/1354/1 4401/1437/1
f 4401/1437/1 4390/1354/1 4399/1353/1
f 4390/1354/1 4392/1266/1 4399/1353/1
f 4399/1353/1 4392/1266/1 4397/1265/1
f 4392/1266/1 4394/1182/1 4397/1265/1
f 4397/1265/1 4394/1182/1 4395/1181/1
f 4395/1181/1 4394/1182/1 4396/1096/1
f 4396/1096/1 4394/1182/1 4393/1097/1
f 4396/1096/1 4393/1097/1 4398/1012/1
f 4398/1012/1 4393/1097/1 4391/1013/1
f 4398/1012/1 4391/1013/1 4400/928/1
f 4400/928/1 4391/1013/1 4389/929/1
f 4400/928/1 4389/929/1 4402/844/1
f 4402/844/1 4389/929/1 4387/845/1
f 4402/844/1 4387/845/1 4404/761/1
f 4404/761/1 4387/845/1 4385/762/1
f 4404/761/1 4385/762/1 4406/687/1
f 4406/687/1 4385/762/1 4383/688/1
f 4406/687/1 4383/688/1 4408/612/1
f 4408/612/1 4383/688/1 4381/614/1
f 4408/612/1 4381/614/1 4410/540/1
f 4410/540/1 4381/614/1 4379/542/1
f 4410/540/1 4379/542/1 4412/467/1
f 4412/467/1 4379/542/1 4377/470/1
f 4412/467/1 4377/470/1 4414/383/1
f 4414/383/1 4377/470/1 4375/386/1
f 4414/383/1 4375/386/1 4316/112/1
f 4316/112/1 4375/386/1 4373/302/1
f 4316/112/1 4373/302/1 4371/224/1
f 4426/222/1 4422/174/1 4316/112/1
f 4316/112/1 4422/174/1 4418/223/1
f 4316/112/1 4418/223/1 4416/299/1
f 4416/299/1 4414/383/1 4316/112/1
f 4415/2065/1 4417/2129/1 4421/2267/1
f 4421/2267/1 4417/2129/1 4419/2152/1
f 4421/2267/1 4419/2152/1 4424/2152/1
f 4421/2267/1 4424/2152/1 4425/2267/1
f 4425/2267/1 4424/2152/1 4428/2128/1
f 4425/2267/1 4428/2128/1 4429/2347/1
f 4429/2347/1 4428/2128/1 4432/2064/1
f 4429/2347/1 4432/2064/1 4433/2389/1
f 4433/2389/1 4432/2064/1 4436/1940/1
f 4433/2389/1 4436/1940/1 4437/2470/1
f 4437/2470/1 4436/1940/1 4440/1856/1
f 4437/2470/1 4440/1856/1 4441/2550/1
f 4441/2550/1 4440/1856/1 4444/1772/1
f 4441/2550/1 4444/1772/1 4502/1771/1
f 4502/1771/1 4444/1772/1 4498/1687/1
f 4444/1772/1 4448/1688/1 4498/1687/1
f 4498/1687/1 4448/1688/1 4494/1603/1
f 4448/1688/1 4452/1604/1 4494/1603/1
f 4494/1603/1 4452/1604/1 4490/1519/1
f 4452/1604/1 4456/1520/1 4490/1519/1
f 4490/1519/1 4456/1520/1 4486/1435/1
f 4456/1520/1 4460/1436/1 4486/1435/1
f 4486/1435/1 4460/1436/1 4464/1352/1
f 4486/1435/1 4464/1352/1 4482/1351/1
f 4482/1351/1 4464/1352/1 4468/1264/1
f 4482/1351/1 4468/1264/1 4478/1263/1
f 4478/1263/1 4468/1264/1 4472/1180/1
f 4478/1263/1 4472/1180/1 4474/1179/1
f 4474/1179/1 4472/1180/1 4476/1092/1
f 4472/1180/1 4470/1093/1 4476/1092/1
f 4476/1092/1 4470/1093/1 4480/1008/1
f 4470/1093/1 4466/1009/1 4480/1008/1
f 4480/1008/1 4466/1009/1 4484/924/1
f 4466/1009/1 4462/925/1 4484/924/1
f 4484/924/1 4462/925/1 4488/840/1
f 4462/925/1 4458/841/1 4488/840/1
f 4488/840/1 4458/841/1 4492/758/1
f 4458/841/1 4454/759/1 4492/758/1
f 4492/758/1 4454/759/1 4496/684/1
f 4454/759/1 4450/685/1 4496/684/1
f 4496/684/1 4450/685/1 4500/609/1
f 4450/685/1 4446/611/1 4500/609/1
f 4500/609/1 4446/611/1 4504/537/1
f 4446/611/1 4442/539/1 4504/537/1
f 4504/537/1 4442/539/1 4508/463/1
f 4442/539/1 4438/466/1 4508/463/1
f 4508/463/1 4438/466/1 4512/379/1
f 4438/466/1 4434/382/1 4512/379/1
f 4512/379/1 4434/382/1 4516/295/1
f 4434/382/1 4430/298/1 4516/295/1
f 4516/295/1 4430/298/1 4520/221/1
f 4430/298/1 4426/222/1 4520/221/1
f 4520/221/1 4426/222/1 4316/112/1
f 4520/221/1 4316/112/1 4524/171/1
f 4524/171/1 4316/112/1 4528/220/1
f 4365/5371/1 4367/5371/1 4315/8106/1
f 4315/8106/1 4367/5371/1 4420/5370/1
f 4315/8106/1 4420/5370/1 4423/5370/1
f 4423/5370/1 4427/5349/1 4315/8106/1
f 4315/8106/1 4427/5349/1 4517/5348/1
f 4517/5348/1 4427/5349/1 4513/5306/1
f 4513/5306/1 4427/5349/1 4431/5308/1
f 4513/5306/1 4431/5308/1 4509/5131/1
f 4509/5131/1 4431/5308/1 4435/5134/1
f 4509/5131/1 4435/5134/1 4505/5015/1
f 4505/5015/1 4435/5134/1 4439/5016/1
f 4505/5015/1 4439/5016/1 4443/4856/1
f 4505/5015/1 4443/4856/1 4501/4855/1
f 4501/4855/1 4443/4856/1 4447/4696/1
f 4501/4855/1 4447/4696/1 4497/4695/1
f 4497/4695/1 4447/4696/1 4451/4612/1
f 4497/4695/1 4451/4612/1 4493/4609/1
f 4493/4609/1 4451/4612/1 4455/4450/1
f 4493/4609/1 4455/4450/1 4489/4447/1
f 4489/4447/1 4455/4450/1 4459/4294/1
f 4489/4447/1 4459/4294/1 4485/4293/1
f 4485/4293/1 4459/4294/1 4463/4134/1
f 4485/4293/1 4463/4134/1 4481/4133/1
f 4481/4133/1 4463/4134/1 4467/3971/1
f 4481/4133/1 4467/3971/1 4477/3970/1
f 4477/3970/1 4467/3971/1 4471/3849/1
f 4477/3970/1 4471/3849/1 4473/3848/1
f 4473/3848/1 4471/3849/1 4469/3622/1
f 4473/3848/1 4469/3622/1 4475/3621/1
f 4475/3621/1 4469/3622/1 4465/3458/1
f 4475/3621/1 4465/3458/1 4479/3457/1
f 4479/3457/1 4465/3458/1 4461/3238/1
f 4479/3457/1 4461/3238/1 4483/3237/1
f 4483/3237/1 4461/3238/1 4457/2874/1
f 4483/3237/1 4457/2874/1 4487/2873/1
f 4487/2873/1 4457/2874/1 4453/2790/1
f 4487/2873/1 4453/2790/1 4491/2789/1
f 4491/2789/1 4453/2790/1 4449/2710/1
f 4491/2789/1 4449/2710/1 4495/2709/1
f 4495/2709/1 4449/2710/1 4445/2630/1
f 4495/2709/1 4445/2630/1 4499/2629/1
f 4499/2629/1 4445/2630/1 4441/2550/1
f 4499/2629/1 4441/2550/1 4503/2549/1
f 4503/2549/1 4441/2550/1 4502/1771/1
f 4503/2549/1 4502/1771/1 4506/1855/1
f 4325/4135/1 4329/4295/1 4315/8106/1
f 4315/8106/1 4329/4295/1 4333/4454/1
f 4315/8106/1 4333/4454/1 4337/4616/1
f 4337/4616/1 4341/4697/1 4315/8106/1
f 4315/8106/1 4341/4697/1 4345/4857/1
f 4315/8106/1 4345/4857/1 4349/5017/1
f 4349/5017/1 4353/5137/1 4315/8106/1
f 4315/8106/1 4353/5137/1 4357/5310/1
f 4315/8106/1 4357/5310/1 4361/5350/1
f 4361/5350/1 4365/5371/1 4315/8106/1
f 4503/2549/1 4506/1855/1 4507/2469/1
f 4507/2469/1 4506/1855/1 4510/1939/1
f 4507/2469/1 4510/1939/1 4511/2388/1
f 4511/2388/1 4510/1939/1 4514/2061/1
f 4511/2388/1 4514/2061/1 4515/2344/1
f 4515/2344/1 4514/2061/1 4518/2126/1
f 4515/2344/1 4518/2126/1 4519/2263/1
f 4519/2263/1 4518/2126/1 4522/2151/1
f 4519/2263/1 4522/2151/1 4523/2263/1
f 4523/2263/1 4522/2151/1 4526/2151/1
f 4523/2263/1 4526/2151/1 4527/2264/1
f 4527/2264/1 4526/2151/1 4530/2125/1
f 4527/2264/1 4530/2125/1 4531/2343/1
f 4531/2343/1 4530/2125/1 4534/2060/1
f 4531/2343/1 4534/2060/1 4535/2387/1
f 4535/2387/1 4534/2060/1 4538/1938/1
f 4535/2387/1 4538/1938/1 4539/2468/1
f 4539/2468/1 4538/1938/1 4542/1854/1
f 4539/2468/1 4542/1854/1 4543/2548/1
f 4543/2548/1 4542/1854/1 4546/1770/1
f 4543/2548/1 4546/1770/1 4604/1769/1
f 4604/1769/1 4546/1770/1 4600/1685/1
f 4546/1770/1 4550/1686/1 4600/1685/1
f 4600/1685/1 4550/1686/1 4596/1601/1
f 4550/1686/1 4554/1602/1 4596/1601/1
f 4596/1601/1 4554/1602/1 4592/1517/1
f 4554/1602/1 4558/1518/1 4592/1517/1
f 4592/1517/1 4558/1518/1 4588/1433/1
f 4558/1518/1 4562/1434/1 4588/1433/1
f 4588/1433/1 4562/1434/1 4566/1350/1
f 4588/1433/1 4566/1350/1 4584/1349/1
f 4584/1349/1 4566/1350/1 4570/1262/1
f 4584/1349/1 4570/1262/1 4580/1261/1
f 4580/1261/1 4570/1262/1 4574/1178/1
f 4580/1261/1 4574/1178/1 4576/1177/1
f 4576/1177/1 4574/1178/1 4578/1088/1
f 4574/1178/1 4572/1089/1 4578/1088/1
f 4578/1088/1 4572/1089/1 4582/1004/1
f 4572/1089/1 4568/1005/1 4582/1004/1
f 4582/1004/1 4568/1005/1 4586/920/1
f 4568/1005/1 4564/921/1 4586/920/1
f 4586/920/1 4564/921/1 4590/836/1
f 4564/921/1 4560/837/1 4590/836/1
f 4590/836/1 4560/837/1 4594/755/1
f 4560/837/1 4556/756/1 4594/755/1
f 4594/755/1 4556/756/1 4598/681/1
f 4556/756/1 4552/682/1 4598/681/1
f 4598/681/1 4552/682/1 4602/606/1
f 4552/682/1 4548/608/1 4602/606/1
f 4602/606/1 4548/608/1 4606/534/1
f 4548/608/1 4544/536/1 4606/534/1
f 4606/534/1 4544/536/1 4610/459/1
f 4544/536/1 4540/462/1 4610/459/1
f 4610/459/1 4540/462/1 4614/375/1
f 4540/462/1 4536/378/1 4614/375/1
f 4614/375/1 4536/378/1 4618/291/1
f 4536/378/1 4532/294/1 4618/291/1
f 4618/291/1 4532/294/1 4622/219/1
f 4532/294/1 4528/220/1 4622/219/1
f 4622/219/1 4528/220/1 4316/112/1
f 4622/219/1 4316/112/1 4626/168/1
f 4626/168/1 4316/112/1 4630/218/1
f 4529/5347/1 4533/5305/1 4615/5303/1
f 4615/5303/1 4533/5305/1 4611/5127/1
f 4533/5305/1 4537/5130/1 4611/5127/1
f 4611/5127/1 4537/5130/1 4607/5013/1
f 4537/5130/1 4541/5014/1 4607/5013/1
f 4607/5013/1 4541/5014/1 4603/4853/1
f 4541/5014/1 4545/4854/1 4603/4853/1
f 4603/4853/1 4545/4854/1 4549/4694/1
f 4603/4853/1 4549/4694/1 4599/4693/1
f 4599/4693/1 4549/4694/1 4553/4606/1
f 4599/4693/1 4553/4606/1 4595/4603/1
f 4595/4603/1 4553/4606/1 4557/4444/1
f 4595/4603/1 4557/4444/1 4591/4441/1
f 4591/4441/1 4557/4444/1 4561/4292/1
f 4591/4441/1 4561/4292/1 4587/4291/1
f 4587/4291/1 4561/4292/1 4565/4132/1
f 4587/4291/1 4565/4132/1 4583/4131/1
f 4583/4131/1 4565/4132/1 4569/3967/1
f 4583/4131/1 4569/3967/1 4579/3966/1
f 4579/3966/1 4569/3967/1 4573/3843/1
f 4579/3966/1 4573/3843/1 4575/3842/1
f 4575/3842/1 4573/3843/1 4571/3620/1
f 4575/3842/1 4571/3620/1 4577/3619/1
f 4577/3619/1 4571/3620/1 4567/3454/1
f 4577/3619/1 4567/3454/1 4581/3453/1
f 4581/3453/1 4567/3454/1 4563/3236/1
f 4581/3453/1 4563/3236/1 4585/3235/1
f 4585/3235/1 4563/3236/1 4559/2872/1
f 4585/3235/1 4559/2872/1 4589/2871/1
f 4589/2871/1 4559/2872/1 4555/2788/1
f 4589/2871/1 4555/2788/1 4593/2787/1
f 4593/2787/1 4555/2788/1 4551/2708/1
f 4593/2787/1 4551/2708/1 4597/2707/1
f 4597/2707/1 4551/2708/1 4547/2628/1
f 4597/2707/1 4547/2628/1 4601/2627/1
f 4601/2627/1 4547/2628/1 4543/2548/1
f 4601/2627/1 4543/2548/1 4605/2547/1
f 4605/2547/1 4543/2548/1 4604/1769/1
f 4605/2547/1 4604/1769/1 4608/1853/1
f 4605/2547/1 4608/1853/1 4609/2467/1
f 4609/2467/1 4608/1853/1 4612/1937/1
f 4609/2467/1 4612/1937/1 4613/2386/1
f 4613/2386/1 4612/1937/1 4616/2057/1
f 4613/2386/1 4616/2057/1 4617/2340/1
f 4617/2340/1 4616/2057/1 4620/2123/1
f 4617/2340/1 4620/2123/1 4621/2260/1
f 4621/2260/1 4620/2123/1 4624/2150/1
f 4621/2260/1 4624/2150/1 4625/2260/1
f 4625/2260/1 4624/2150/1 4628/2150/1
f 4625/2260/1 4628/2150/1 4629/2260/1
f 4629/2260/1 4628/2150/1 4632/2122/1
f 4629/2260/1 4632/2122/1 4633/2339/1
f 4633/2339/1 4632/2122/1 4636/2056/1
f 4633/2339/1 4636/2056/1 4637/2385/1
f 4637/2385/1 4636/2056/1 4640/1936/1
f 4637/2385/1 4640/1936/1 4641/2466/1
f 4641/2466/1 4640/1936/1 4644/1852/1
f 4641/2466/1 4644/1852/1 4645/2546/1
f 4645/2546/1 4644/1852/1 4648/1768/1
f 4645/2546/1 4648/1768/1 4649/2626/1
f 4649/2626/1 4648/1768/1 4652/1684/1
f 4649/2626/1 4652/1684/1 4653/2706/1
f 4653/2706/1 4652/1684/1 4656/1600/1
f 4653/2706/1 4656/1600/1 4657/2786/1
f 4657/2786/1 4656/1600/1 4660/1516/1
f 4657/2786/1 4660/1516/1 4661/2870/1
f 4661/2870/1 4660/1516/1 4693/2869/1
f 4661/2870/1 4693/2869/1 4689/3233/1
f 4630/218/1 4726/217/1 4634/290/1
f 4634/290/1 4726/217/1 4722/289/1
f 4634/290/1 4722/289/1 4638/374/1
f 4638/374/1 4722/289/1 4718/373/1
f 4638/374/1 4718/373/1 4642/458/1
f 4642/458/1 4718/373/1 4714/457/1
f 4642/458/1 4714/457/1 4646/533/1
f 4646/533/1 4714/457/1 4710/532/1
f 4646/533/1 4710/532/1 4650/605/1
f 4650/605/1 4710/532/1 4706/604/1
f 4650/605/1 4706/604/1 4654/679/1
f 4654/679/1 4706/604/1 4702/678/1
f 4654/679/1 4702/678/1 4658/753/1
f 4658/753/1 4702/678/1 4698/752/1
f 4658/753/1 4698/752/1 4662/834/1
f 4662/834/1 4698/752/1 4694/833/1
f 4662/834/1 4694/833/1 4666/918/1
f 4666/918/1 4694/833/1 4690/917/1
f 4666/918/1 4690/917/1 4670/1002/1
f 4670/1002/1 4690/917/1 4686/1001/1
f 4670/1002/1 4686/1001/1 4674/1086/1
f 4674/1086/1 4686/1001/1 4682/1085/1
f 4674/1086/1 4682/1085/1 4676/1176/1
f 4676/1176/1 4682/1085/1 4680/1175/1
f 4676/1176/1 4680/1175/1 4672/1260/1
f 4672/1260/1 4680/1175/1 4684/1259/1
f 4672/1260/1 4684/1259/1 4668/1348/1
f 4668/1348/1 4684/1259/1 4688/1347/1
f 4668/1348/1 4688/1347/1 4664/1432/1
f 4664/1432/1 4688/1347/1 4692/1431/1
f 4664/1432/1 4692/1431/1 4660/1516/1
f 4660/1516/1 4692/1431/1 4696/1515/1
f 4660/1516/1 4696/1515/1 4693/2869/1
f 4693/2869/1 4696/1515/1 4697/2785/1
f 4635/5302/1 4639/5126/1 4678/7020/1
f 4678/7020/1 4639/5126/1 4643/5012/1
f 4678/7020/1 4643/5012/1 4647/4852/1
f 4647/4852/1 4651/4692/1 4678/7020/1
f 4678/7020/1 4651/4692/1 4655/4601/1
f 4678/7020/1 4655/4601/1 4659/4439/1
f 4659/4439/1 4663/4290/1 4678/7020/1
f 4678/7020/1 4663/4290/1 4691/4289/1
f 4678/7020/1 4691/4289/1 4695/4436/1
f 4691/4289/1 4663/4290/1 4687/4129/1
f 4687/4129/1 4663/4290/1 4667/4130/1
f 4687/4129/1 4667/4130/1 4683/3963/1
f 4683/3963/1 4667/4130/1 4671/3964/1
f 4683/3963/1 4671/3964/1 4679/3837/1
f 4679/3837/1 4671/3964/1 4675/3838/1
f 4679/3837/1 4675/3838/1 4681/3617/1
f 4681/3617/1 4675/3838/1 4673/3618/1
f 4681/3617/1 4673/3618/1 4669/3450/1
f 4681/3617/1 4669/3450/1 4685/3449/1
f 4685/3449/1 4669/3450/1 4665/3234/1
f 4685/3449/1 4665/3234/1 4689/3233/1
f 4689/3233/1 4665/3234/1 4661/2870/1
f 4696/1515/1 4700/1599/1 4697/2785/1
f 4697/2785/1 4700/1599/1 4701/2705/1
f 4700/1599/1 4704/1683/1 4701/2705/1
f 4701/2705/1 4704/1683/1 4705/2625/1
f 4704/1683/1 4708/1767/1 4705/2625/1
f 4705/2625/1 4708/1767/1 4709/2545/1
f 4708/1767/1 4712/1851/1 4709/2545/1
f 4709/2545/1 4712/1851/1 4713/2465/1
f 4712/1851/1 4716/1935/1 4713/2465/1
f 4713/2465/1 4716/1935/1 4717/2384/1
f 4716/1935/1 4720/2055/1 4717/2384/1
f 4717/2384/1 4720/2055/1 4721/2338/1
f 4720/2055/1 4724/2121/1 4721/2338/1
f 4721/2338/1 4724/2121/1 4725/2259/1
f 4724/2121/1 4728/2149/1 4725/2259/1
f 4725/2259/1 4728/2149/1 4729/2258/1
f 4728/2149/1 4732/2149/1 4729/2258/1
f 4729/2258/1 4732/2149/1 4733/2258/1
f 4732/2149/1 4736/2120/1 4733/2258/1
f 4733/2258/1 4736/2120/1 4737/2337/1
f 4736/2120/1 4740/2054/1 4737/2337/1
f 4737/2337/1 4740/2054/1 4741/2383/1
f 4740/2054/1 4744/1934/1 4741/2383/1
f 4741/2383/1 4744/1934/1 4745/2464/1
f 4744/1934/1 4748/1850/1 4745/2464/1
f 4745/2464/1 4748/1850/1 4749/2544/1
f 4748/1850/1 4752/1766/1 4749/2544/1
f 4749/2544/1 4752/1766/1 4810/1765/1
f 4749/2544/1 4810/1765/1 4811/2543/1
f 4811/2543/1 4810/1765/1 4814/1849/1
f 4811/2543/1 4814/1849/1 4815/2463/1
f 4815/2463/1 4814/1849/1 4818/1933/1
f 4815/2463/1 4818/1933/1 4819/2382/1
f 4819/2382/1 4818/1933/1 4822/2053/1
f 4819/2382/1 4822/2053/1 4823/2336/1
f 4823/2336/1 4822/2053/1 4826/2119/1
f 4823/2336/1 4826/2119/1 4827/2257/1
f 4827/2257/1 4826/2119/1 4830/2148/1
f 4827/2257/1 4830/2148/1 4831/2257/1
f 4831/2257/1 4830/2148/1 4834/2148/1
f 4831/2257/1 4834/2148/1 4835/2256/1
f 4835/2256/1 4834/2148/1 4838/2118/1
f 4835/2256/1 4838/2118/1 4839/2335/1
f 4839/2335/1 4838/2118/1 4842/2052/1
f 4839/2335/1 4842/2052/1 4843/2381/1
f 4843/2381/1 4842/2052/1 4846/1932/1
f 4843/2381/1 4846/1932/1 4847/2462/1
f 4847/2462/1 4846/1932/1 4850/1848/1
f 4847/2462/1 4850/1848/1 4851/2542/1
f 4851/2542/1 4850/1848/1 4854/1764/1
f 4851/2542/1 4854/1764/1 4855/2622/1
f 4855/2622/1 4854/1764/1 4858/1680/1
f 4855/2622/1 4858/1680/1 4859/2702/1
f 4859/2702/1 4858/1680/1 4862/1596/1
f 4859/2702/1 4862/1596/1 4863/2782/1
f 4863/2782/1 4862/1596/1 4866/1512/1
f 4863/2782/1 4866/1512/1 4867/2866/1
f 4867/2866/1 4866/1512/1 4870/1428/1
f 4867/2866/1 4870/1428/1 4871/3230/1
f 4871/3230/1 4870/1428/1 4874/1344/1
f 4871/3230/1 4874/1344/1 4875/3442/1
f 4875/3442/1 4874/1344/1 4878/1256/1
f 4875/3442/1 4878/1256/1 4879/3614/1
f 4810/1765/1 4752/1766/1 4806/1681/1
f 4806/1681/1 4752/1766/1 4756/1682/1
f 4806/1681/1 4756/1682/1 4802/1597/1
f 4802/1597/1 4756/1682/1 4760/1598/1
f 4802/1597/1 4760/1598/1 4798/1513/1
f 4798/1513/1 4760/1598/1 4764/1514/1
f 4798/1513/1 4764/1514/1 4794/1429/1
f 4794/1429/1 4764/1514/1 4768/1430/1
f 4794/1429/1 4768/1430/1 4772/1346/1
f 4794/1429/1 4772/1346/1 4790/1345/1
f 4790/1345/1 4772/1346/1 4776/1258/1
f 4790/1345/1 4776/1258/1 4786/1257/1
f 4786/1257/1 4776/1258/1 4780/1174/1
f 4786/1257/1 4780/1174/1 4782/1173/1
f 4782/1173/1 4780/1174/1 4784/1083/1
f 4780/1174/1 4778/1084/1 4784/1083/1
f 4784/1083/1 4778/1084/1 4788/999/1
f 4778/1084/1 4774/1000/1 4788/999/1
f 4788/999/1 4774/1000/1 4792/915/1
f 4774/1000/1 4770/916/1 4792/915/1
f 4792/915/1 4770/916/1 4796/831/1
f 4770/916/1 4766/832/1 4796/831/1
f 4796/831/1 4766/832/1 4800/750/1
f 4766/832/1 4762/751/1 4800/750/1
f 4800/750/1 4762/751/1 4804/676/1
f 4762/751/1 4758/677/1 4804/676/1
f 4804/676/1 4758/677/1 4808/602/1
f 4758/677/1 4754/603/1 4808/602/1
f 4808/602/1 4754/603/1 4812/530/1
f 4754/603/1 4750/531/1 4812/530/1
f 4812/530/1 4750/531/1 4816/455/1
f 4750/531/1 4746/456/1 4816/455/1
f 4816/455/1 4746/456/1 4820/371/1
f 4746/456/1 4742/372/1 4820/371/1
f 4820/371/1 4742/372/1 4824/287/1
f 4742/372/1 4738/288/1 4824/287/1
f 4824/287/1 4738/288/1 4828/215/1
f 4738/288/1 4734/216/1 4828/215/1
f 4828/215/1 4734/216/1 4832/166/1
f 4734/216/1 4730/167/1 4832/166/1
f 4695/4436/1 4699/4598/1 4678/7020/1
f 4678/7020/1 4699/4598/1 4703/4691/1
f 4678/7020/1 4703/4691/1 4707/4851/1
f 4707/4851/1 4711/5011/1 4678/7020/1
f 4678/7020/1 4711/5011/1 4715/5125/1
f 4678/7020/1 4715/5125/1 4719/5301/1
f 4719/5301/1 4723/5344/1 4678/7020/1
f 4678/7020/1 4723/5344/1 4727/5367/1
f 4678/7020/1 4727/5367/1 4731/5367/1
f 4731/5367/1 4735/5343/1 4678/7020/1
f 4678/7020/1 4735/5343/1 4739/5300/1
f 4678/7020/1 4739/5300/1 4821/5299/1
f 4821/5299/1 4739/5300/1 4743/5124/1
f 4821/5299/1 4743/5124/1 4817/5123/1
f 4817/5123/1 4743/5124/1 4747/5010/1
f 4817/5123/1 4747/5010/1 4813/5009/1
f 4813/5009/1 4747/5010/1 4751/4850/1
f 4813/5009/1 4751/4850/1 4809/4849/1
f 4809/4849/1 4751/4850/1 4755/4690/1
f 4809/4849/1 4755/4690/1 4805/4689/1
f 4805/4689/1 4755/4690/1 4759/4597/1
f 4805/4689/1 4759/4597/1 4801/4594/1
f 4801/4594/1 4759/4597/1 4763/4435/1
f 4801/4594/1 4763/4435/1 4797/4432/1
f 4797/4432/1 4763/4435/1 4767/4288/1
f 4797/4432/1 4767/4288/1 4793/4287/1
f 4793/4287/1 4767/4288/1 4771/4128/1
f 4793/4287/1 4771/4128/1 4789/4127/1
f 4789/4127/1 4771/4128/1 4775/3962/1
f 4789/4127/1 4775/3962/1 4785/3961/1
f 4785/3961/1 4775/3962/1 4779/3834/1
f 4785/3961/1 4779/3834/1 4781/3833/1
f 4781/3833/1 4779/3834/1 4777/3616/1
f 4781/3833/1 4777/3616/1 4783/3615/1
f 4783/3615/1 4777/3616/1 4773/3446/1
f 4783/3615/1 4773/3446/1 4787/3445/1
f 4787/3445/1 4773/3446/1 4769/3232/1
f 4787/3445/1 4769/3232/1 4791/3231/1
f 4791/3231/1 4769/3232/1 4765/2868/1
f 4791/3231/1 4765/2868/1 4795/2867/1
f 4795/2867/1 4765/2868/1 4761/2784/1
f 4795/2867/1 4761/2784/1 4799/2783/1
f 4799/2783/1 4761/2784/1 4757/2704/1
f 4799/2783/1 4757/2704/1 4803/2703/1
f 4803/2703/1 4757/2704/1 4753/2624/1
f 4803/2703/1 4753/2624/1 4807/2623/1
f 4807/2623/1 4753/2624/1 4749/2544/1
f 4807/2623/1 4749/2544/1 4811/2543/1
f 4821/5299/1 4825/5342/1 4678/7020/1
f 4678/7020/1 4825/5342/1 4829/5366/1
f 4678/7020/1 4829/5366/1 4833/5366/1
f 4833/5366/1 4837/5341/1 4678/7020/1
f 4678/7020/1 4837/5341/1 4841/5298/1
f 4678/7020/1 4841/5298/1 4845/5122/1
f 4726/217/1 4630/218/1 4316/112/1
f 6927/7999/31 4827/2/31 6931/8106/28
f 6931/8106/28 4827/2/31 4831/1/28
f 6931/8106/28 4831/1/28 6935/8104/26
f 6935/8104/26 4831/1/28 4835/111/26
f 6935/8104/26 4835/111/26 6939/8103/24
f 6939/8103/24 4835/111/26 4839/109/24
f 6939/8103/24 4839/109/24 6943/8101/22
f 6943/8101/22 4839/109/24 4843/107/22
f 6943/8101/22 4843/107/22 6947/8099/20
f 6947/8099/20 4843/107/22 4847/105/20
f 6947/8099/20 4847/105/20 6951/8096/18
f 6951/8096/18 4847/105/20 4851/103/18
f 6951/8096/18 4851/103/18 6955/8094/16
f 6955/8094/16 4851/103/18 4855/101/16
f 6955/8094/16 4855/101/16 6959/8091/14
f 6959/8091/14 4855/101/16 4859/99/14
f 6959/8091/14 4859/99/14 6963/8089/12
f 6963/8089/12 4859/99/14 4863/97/12
f 6963/8089/12 4863/97/12 6967/8085/10
f 6967/8085/10 4863/97/12 4867/94/10
f 6967/8085/10 4867/94/10 6971/8083/8
f 6971/8083/8 4867/94/10 4871/92/8
f 6971/8083/8 4871/92/8 6975/8081/6
f 6975/8081/6 4871/92/8 4875/90/6
f 6975/8081/6 4875/90/6 6979/8079/4
f 6979/8079/4 4875/90/6 4879/88/4
f 6979/8079/4 4879/88/4 6981/8077/3
f 6981/8077/3 4879/88/4 4881/86/3
f 6981/8077/3 4881/86/3 6977/8075/5
f 6977/8075/5 4881/86/3 4877/84/5
f 6977/8075/5 4877/84/5 6973/8072/7
f 6973/8072/7 4877/84/5 4873/81/7
f 6973/8072/7 4873/81/7 6969/8070/9
f 6969/8070/9 4873/81/7 4869/79/9
f 6969/8070/9 4869/79/9 6965/8068/11
f 6965/8068/11 4869/79/9 4865/77/11
f 6965/8068/11 4865/77/11 6961/8066/13
f 6961/8066/13 4865/77/11 4861/74/13
f 6961/8066/13 4861/74/13 6957/8064/15
f 6957/8064/15 4861/74/13 4857/72/15
f 6957/8064/15 4857/72/15 6953/8062/17
f 6953/8062/17 4857/72/15 4853/70/17
f 6953/8062/17 4853/70/17 6949/8060/19
f 6949/8060/19 4853/70/17 4849/68/19
f 6949/8060/19 4849/68/19 6945/8058/21
f 6945/8058/21 4849/68/19 4845/66/21
f 6945/8058/21 4845/66/21 6941/8056/23
f 6941/8056/23 4845/66/21 4841/64/23
f 6941/8056/23 4841/64/23 6937/8054/25
f 6937/8054/25 4841/64/23 4837/61/25
f 6937/8054/25 4837/61/25 6933/8052/27
f 6933/8052/27 4837/61/25 4833/59/27
f 6933/8052/27 4833/59/27 6929/8049/30
f 6929/8049/30 4833/59/27 4829/55/30
f 6929/8049/30 4829/55/30 6925/8047/32
f 6925/8047/32 4829/55/30 4825/53/32
f 6925/8047/32 4825/53/32 6921/8045/34
f 6921/8045/34 4825/53/32 4821/50/34
f 6921/8045/34 4821/50/34 6917/8043/36
f 6917/8043/36 4821/50/34 4817/48/36
f 6917/8043/36 4817/48/36 6913/8041/38
f 6913/8041/38 4817/48/36 4813/46/38
f 6913/8041/38 4813/46/38 6909/8039/40
f 6909/8039/40 4813/46/38 4809/44/40
f 6909/8039/40 4809/44/40 6905/8037/42
f 6905/8037/42 4809/44/40 4805/42/42
f 6905/8037/42 4805/42/42 6901/8035/44
f 6901/8035/44 4805/42/42 4801/40/44
f 6901/8035/44 4801/40/44 6897/8033/46
f 6897/8033/46 4801/40/44 4797/37/46
f 6897/8033/46 4797/37/46 6893/8031/48
f 6893/8031/48 4797/37/46 4793/35/48
f 6893/8031/48 4793/35/48 6889/8029/50
f 6889/8029/50 4793/35/48 4789/33/50
f 6889/8029/50 4789/33/50 6885/8027/52
f 6885/8027/52 4789/33/50 4785/31/52
f 6885/8027/52 4785/31/52 6881/8025/55
f 6881/8025/55 4785/31/52 4781/29/55
f 6881/8025/55 4781/29/55 6883/8023/53
f 6883/8023/53 4781/29/55 4783/27/53
f 6883/8023/53 4783/27/53 6887/8021/51
f 6887/8021/51 4783/27/53 4787/25/51
f 6887/8021/51 4787/25/51 6891/8019/49
f 6891/8019/49 4787/25/51 4791/23/49
f 6891/8019/49 4791/23/49 6895/8017/47
f 6895/8017/47 4791/23/49 4795/21/47
f 6895/8017/47 4795/21/47 6899/8014/45
f 6899/8014/45 4795/21/47 4799/19/45
f 6899/8014/45 4799/19/45 6903/8012/43
f 6903/8012/43 4799/19/45 4803/17/43
f 6903/8012/43 4803/17/43 6907/8009/41
f 6907/8009/41 4803/17/43 4807/15/41
f 6907/8009/41 4807/15/41 6911/8007/39
f 6911/8007/39 4807/15/41 4811/13/39
f 6911/8007/39 4811/13/39 6915/8004/37
f 6915/8004/37 4811/13/39 4815/11/37
f 6915/8004/37 4815/11/37 6919/8002/35
f 6919/8002/35 4815/11/37 4819/8/35
f 6919/8002/35 4819/8/35 6923/8001/33
f 6923/8001/33 4819/8/35 4823/5/33
f 6923/8001/33 4823/5/33 6927/7999/31
f 6927/7999/31 4823/5/33 4827/2/31
f 6928/7999/31 4828/2/31 6932/7996/28
f 6932/7996/28 4828/2/31 4832/112/28
f 6932/7996/28 4832/112/28 6936/8104/26
f 6936/8104/26 4832/112/28 4836/111/26
f 6936/8104/26 4836/111/26 6940/8103/24
f 6940/8103/24 4836/111/26 4840/109/24
f 6940/8103/24 4840/109/24 6944/8101/22
f 6944/8101/22 4840/109/24 4844/107/22
f 6944/8101/22 4844/107/22 6948/8099/20
f 6948/8099/20 4844/107/22 4848/105/20
f 6948/8099/20 4848/105/20 6952/8096/18
f 6952/8096/18 4848/105/20 4852/103/18
f 6952/8096/18 4852/103/18 6956/8094/16
f 6956/8094/16 4852/103/18 4856/101/16
f 6956/8094/16 4856/101/16 6960/8091/14
f 6960/8091/14 4856/101/16 4860/99/14
f 6960/8091/14 4860/99/14 6964/8089/12
f 6964/8089/12 4860/99/14 4864/97/12
f 6964/8089/12 4864/97/12 6968/8085/10
f 6968/8085/10 4864/97/12 4868/94/10
f 6968/8085/10 4868/94/10 6972/8083/8
f 6972/8083/8 4868/94/10 4872/92/8
f 6972/8083/8 4872/92/8 6976/8081/6
f 6976/8081/6 4872/92/8 4876/90/6
f 6976/8081/6 4876/90/6 6980/8079/4
f 6980/8079/4 4876/90/6 4880/88/4
f 6980/8079/4 4880/88/4 6982/8077/3
f 6982/8077/3 4880/88/4 4882/86/3
f 6982/8077/3 4882/86/3 6978/8075/5
f 6978/8075/5 4882/86/3 4878/84/5
f 6978/8075/5 4878/84/5 6974/8072/7
f 6974/8072/7 4878/84/5 4874/81/7
f 6974/8072/7 4874/81/7 6970/8070/9
f 6970/8070/9 4874/81/7 4870/79/9
f 6970/8070/9 4870/79/9 6966/8068/11
f 6966/8068/11 4870/79/9 4866/77/11
f 6966/8068/11 4866/77/11 6962/8066/13
f 6962/8066/13 4866/77/11 4862/74/13
f 6962/8066/13 4862/74/13 6958/8064/15
f 6958/8064/15 4862/74/13 4858/72/15
f 6958/8064/15 4858/72/15 6954/8062/17
f 6954/8062/17 4858/72/15 4854/70/17
f 6954/8062/17 4854/70/17 6950/8060/19
f 6950/8060/19 4854/70/17 4850/68/19
f 6950/8060/19 4850/68/19 6946/8058/21
f 6946/8058/21 4850/68/19 4846/66/21
f 6946/8058/21 4846/66/21 6942/8056/23
f 6942/8056/23 4846/66/21 4842/64/23
f 6942/8056/23 4842/64/23 6938/8054/25
f 6938/8054/25 4842/64/23 4838/61/25
f 6938/8054/25 4838/61/25 6934/8052/27
f 6934/8052/27 4838/61/25 4834/59/27
f 6934/8052/27 4834/59/27 6930/8049/30
f 6930/8049/30 4834/59/27 4830/55/30
f 6930/8049/30 4830/55/30 6926/8047/32
f 6926/8047/32 4830/55/30 4826/53/32
f 6926/8047/32 4826/53/32 6922/8045/34
f 6922/8045/34 4826/53/32 4822/50/34
f 6922/8045/34 4822/50/34 6918/8043/36
f 6918/8043/36 4822/50/34 4818/48/36
f 6918/8043/36 4818/48/36 6914/8041/38
f 6914/8041/38 4818/48/36 4814/46/38
f 6914/8041/38 4814/46/38 6910/8039/40
f 6910/8039/40 4814/46/38 4810/44/40
f 6910/8039/40 4810/44/40 6906/8037/42
f 6906/8037/42 4810/44/40 4806/42/42
f 6906/8037/42 4806/42/42 6902/8035/44
f 6902/8035/44 4806/42/42 4802/40/44
f 6902/8035/44 4802/40/44 6898/8033/46
f 6898/8033/46 4802/40/44 4798/37/46
f 6898/8033/46 4798/37/46 6894/8031/48
f 6894/8031/48 4798/37/46 4794/35/48
f 6894/8031/48 4794/35/48 6890/8029/50
f 6890/8029/50 4794/35/48 4790/33/50
f 6890/8029/50 4790/33/50 6886/8027/52
f 6886/8027/52 4790/33/50 4786/31/52
f 6886/8027/52 4786/31/52 6882/8025/55
f 6882/8025/55 4786/31/52 4782/29/55
f 6882/8025/55 4782/29/55 6884/8023/53
f 6884/8023/53 4782/29/55 4784/27/53
f 6884/8023/53 4784/27/53 6888/8021/51
f 6888/8021/51 4784/27/53 4788/25/51
f 6888/8021/51 4788/25/51 6892/8019/49
f 6892/8019/49 4788/25/51 4792/23/49
f 6892/8019/49 4792/23/49 6896/8017/47
f 6896/8017/47 4792/23/49 4796/21/47
f 6896/8017/47 4796/21/47 6900/8014/45
f 6900/8014/45 4796/21/47 4800/19/45
f 6900/8014/45 4800/19/45 6904/8012/43
f 6904/8012/43 4800/19/45 4804/17/43
f 6904/8012/43 4804/17/43 6908/8009/41
f 6908/8009/41 4804/17/43 4808/15/41
f 6908/8009/41 4808/15/41 6912/8007/39
f 6912/8007/39 4808/15/41 4812/13/39
f 6912/8007/39 4812/13/39 6916/8004/37
f 6916/8004/37 4812/13/39 4816/11/37
f 6916/8004/37 4816/11/37 6920/8002/35
f 6920/8002/35 4816/11/37 4820/8/35
f 6920/8002/35 4820/8/35 6924/8001/33
f 6924/8001/33 4820/8/35 4824/5/33
f 6924/8001/33 4824/5/33 6928/7999/31
f 6928/7999/31 4824/5/33 4828/2/31
f 6825/7996/31 4725/1/31 6829/8106/28
f 6829/8106/28 4725/1/31 4729/112/28
f 6829/8106/28 4729/112/28 6833/8104/26
f 6833/8104/26 4729/112/28 4733/111/26
f 6833/8104/26 4733/111/26 6837/8103/24
f 6837/8103/24 4733/111/26 4737/109/24
f 6837/8103/24 4737/109/24 6841/8100/22
f 6841/8100/22 4737/109/24 4741/106/22
f 6841/8100/22 4741/106/22 6845/8098/20
f 6845/8098/20 4741/106/22 4745/104/20
f 6845/8098/20 4745/104/20 6849/8095/18
f 6849/8095/18 4745/104/20 4749/102/18
f 6849/8095/18 4749/102/18 6853/8093/16
f 6853/8093/16 4749/102/18 4753/100/16
f 6853/8093/16 4753/100/16 6857/8090/14
f 6857/8090/14 4753/100/16 4757/98/14
f 6857/8090/14 4757/98/14 6861/8088/12
f 6861/8088/12 4757/98/14 4761/96/12
f 6861/8088/12 4761/96/12 6865/8084/10
f 6865/8084/10 4761/96/12 4765/93/10
f 6865/8084/10 4765/93/10 6869/8082/8
f 6869/8082/8 4765/93/10 4769/91/8
f 6869/8082/8 4769/91/8 6873/8080/6
f 6873/8080/6 4769/91/8 4773/89/6
f 6873/8080/6 4773/89/6 6877/8078/4
f 6877/8078/4 4773/89/6 4777/87/4
f 6877/8078/4 4777/87/4 6879/8076/3
f 6879/8076/3 4777/87/4 4779/85/3
f 6879/8076/3 4779/85/3 6875/8074/5
f 6875/8074/5 4779/85/3 4775/83/5
f 6875/8074/5 4775/83/5 6871/8071/7
f 6871/8071/7 4775/83/5 4771/80/7
f 6871/8071/7 4771/80/7 6867/8069/9
f 6867/8069/9 4771/80/7 4767/78/9
f 6867/8069/9 4767/78/9 6863/8067/11
f 6863/8067/11 4767/78/9 4763/76/11
f 6863/8067/11 4763/76/11 6859/8065/13
f 6859/8065/13 4763/76/11 4759/73/13
f 6859/8065/13 4759/73/13 6855/8063/15
f 6855/8063/15 4759/73/13 4755/71/15
f 6855/8063/15 4755/71/15 6851/8061/17
f 6851/8061/17 4755/71/15 4751/69/17
f 6851/8061/17 4751/69/17 6847/8059/19
f 6847/8059/19 4751/69/17 4747/67/19
f 6847/8059/19 4747/67/19 6843/8057/21
f 6843/8057/21 4747/67/19 4743/65/21
f 6843/8057/21 4743/65/21 6839/8055/23
f 6839/8055/23 4743/65/21 4739/63/23
f 6839/8055/23 4739/63/23 6835/8053/25
f 6835/8053/25 4739/63/23 4735/60/25
f 6835/8053/25 4735/60/25 6831/8051/27
f 6831/8051/27 4735/60/25 4731/57/27
f 6831/8051/27 4731/57/27 6827/8048/30
f 6827/8048/30 4731/57/27 4727/54/30
f 6827/8048/30 4727/54/30 6823/8046/32
f 6823/8046/32 4727/54/30 4723/51/32
f 6823/8046/32 4723/51/32 6819/8044/34
f 6819/8044/34 4723/51/32 4719/49/34
f 6819/8044/34 4719/49/34 6815/8042/36
f 6815/8042/36 4719/49/34 4715/47/36
f 6815/8042/36 4715/47/36 6811/8040/38
f 6811/8040/38 4715/47/36 4711/45/38
f 6811/8040/38 4711/45/38 6807/8038/40
f 6807/8038/40 4711/45/38 4707/43/40
f 6807/8038/40 4707/43/40 6803/8036/42
f 6803/8036/42 4707/43/40 4703/41/42
f 6803/8036/42 4703/41/42 6799/8034/44
f 6799/8034/44 4703/41/42 4699/38/44
f 6799/8034/44 4699/38/44 6795/8032/46
f 6795/8032/46 4699/38/44 4695/36/46
f 6795/8032/46 4695/36/46 6791/8030/48
f 6791/8030/48 4695/36/46 4691/34/48
f 6791/8030/48 4691/34/48 6787/8028/50
f 6787/8028/50 4691/34/48 4687/32/50
f 6787/8028/50 4687/32/50 6783/8026/52
f 6783/8026/52 4687/32/50 4683/30/52
f 6783/8026/52 4683/30/52 6779/8024/55
f 6779/8024/55 4683/30/52 4679/28/55
f 6779/8024/55 4679/28/55 6781/8022/53
f 6781/8022/53 4679/28/55 4681/26/53
f 6781/8022/53 4681/26/53 6785/8020/51
f 6785/8020/51 4681/26/53 4685/24/51
f 6785/8020/51 4685/24/51 6789/8018/49
f 6789/8018/49 4685/24/51 4689/22/49
f 6789/8018/49 4689/22/49 6793/8015/47
f 6793/8015/47 4689/22/49 4693/20/47
f 6793/8015/47 4693/20/47 6797/8013/45
f 6797/8013/45 4693/20/47 4697/18/45
f 6797/8013/45 4697/18/45 6801/8010/43
f 6801/8010/43 4697/18/45 4701/16/43
f 6801/8010/43 4701/16/43 6805/8008/41
f 6805/8008/41 4701/16/43 4705/14/41
f 6805/8008/41 4705/14/41 6809/8005/39
f 6809/8005/39 4705/14/41 4709/12/39
f 6809/8005/39 4709/12/39 6813/8003/37
f 6813/8003/37 4709/12/39 4713/9/37
f 6813/8003/37 4713/9/37 6817/8001/35
f 6817/8001/35 4713/9/37 4717/5/35
f 6817/8001/35 4717/5/35 6821/7999/33
f 6821/7999/33 4717/5/35 4721/2/33
f 6821/7999/33 4721/2/33 6825/7996/31
f 6825/7996/31 4721/2/33 4725/1/31
f 6826/7999/31 4726/2/31 6830/7996/28
f 6830/7996/28 4726/2/31 4730/112/28
f 6830/7996/28 4730/112/28 6834/8104/26
f 6834/8104/26 4730/112/28 4734/111/26
f 6834/8104/26 4734/111/26 6838/8103/24
f 6838/8103/24 4734/111/26 4738/109/24
f 6838/8103/24 4738/109/24 6842/8101/22
f 6842/8101/22 4738/109/24 4742/107/22
f 6842/8101/22 4742/107/22 6846/8099/20
f 6846/8099/20 4742/107/22 4746/105/20
f 6846/8099/20 4746/105/20 6850/8096/18
f 6850/8096/18 4746/105/20 4750/103/18
f 6850/8096/18 4750/103/18 6854/8094/16
f 6854/8094/16 4750/103/18 4754/101/16
f 6854/8094/16 4754/101/16 6858/8091/14
f 6858/8091/14 4754/101/16 4758/99/14
f 6858/8091/14 4758/99/14 6862/8089/12
f 6862/8089/12 4758/99/14 4762/97/12
f 6862/8089/12 4762/97/12 6866/8085/10
f 6866/8085/10 4762/97/12 4766/94/10
f 6866/8085/10 4766/94/10 6870/8083/8
f 6870/8083/8 4766/94/10 4770/92/8
f 6870/8083/8 4770/92/8 6874/8081/6
f 6874/8081/6 4770/92/8 4774/90/6
f 6874/8081/6 4774/90/6 6878/8079/4
f 6878/8079/4 4774/90/6 4778/88/4
f 6878/8079/4 4778/88/4 6880/8077/3
f 6880/8077/3 4778/88/4 4780/86/3
f 6880/8077/3 4780/86/3 6876/8075/5
f 6876/8075/5 4780/86/3 4776/84/5
f 6876/8075/5 4776/84/5 6872/8072/7
f 6872/8072/7 4776/84/5 4772/81/7
f 6872/8072/7 4772/81/7 6868/8070/9
f 6868/8070/9 4772/81/7 4768/79/9
f 6868/8070/9 4768/79/9 6864/8068/11
f 6864/8068/11 4768/79/9 4764/77/11
f 6864/8068/11 4764/77/11 6860/8066/13
f 6860/8066/13 4764/77/11 4760/74/13
f 6860/8066/13 4760/74/13 6856/8064/15
f 6856/8064/15 4760/74/13 4756/72/15
f 6856/8064/15 4756/72/15 6852/8062/17
f 6852/8062/17 4756/72/15 4752/70/17
f 6852/8062/17 4752/70/17 6848/8060/19
f 6848/8060/19 4752/70/17 4748/68/19
f 6848/8060/19 4748/68/19 6844/8058/21
f 6844/8058/21 4748/68/19 4744/66/21
f 6844/8058/21 4744/66/21 6840/8056/23
f 6840/8056/23 4744/66/21 4740/64/23
f 6840/8056/23 4740/64/23 6836/8054/25
f 6836/8054/25 4740/64/23 4736/61/25
f 6836/8054/25 4736/61/25 6832/8052/27
f 6832/8052/27 4736/61/25 4732/59/27
f 6832/8052/27 4732/59/27 6828/8049/30
f 6828/8049/30 4732/59/27 4728/55/30
f 6828/8049/30 4728/55/30 6824/8047/32
f 6824/8047/32 4728/55/30 4724/53/32
f 6824/8047/32 4724/53/32 6820/8045/34
f 6820/8045/34 4724/53/32 4720/50/34
f 6820/8045/34 4720/50/34 6816/8043/36
f 6816/8043/36 4720/50/34 4716/48/36
f 6816/8043/36 4716/48/36 6812/8041/38
f 6812/8041/38 4716/48/36 4712/46/38
f 6812/8041/38 4712/46/38 6808/8039/40
f 6808/8039/40 4712/46/38 4708/44/40
f 6808/8039/40 4708/44/40 6804/8037/42
f 6804/8037/42 4708/44/40 4704/42/42
f 6804/8037/42 4704/42/42 6800/8035/44
f 6800/8035/44 4704/42/42 4700/40/44
f 6800/8035/44 4700/40/44 6796/8033/46
f 6796/8033/46 4700/40/44 4696/37/46
f 6796/8033/46 4696/37/46 6792/8031/48
f 6792/8031/48 4696/37/46 4692/35/48
f 6792/8031/48 4692/35/48 6788/8029/50
f 6788/8029/50 4692/35/48 4688/33/50
f 6788/8029/50 4688/33/50 6784/8027/52
f 6784/8027/52 4688/33/50 4684/31/52
f 6784/8027/52 4684/31/52 6780/8025/55
f 6780/8025/55 4684/31/52 4680/29/55
f 6780/8025/55 4680/29/55 6782/8023/53
f 6782/8023/53 4680/29/55 4682/27/53
f 6782/8023/53 4682/27/53 6786/8021/51
f 6786/8021/51 4682/27/53 4686/25/51
f 6786/8021/51 4686/25/51 6790/8019/49
f 6790/8019/49 4686/25/51 4690/23/49
f 6790/8019/49 4690/23/49 6794/8017/47
f 6794/8017/47 4690/23/49 4694/21/47
f 6794/8017/47 4694/21/47 6798/8014/45
f 6798/8014/45 4694/21/47 4698/19/45
f 6798/8014/45 4698/19/45 6802/8012/43
f 6802/8012/43 4698/19/45 4702/17/43
f 6802/8012/43 4702/17/43 6806/8009/41
f 6806/8009/41 4702/17/43 4706/15/41
f 6806/8009/41 4706/15/41 6810/8007/39
f 6810/8007/39 4706/15/41 4710/13/39
f 6810/8007/39 4710/13/39 6814/8004/37
f 6814/8004/37 4710/13/39 4714/11/37
f 6814/8004/37 4714/11/37 6818/8002/35
f 6818/8002/35 4714/11/37 4718/8/35
f 6818/8002/35 4718/8/35 6822/8001/33
f 6822/8001/33 4718/8/35 4722/5/33
f 6822/8001/33 4722/5/33 6826/7999/31
f 6826/7999/31 4722/5/33 4726/2/31
f 6723/7999/31 4621/2/31 6727/7996/28
f 6727/7996/28 4621/2/31 4625/112/28
f 6727/7996/28 4625/112/28 6731/8104/26
f 6731/8104/26 4625/112/28 4629/111/26
f 6731/8104/26 4629/111/26 6735/8103/24
f 6735/8103/24 4629/111/26 4633/109/24
f 6735/8103/24 4633/109/24 6739/8101/22
f 6739/8101/22 4633/109/24 4637/107/22
f 6739/8101/22 4637/107/22 6743/8099/20
f 6743/8099/20 4637/107/22 4641/105/20
f 6743/8099/20 4641/105/20 6747/8096/18
f 6747/8096/18 4641/105/20 4645/103/18
f 6747/8096/18 4645/103/18 6751/8094/16
f 6751/8094/16 4645/103/18 4649/101/16
f 6751/8094/16 4649/101/16 6755/8091/14
f 6755/8091/14 4649/101/16 4653/99/14
f 6755/8091/14 4653/99/14 6759/8089/12
f 6759/8089/12 4653/99/14 4657/97/12
f 6759/8089/12 4657/97/12 6763/8085/10
f 6763/8085/10 4657/97/12 4661/94/10
f 6763/8085/10 4661/94/10 6767/8083/8
f 6767/8083/8 4661/94/10 4665/92/8
f 6767/8083/8 4665/92/8 6771/8081/6
f 6771/8081/6 4665/92/8 4669/90/6
f 6771/8081/6 4669/90/6 6775/8079/4
f 6775/8079/4 4669/90/6 4673/88/4
f 6775/8079/4 4673/88/4 6777/8077/3
f 6777/8077/3 4673/88/4 4675/86/3
f 6777/8077/3 4675/86/3 6773/8075/5
f 6773/8075/5 4675/86/3 4671/84/5
f 6773/8075/5 4671/84/5 6769/8072/7
f 6769/8072/7 4671/84/5 4667/81/7
f 6769/8072/7 4667/81/7 6765/8070/9
f 6765/8070/9 4667/81/7 4663/79/9
f 6765/8070/9 4663/79/9 6761/8068/11
f 6761/8068/11 4663/79/9 4659/77/11
f 6761/8068/11 4659/77/11 6757/8066/13
f 6757/8066/13 4659/77/11 4655/74/13
f 6757/8066/13 4655/74/13 6753/8064/15
f 6753/8064/15 4655/74/13 4651/72/15
f 6753/8064/15 4651/72/15 6749/8062/17
f 6749/8062/17 4651/72/15 4647/70/17
f 6749/8062/17 4647/70/17 6745/8060/19
f 6745/8060/19 4647/70/17 4643/68/19
f 6745/8060/19 4643/68/19 6741/8058/21
f 6741/8058/21 4643/68/19 4639/66/21
f 6741/8058/21 4639/66/21 6737/8056/23
f 6737/8056/23 4639/66/21 4635/64/23
f 6737/8056/23 4635/64/23 6733/8054/25
f 6733/8054/25 4635/64/23 4631/61/25
f 6733/8054/25 4631/61/25 6729/8052/27
f 6729/8052/27 4631/61/25 4627/59/27
f 6729/8052/27 4627/59/27 6725/8049/30
f 6725/8049/30 4627/59/27 4623/55/30
f 6725/8049/30 4623/55/30 6721/8047/32
f 6721/8047/32 4623/55/30 4619/53/32
f 6721/8047/32 4619/53/32 6717/8045/34
f 6717/8045/34 4619/53/32 4615/50/34
f 6717/8045/34 4615/50/34 6713/8043/36
f 6713/8043/36 4615/50/34 4611/48/36
f 6713/8043/36 4611/48/36 6709/8041/38
f 6709/8041/38 4611/48/36 4607/46/38
f 6709/8041/38 4607/46/38 6705/8039/40
f 6705/8039/40 4607/46/38 4603/44/40
f 6705/8039/40 4603/44/40 6701/8037/42
f 6701/8037/42 4603/44/40 4599/42/42
f 6701/8037/42 4599/42/42 6697/8035/44
f 6697/8035/44 4599/42/42 4595/40/44
f 6697/8035/44 4595/40/44 6693/8033/46
f 6693/8033/46 4595/40/44 4591/37/46
f 6693/8033/46 4591/37/46 6689/8031/48
f 6689/8031/48 4591/37/46 4587/35/48
f 6689/8031/48 4587/35/48 6685/8029/50
f 6685/8029/50 4587/35/48 4583/33/50
f 6685/8029/50 4583/33/50 6681/8027/52
f 6681/8027/52 4583/33/50 4579/31/52
f 6681/8027/52 4579/31/52 6677/8025/55
f 6677/8025/55 4579/31/52 4575/29/55
f 6677/8025/55 4575/29/55 6679/8023/53
f 6679/8023/53 4575/29/55 4577/27/53
f 6679/8023/53 4577/27/53 6683/8021/51
f 6683/8021/51 4577/27/53 4581/25/51
f 6683/8021/51 4581/25/51 6687/8019/49
f 6687/8019/49 4581/25/51 4585/23/49
f 6687/8019/49 4585/23/49 6691/8017/47
f 6691/8017/47 4585/23/49 4589/21/47
f 6691/8017/47 4589/21/47 6695/8014/45
f 6695/8014/45 4589/21/47 4593/19/45
f 6695/8014/45 4593/19/45 6699/8012/43
f 6699/8012/43 4593/19/45 4597/17/43
f 6699/8012/43 4597/17/43 6703/8009/41
f 6703/8009/41 4597/17/43 4601/15/41
f 6703/8009/41 4601/15/41 6707/8007/39
f 6707/8007/39 4601/15/41 4605/13/39
f 6707/8007/39 4605/13/39 6711/8004/37
f 6711/8004/37 4605/13/39 4609/11/37
f 6711/8004/37 4609/11/37 6715/8002/35
f 6715/8002/35 4609/11/37 4613/8/35
f 6715/8002/35 4613/8/35 6719/8001/33
f 6719/8001/33 4613/8/35 4617/5/33
f 6719/8001/33 4617/5/33 6723/7999/31
f 6723/7999/31 4617/5/33 4621/2/31
f 6724/7999/31 4622/2/31 6728/7996/28
f 6728/7996/28 4622/2/31 4626/112/28
f 6728/7996/28 4626/112/28 6732/8104/26
f 6732/8104/26 4626/112/28 4630/111/26
f 6732/8104/26 4630/111/26 6736/8103/24
f 6736/8103/24 4630/111/26 4634/109/24
f 6736/8103/24 4634/109/24 6740/8101/22
f 6740/8101/22 4634/109/24 4638/107/22
f 6740/8101/22 4638/107/22 6744/8099/20
f 6744/8099/20 4638/107/22 4642/105/20
f 6744/8099/20 4642/105/20 6748/8096/18
f 6748/8096/18 4642/105/20 4646/103/18
f 6748/8096/18 4646/103/18 6752/8094/16
f 6752/8094/16 4646/103/18 4650/101/16
f 6752/8094/16 4650/101/16 6756/8091/14
f 6756/8091/14 4650/101/16 4654/99/14
f 6756/8091/14 4654/99/14 6760/8089/12
f 6760/8089/12 4654/99/14 4658/97/12
f 6760/8089/12 4658/97/12 6764/8085/10
f 6764/8085/10 4658/97/12 4662/94/10
f 6764/8085/10 4662/94/10 6768/8083/8
f 6768/8083/8 4662/94/10 4666/92/8
f 6768/8083/8 4666/92/8 6772/8081/6
f 6772/8081/6 4666/92/8 4670/90/6
f 6772/8081/6 4670/90/6 6776/8079/4
f 6776/8079/4 4670/90/6 4674/88/4
f 6776/8079/4 4674/88/4 6778/8077/3
f 6778/8077/3 4674/88/4 4676/86/3
f 6778/8077/3 4676/86/3 6774/8075/5
f 6774/8075/5 4676/86/3 4672/84/5
f 6774/8075/5 4672/84/5 6770/8072/7
f 6770/8072/7 4672/84/5 4668/81/7
f 6770/8072/7 4668/81/7 6766/8070/9
f 6766/8070/9 4668/81/7 4664/79/9
f 6766/8070/9 4664/79/9 6762/8068/11
f 6762/8068/11 4664/79/9 4660/77/11
f 6762/8068/11 4660/77/11 6758/8066/13
f 6758/8066/13 4660/77/11 4656/74/13
f 6758/8066/13 4656/74/13 6754/8064/15
f 6754/8064/15 4656/74/13 4652/72/15
f 6754/8064/15 4652/72/15 6750/8062/17
f 6750/8062/17 4652/72/15 4648/70/17
f 6750/8062/17 4648/70/17 6746/8060/19
f 6746/8060/19 4648/70/17 4644/68/19
f 6746/8060/19 4644/68/19 6742/8058/21
f 6742/8058/21 4644/68/19 4640/66/21
f 6742/8058/21 4640/66/21 6738/8056/23
f 6738/8056/23 4640/66/21 4636/64/23
f 6738/8056/23 4636/64/23 6734/8054/25
f 6734/8054/25 4636/64/23 4632/61/25
f 6734/8054/25 4632/61/25 6730/8052/27
f 6730/8052/27 4632/61/25 4628/59/27
f 6730/8052/27 4628/59/27 6726/8049/30
f 6726/8049/30 4628/59/27 4624/55/30
f 6726/8049/30 4624/55/30 6722/8047/32
f 6722/8047/32 4624/55/30 4620/53/32
f 6722/8047/32 4620/53/32 6718/8045/34
f 6718/8045/34 4620/53/32 4616/50/34
f 6718/8045/34 4616/50/34 6714/8043/36
f 6714/8043/36 4616/50/34 4612/48/36
f 6714/8043/36 4612/48/36 6710/8041/38
f 6710/8041/38 4612/48/36 4608/46/38
f 6710/8041/38 4608/46/38 6706/8039/40
f 6706/8039/40 4608/46/38 4604/44/40
f 6706/8039/40 4604/44/40 6702/8037/42
f 6702/8037/42 4604/44/40 4600/42/42
f 6702/8037/42 4600/42/42 6698/8035/44
f 6698/8035/44 4600/42/42 4596/40/44
f 6698/8035/44 4596/40/44 6694/8033/46
f 6694/8033/46 4596/40/44 4592/37/46
f 6694/8033/46 4592/37/46 6690/8031/48
f 6690/8031/48 4592/37/46 4588/35/48
f 6690/8031/48 4588/35/48 6686/8029/50
f 6686/8029/50 4588/35/48 4584/33/50
f 6686/8029/50 4584/33/50 6682/8027/52
f 6682/8027/52 4584/33/50 4580/31/52
f 6682/8027/52 4580/31/52 6678/8025/55
f 6678/8025/55 4580/31/52 4576/29/55
f 6678/8025/55 4576/29/55 6680/8023/53
f 6680/8023/53 4576/29/55 4578/27/53
f 6680/8023/53 4578/27/53 6684/8021/51
f 6684/8021/51 4578/27/53 4582/25/51
f 6684/8021/51 4582/25/51 6688/8019/49
f 6688/8019/49 4582/25/51 4586/23/49
f 6688/8019/49 4586/23/49 6692/8017/47
f 6692/8017/47 4586/23/49 4590/21/47
f 6692/8017/47 4590/21/47 6696/8014/45
f 6696/8014/45 4590/21/47 4594/19/45
f 6696/8014/45 4594/19/45 6700/8012/43
f 6700/8012/43 4594/19/45 4598/17/43
f 6700/8012/43 4598/17/43 6704/8009/41
f 6704/8009/41 4598/17/43 4602/15/41
f 6704/8009/41 4602/15/41 6708/8007/39
f 6708/8007/39 4602/15/41 4606/13/39
f 6708/8007/39 4606/13/39 6712/8004/37
f 6712/8004/37 4606/13/39 4610/11/37
f 6712/8004/37 4610/11/37 6716/8002/35
f 6716/8002/35 4610/11/37 4614/8/35
f 6716/8002/35 4614/8/35 6720/8001/33
f 6720/8001/33 4614/8/35 4618/5/33
f 6720/8001/33 4618/5/33 6724/7999/31
f 6724/7999/31 4618/5/33 4622/2/31
f 6621/7999/31 4519/2/31 6625/7996/28
f 6625/7996/28 4519/2/31 4523/112/28
f 6625/7996/28 4523/112/28 6629/8104/26
f 6629/8104/26 4523/112/28 4527/111/26
f 6629/8104/26 4527/111/26 6633/8103/24
f 6633/8103/24 4527/111/26 4531/109/24
f 6633/8103/24 4531/109/24 6637/8101/22
f 6637/8101/22 4531/109/24 4535/107/22
f 6637/8101/22 4535/107/22 6641/8099/20
f 6641/8099/20 4535/107/22 4539/105/20
f 6641/8099/20 4539/105/20 6645/8096/18
f 6645/8096/18 4539/105/20 4543/103/18
f 6645/8096/18 4543/103/18 6649/8094/16
f 6649/8094/16 4543/103/18 4547/101/16
f 6649/8094/16 4547/101/16 6653/8091/14
f 6653/8091/14 4547/101/16 4551/99/14
f 6653/8091/14 4551/99/14 6657/8089/12
f 6657/8089/12 4551/99/14 4555/97/12
f 6657/8089/12 4555/97/12 6661/8085/10
f 6661/8085/10 4555/97/12 4559/94/10
f 6661/8085/10 4559/94/10 6665/8083/8
f 6665/8083/8 4559/94/10 4563/92/8
f 6665/8083/8 4563/92/8 6669/8081/6
f 6669/8081/6 4563/92/8 4567/90/6
f 6669/8081/6 4567/90/6 6673/8079/4
f 6673/8079/4 4567/90/6 4571/88/4
f 6673/8079/4 4571/88/4 6675/8077/3
f 6675/8077/3 4571/88/4 4573/86/3
f 6675/8077/3 4573/86/3 6671/8075/5
f 6671/8075/5 4573/86/3 4569/84/5
f 6671/8075/5 4569/84/5 6667/8072/7
f 6667/8072/7 4569/84/5 4565/81/7
f 6667/8072/7 4565/81/7 6663/8070/9
f 6663/8070/9 4565/81/7 4561/79/9
f 6663/8070/9 4561/79/9 6659/8068/11
f 6659/8068/11 4561/79/9 4557/77/11
f 6659/8068/11 4557/77/11 6655/8066/13
f 6655/8066/13 4557/77/11 4553/74/13
f 6655/8066/13 4553/74/13 6651/8064/15
f 6651/8064/15 4553/74/13 4549/72/15
f 6651/8064/15 4549/72/15 6647/8062/17
f 6647/8062/17 4549/72/15 4545/70/17
f 6647/8062/17 4545/70/17 6643/8060/19
f 6643/8060/19 4545/70/17 4541/68/19
f 6643/8060/19 4541/68/19 6639/8058/21
f 6639/8058/21 4541/68/19 4537/66/21
f 6639/8058/21 4537/66/21 6635/8056/23
f 6635/8056/23 4537/66/21 4533/64/23
f 6635/8056/23 4533/64/23 6631/8054/25
f 6631/8054/25 4533/64/23 4529/61/25
f 6631/8054/25 4529/61/25 6627/8052/27
f 6627/8052/27 4529/61/25 4525/59/27
f 6627/8052/27 4525/59/27 6623/8049/30
f 6623/8049/30 4525/59/27 4521/55/30
f 6623/8049/30 4521/55/30 6619/8047/32
f 6619/8047/32 4521/55/30 4517/53/32
f 6619/8047/32 4517/53/32 6615/8045/34
f 6615/8045/34 4517/53/32 4513/50/34
f 6615/8045/34 4513/50/34 6611/8043/36
f 6611/8043/36 4513/50/34 4509/48/36
f 6611/8043/36 4509/48/36 6607/8041/38
f 6607/8041/38 4509/48/36 4505/46/38
f 6607/8041/38 4505/46/38 6603/8039/40
f 6603/8039/40 4505/46/38 4501/44/40
f 6603/8039/40 4501/44/40 6599/8037/42
f 6599/8037/42 4501/44/40 4497/42/42
f 6599/8037/42 4497/42/42 6595/8035/44
f 6595/8035/44 4497/42/42 4493/40/44
f 6595/8035/44 4493/40/44 6591/8033/46
f 6591/8033/46 4493/40/44 4489/37/46
f 6591/8033/46 4489/37/46 6587/8031/48
f 6587/8031/48 4489/37/46 4485/35/48
f 6587/8031/48 4485/35/48 6583/8029/50
f 6583/8029/50 4485/35/48 4481/33/50
f 6583/8029/50 4481/33/50 6579/8027/52
f 6579/8027/52 4481/33/50 4477/31/52
f 6579/8027/52 4477/31/52 6575/8025/55
f 6575/8025/55 4477/31/52 4473/29/55
f 6575/8025/55 4473/29/55 6577/8023/53
f 6577/8023/53 4473/29/55 4475/27/53
f 6577/8023/53 4475/27/53 6581/8021/51
f 6581/8021/51 4475/27/53 4479/25/51
f 6581/8021/51 4479/25/51 6585/8019/49
f 6585/8019/49 4479/25/51 4483/23/49
f 6585/8019/49 4483/23/49 6589/8017/47
f 6589/8017/47 4483/23/49 4487/21/47
f 6589/8017/47 4487/21/47 6593/8014/45
f 6593/8014/45 4487/21/47 4491/19/45
f 6593/8014/45 4491/19/45 6597/8012/43
f 6597/8012/43 4491/19/45 4495/17/43
f 6597/8012/43 4495/17/43 6601/8009/41
f 6601/8009/41 4495/17/43 4499/15/41
f 6601/8009/41 4499/15/41 6605/8007/39
f 6605/8007/39 4499/15/41 4503/13/39
f 6605/8007/39 4503/13/39 6609/8004/37
f 6609/8004/37 4503/13/39 4507/11/37
f 6609/8004/37 4507/11/37 6613/8002/35
f 6613/8002/35 4507/11/37 4511/8/35
f 6613/8002/35 4511/8/35 6617/8001/33
f 6617/8001/33 4511/8/35 4515/5/33
f 6617/8001/33 4515/5/33 6621/7999/31
f 6621/7999/31 4515/5/33 4519/2/31
f 6622/7996/31 4520/1/31 6626/8106/28
f 6626/8106/28 4520/1/31 4524/112/28
f 6626/8106/28 4524/112/28 6630/8104/26
f 6630/8104/26 4524/112/28 4528/111/26
f 6630/8104/26 4528/111/26 6634/8103/24
f 6634/8103/24 4528/111/26 4532/109/24
f 6634/8103/24 4532/109/24 6638/8100/22
f 6638/8100/22 4532/109/24 4536/106/22
f 6638/8100/22 4536/106/22 6642/8098/20
f 6642/8098/20 4536/106/22 4540/104/20
f 6642/8098/20 4540/104/20 6646/8095/18
f 6646/8095/18 4540/104/20 4544/102/18
f 6646/8095/18 4544/102/18 6650/8093/16
f 6650/8093/16 4544/102/18 4548/100/16
f 6650/8093/16 4548/100/16 6654/8090/14
f 6654/8090/14 4548/100/16 4552/98/14
f 6654/8090/14 4552/98/14 6658/8088/12
f 6658/8088/12 4552/98/14 4556/96/12
f 6658/8088/12 4556/96/12 6662/8084/10
f 6662/8084/10 4556/96/12 4560/93/10
f 6662/8084/10 4560/93/10 6666/8082/8
f 6666/8082/8 4560/93/10 4564/91/8
f 6666/8082/8 4564/91/8 6670/8080/6
f 6670/8080/6 4564/91/8 4568/89/6
f 6670/8080/6 4568/89/6 6674/8078/4
f 6674/8078/4 4568/89/6 4572/87/4
f 6674/8078/4 4572/87/4 6676/8076/3
f 6676/8076/3 4572/87/4 4574/85/3
f 6676/8076/3 4574/85/3 6672/8074/5
f 6672/8074/5 4574/85/3 4570/83/5
f 6672/8074/5 4570/83/5 6668/8071/7
f 6668/8071/7 4570/83/5 4566/80/7
f 6668/8071/7 4566/80/7 6664/8069/9
f 6664/8069/9 4566/80/7 4562/78/9
f 6664/8069/9 4562/78/9 6660/8067/11
f 6660/8067/11 4562/78/9 4558/76/11
f 6660/8067/11 4558/76/11 6656/8065/13
f 6656/8065/13 4558/76/11 4554/73/13
f 6656/8065/13 4554/73/13 6652/8063/15
f 6652/8063/15 4554/73/13 4550/71/15
f 6652/8063/15 4550/71/15 6648/8061/17
f 6648/8061/17 4550/71/15 4546/69/17
f 6648/8061/17 4546/69/17 6644/8059/19
f 6644/8059/19 4546/69/17 4542/67/19
f 6644/8059/19 4542/67/19 6640/8057/21
f 6640/8057/21 4542/67/19 4538/65/21
f 6640/8057/21 4538/65/21 6636/8055/23
f 6636/8055/23 4538/65/21 4534/63/23
f 6636/8055/23 4534/63/23 6632/8053/25
f 6632/8053/25 4534/63/23 4530/60/25
f 6632/8053/25 4530/60/25 6628/8051/27
f 6628/8051/27 4530/60/25 4526/57/27
f 6628/8051/27 4526/57/27 6624/8048/30
f 6624/8048/30 4526/57/27 4522/54/30
f 6624/8048/30 4522/54/30 6620/8046/32
f 6620/8046/32 4522/54/30 4518/51/32
f 6620/8046/32 4518/51/32 6616/8044/34
f 6616/8044/34 4518/51/32 4514/49/34
f 6616/8044/34 4514/49/34 6612/8042/36
f 6612/8042/36 4514/49/34 4510/47/36
f 6612/8042/36 4510/47/36 6608/8040/38
f 6608/8040/38 4510/47/36 4506/45/38
f 6608/8040/38 4506/45/38 6604/8038/40
f 6604/8038/40 4506/45/38 4502/43/40
f 6604/8038/40 4502/43/40 6600/8036/42
f 6600/8036/42 4502/43/40 4498/41/42
f 6600/8036/42 4498/41/42 6596/8034/44
f 6596/8034/44 4498/41/42 4494/38/44
f 6596/8034/44 4494/38/44 6592/8032/46
f 6592/8032/46 4494/38/44 4490/36/46
f 6592/8032/46 4490/36/46 6588/8030/48
f 6588/8030/48 4490/36/46 4486/34/48
f 6588/8030/48 4486/34/48 6584/8028/50
f 6584/8028/50 4486/34/48 4482/32/50
f 6584/8028/50 4482/32/50 6580/8026/52
f 6580/8026/52 4482/32/50 4478/30/52
f 6580/8026/52 4478/30/52 6576/8024/55
f 6576/8024/55 4478/30/52 4474/28/55
f 6576/8024/55 4474/28/55 6578/8022/53
f 6578/8022/53 4474/28/55 4476/26/53
f 6578/8022/53 4476/26/53 6582/8020/51
f 6582/8020/51 4476/26/53 4480/24/51
f 6582/8020/51 4480/24/51 6586/8018/49
f 6586/8018/49 4480/24/51 4484/22/49
f 6586/8018/49 4484/22/49 6590/8015/47
f 6590/8015/47 4484/22/49 4488/20/47
f 6590/8015/47 4488/20/47 6594/8013/45
f 6594/8013/45 4488/20/47 4492/18/45
f 6594/8013/45 4492/18/45 6598/8010/43
f 6598/8010/43 4492/18/45 4496/16/43
f 6598/8010/43 4496/16/43 6602/8008/41
f 6602/8008/41 4496/16/43 4500/14/41
f 6602/8008/41 4500/14/41 6606/8005/39
f 6606/8005/39 4500/14/41 4504/12/39
f 6606/8005/39 4504/12/39 6610/8003/37
f 6610/8003/37 4504/12/39 4508/9/37
f 6610/8003/37 4508/9/37 6614/8001/35
f 6614/8001/35 4508/9/37 4512/5/35
f 6614/8001/35 4512/5/35 6618/7999/33
f 6618/7999/33 4512/5/35 4516/2/33
f 6618/7999/33 4516/2/33 6622/7996/31
f 6622/7996/31 4516/2/33 4520/1/31
f 4420/1/29 6522/7996/29 4423/2/27
f 4423/2/27 6522/7996/29 6525/7999/27
f 4423/2/27 6525/7999/27 4427/8/25
f 4427/8/25 6525/7999/27 6529/8002/25
f 4427/8/25 6529/8002/25 4431/13/23
f 4431/13/23 6529/8002/25 6533/8007/23
f 4431/13/23 6533/8007/23 4435/17/21
f 4435/17/21 6533/8007/23 6537/8012/21
f 4435/17/21 6537/8012/21 4439/21/19
f 4439/21/19 6537/8012/21 6541/8017/19
f 4439/21/19 6541/8017/19 4443/25/17
f 4443/25/17 6541/8017/19 6545/8021/17
f 4443/25/17 6545/8021/17 4447/29/15
f 4447/29/15 6545/8021/17 6549/8025/15
f 4447/29/15 6549/8025/15 4451/33/13
f 4451/33/13 6549/8025/15 6553/8029/13
f 4451/33/13 6553/8029/13 4455/37/11
f 4455/37/11 6553/8029/13 6557/8033/11
f 4455/37/11 6557/8033/11 4459/42/9
f 4459/42/9 6557/8033/11 6561/8037/9
f 4459/42/9 6561/8037/9 4463/46/7
f 4463/46/7 6561/8037/9 6565/8041/7
f 4463/46/7 6565/8041/7 4467/50/5
f 4467/50/5 6565/8041/7 6569/8045/5
f 4467/50/5 6569/8045/5 4471/55/3
f 4471/55/3 6569/8045/5 6573/8049/3
f 4471/55/3 6573/8049/3 4469/61/4
f 4469/61/4 6573/8049/3 6571/8054/4
f 4469/61/4 6571/8054/4 4465/66/6
f 4465/66/6 6571/8054/4 6567/8058/6
f 4465/66/6 6567/8058/6 4461/70/8
f 4461/70/8 6567/8058/6 6563/8062/8
f 4461/70/8 6563/8062/8 4457/74/10
f 4457/74/10 6563/8062/8 6559/8066/10
f 4457/74/10 6559/8066/10 4453/79/12
f 4453/79/12 6559/8066/10 6555/8070/12
f 4453/79/12 6555/8070/12 4449/84/14
f 4449/84/14 6555/8070/12 6551/8075/14
f 4449/84/14 6551/8075/14 4445/88/16
f 4445/88/16 6551/8075/14 6547/8079/16
f 4445/88/16 6547/8079/16 4441/92/18
f 4441/92/18 6547/8079/16 6543/8083/18
f 4441/92/18 6543/8083/18 4437/97/20
f 4437/97/20 6543/8083/18 6539/8089/20
f 4437/97/20 6539/8089/20 4433/101/22
f 4433/101/22 6539/8089/20 6535/8094/22
f 4433/101/22 6535/8094/22 4429/105/24
f 4429/105/24 6535/8094/22 6531/8099/24
f 4429/105/24 6531/8099/24 4425/109/26
f 4425/109/26 6531/8099/24 6527/8103/26
f 4425/109/26 6527/8103/26 4421/112/28
f 4421/112/28 6527/8103/26 6523/8106/28
f 6520/7999/31 4418/2/31 6524/7996/28
f 6524/7996/28 4418/2/31 4422/112/28
f 6524/7996/28 4422/112/28 6528/8104/26
f 6528/8104/26 4422/112/28 4426/111/26
f 6528/8104/26 4426/111/26 6532/8103/24
f 6532/8103/24 4426/111/26 4430/109/24
f 6532/8103/24 4430/109/24 6536/8101/22
f 6536/8101/22 4430/109/24 4434/107/22
f 6536/8101/22 4434/107/22 6540/8099/20
f 6540/8099/20 4434/107/22 4438/105/20
f 6540/8099/20 4438/105/20 6544/8096/18
f 6544/8096/18 4438/105/20 4442/103/18
f 6544/8096/18 4442/103/18 6548/8094/16
f 6548/8094/16 4442/103/18 4446/101/16
f 6548/8094/16 4446/101/16 6552/8091/14
f 6552/8091/14 4446/101/16 4450/99/14
f 6552/8091/14 4450/99/14 6556/8089/12
f 6556/8089/12 4450/99/14 4454/97/12
f 6556/8089/12 4454/97/12 6560/8085/10
f 6560/8085/10 4454/97/12 4458/94/10
f 6560/8085/10 4458/94/10 6564/8083/8
f 6564/8083/8 4458/94/10 4462/92/8
f 6564/8083/8 4462/92/8 6568/8081/6
f 6568/8081/6 4462/92/8 4466/90/6
f 6568/8081/6 4466/90/6 6572/8079/4
f 6572/8079/4 4466/90/6 4470/88/4
f 6572/8079/4 4470/88/4 6574/8077/3
f 6574/8077/3 4470/88/4 4472/86/3
f 6574/8077/3 4472/86/3 6570/8075/5
f 6570/8075/5 4472/86/3 4468/84/5
f 6570/8075/5 4468/84/5 6566/8072/7
f 6566/8072/7 4468/84/5 4464/81/7
f 6566/8072/7 4464/81/7 6562/8070/9
f 6562/8070/9 4464/81/7 4460/79/9
f 6562/8070/9 4460/79/9 6558/8068/11
f 6558/8068/11 4460/79/9 4456/77/11
f 6558/8068/11 4456/77/11 6554/8066/13
f 6554/8066/13 4456/77/11 4452/74/13
f 6554/8066/13 4452/74/13 6550/8064/15
f 6550/8064/15 4452/74/13 4448/72/15
f 6550/8064/15 4448/72/15 6546/8062/17
f 6546/8062/17 4448/72/15 4444/70/17
f 6546/8062/17 4444/70/17 6542/8060/19
f 6542/8060/19 4444/70/17 4440/68/19
f 6542/8060/19 4440/68/19 6538/8058/21
f 6538/8058/21 4440/68/19 4436/66/21
f 6538/8058/21 4436/66/21 6534/8056/23
f 6534/8056/23 4436/66/21 4432/64/23
f 6534/8056/23 4432/64/23 6530/8054/25
f 6530/8054/25 4432/64/23 4428/61/25
f 6530/8054/25 4428/61/25 6526/8052/27
f 6526/8052/27 4428/61/25 4424/59/27
f 6526/8052/27 4424/59/27 6521/8049/30
f 6521/8049/30 4424/59/27 4419/55/30
f 6521/8049/30 4419/55/30 6519/8047/32
f 6519/8047/32 4419/55/30 4417/53/32
f 6519/8047/32 4417/53/32 6517/8045/34
f 6517/8045/34 4417/53/32 4415/50/34
f 6517/8045/34 4415/50/34 6515/8043/36
f 6515/8043/36 4415/50/34 4413/48/36
f 6515/8043/36 4413/48/36 6513/8041/38
f 6513/8041/38 4413/48/36 4411/46/38
f 6513/8041/38 4411/46/38 6511/8039/40
f 6511/8039/40 4411/46/38 4409/44/40
f 6511/8039/40 4409/44/40 6509/8037/42
f 6509/8037/42 4409/44/40 4407/42/42
f 6509/8037/42 4407/42/42 6507/8035/44
f 6507/8035/44 4407/42/42 4405/40/44
f 6507/8035/44 4405/40/44 6505/8033/46
f 6505/8033/46 4405/40/44 4403/37/46
f 6505/8033/46 4403/37/46 6503/8031/48
f 6503/8031/48 4403/37/46 4401/35/48
f 6503/8031/48 4401/35/48 6501/8029/50
f 6501/8029/50 4401/35/48 4399/33/50
f 6501/8029/50 4399/33/50 6499/8027/52
f 6499/8027/52 4399/33/50 4397/31/52
f 6499/8027/52 4397/31/52 6497/8025/55
f 6497/8025/55 4397/31/52 4395/29/55
f 6497/8025/55 4395/29/55 6498/8023/53
f 6498/8023/53 4395/29/55 4396/27/53
f 6498/8023/53 4396/27/53 6500/8021/51
f 6500/8021/51 4396/27/53 4398/25/51
f 6500/8021/51 4398/25/51 6502/8019/49
f 6502/8019/49 4398/25/51 4400/23/49
f 6502/8019/49 4400/23/49 6504/8017/47
f 6504/8017/47 4400/23/49 4402/21/47
f 6504/8017/47 4402/21/47 6506/8014/45
f 6506/8014/45 4402/21/47 4404/19/45
f 6506/8014/45 4404/19/45 6508/8012/43
f 6508/8012/43 4404/19/45 4406/17/43
f 6508/8012/43 4406/17/43 6510/8009/41
f 6510/8009/41 4406/17/43 4408/15/41
f 6510/8009/41 4408/15/41 6512/8007/39
f 6512/8007/39 4408/15/41 4410/13/39
f 6512/8007/39 4410/13/39 6514/8004/37
f 6514/8004/37 4410/13/39 4412/11/37
f 6514/8004/37 4412/11/37 6516/8002/35
f 6516/8002/35 4412/11/37 4414/8/35
f 6516/8002/35 4414/8/35 6518/8001/33
f 6518/8001/33 4414/8/35 4416/5/33
f 6518/8001/33 4416/5/33 6520/7999/31
f 6520/7999/31 4416/5/33 4418/2/31
f 6469/8106/29 4367/112/29 6467/8104/30
f 6467/8104/30 4367/112/29 4365/111/30
f 6467/8104/30 4365/111/30 6463/8101/32
f 6463/8101/32 4365/111/30 4361/107/32
f 6463/8101/32 4361/107/32 6459/8096/34
f 6459/8096/34 4361/107/32 4357/103/34
f 6459/8096/34 4357/103/34 6455/8091/36
f 6455/8091/36 4357/103/34 4353/99/36
f 6455/8091/36 4353/99/36 6451/8085/38
f 6451/8085/38 4353/99/36 4349/94/38
f 6451/8085/38 4349/94/38 6447/8081/40
f 6447/8081/40 4349/94/38 4345/90/40
f 6447/8081/40 4345/90/40 6443/8077/42
f 6443/8077/42 4345/90/40 4341/86/42
f 6443/8077/42 4341/86/42 6439/8072/44
f 6439/8072/44 4341/86/42 4337/81/44
f 6439/8072/44 4337/81/44 6435/8068/46
f 6435/8068/46 4337/81/44 4333/77/46
f 6435/8068/46 4333/77/46 6431/8064/48
f 6431/8064/48 4333/77/46 4329/72/48
f 6431/8064/48 4329/72/48 6427/8060/50
f 6427/8060/50 4329/72/48 4325/68/50
f 6427/8060/50 4325/68/50 6423/8056/52
f 6423/8056/52 4325/68/50 4321/64/52
f 6423/8056/52 4321/64/52 6419/8052/55
f 6419/8052/55 4321/64/52 4317/59/55
f 6419/8052/55 4317/59/55 6421/8047/53
f 6421/8047/53 4317/59/55 4319/53/53
f 6421/8047/53 4319/53/53 6425/8043/51
f 6425/8043/51 4319/53/53 4323/48/51
f 6425/8043/51 4323/48/51 6429/8039/49
f 6429/8039/49 4323/48/51 4327/44/49
f 6429/8039/49 4327/44/49 6433/8035/47
f 6433/8035/47 4327/44/49 4331/40/47
f 6433/8035/47 4331/40/47 6437/8031/45
f 6437/8031/45 4331/40/47 4335/35/45
f 6437/8031/45 4335/35/45 6441/8027/43
f 6441/8027/43 4335/35/45 4339/31/43
f 6441/8027/43 4339/31/43 6445/8023/41
f 6445/8023/41 4339/31/43 4343/27/41
f 6445/8023/41 4343/27/41 6449/8019/39
f 6449/8019/39 4343/27/41 4347/23/39
f 6449/8019/39 4347/23/39 6453/8014/37
f 6453/8014/37 4347/23/39 4351/19/37
f 6453/8014/37 4351/19/37 6457/8009/35
f 6457/8009/35 4351/19/37 4355/15/35
f 6457/8009/35 4355/15/35 6461/8004/33
f 6461/8004/33 4355/15/35 4359/11/33
f 6461/8004/33 4359/11/33 6465/8001/31
f 6465/8001/31 4359/11/33 4363/5/31
f 6465/8001/31 4363/5/31 6470/7996/28
f 6470/7996/28 4363/5/31 4368/1/28
f 6466/7999/31 4364/2/31 6471/7996/28
f 6471/7996/28 4364/2/31 4369/112/28
f 6471/7996/28 4369/112/28 6473/8104/26
f 6473/8104/26 4369/112/28 4371/111/26
f 6473/8104/26 4371/111/26 6475/8103/24
f 6475/8103/24 4371/111/26 4373/109/24
f 6475/8103/24 4373/109/24 6477/8101/22
f 6477/8101/22 4373/109/24 4375/107/22
f 6477/8101/22 4375/107/22 6479/8099/20
f 6479/8099/20 4375/107/22 4377/105/20
f 6479/8099/20 4377/105/20 6481/8096/18
f 6481/8096/18 4377/105/20 4379/103/18
f 6481/8096/18 4379/103/18 6483/8094/16
f 6483/8094/16 4379/103/18 4381/101/16
f 6483/8094/16 4381/101/16 6485/8091/14
f 6485/8091/14 4381/101/16 4383/99/14
f 6485/8091/14 4383/99/14 6487/8089/12
f 6487/8089/12 4383/99/14 4385/97/12
f 6487/8089/12 4385/97/12 6489/8085/10
f 6489/8085/10 4385/97/12 4387/94/10
f 6489/8085/10 4387/94/10 6491/8083/8
f 6491/8083/8 4387/94/10 4389/92/8
f 6491/8083/8 4389/92/8 6493/8081/6
f 6493/8081/6 4389/92/8 4391/90/6
f 6493/8081/6 4391/90/6 6495/8079/4
f 6495/8079/4 4391/90/6 4393/88/4
f 6495/8079/4 4393/88/4 6496/8077/3
f 6496/8077/3 4393/88/4 4394/86/3
f 6496/8077/3 4394/86/3 6494/8075/5
f 6494/8075/5 4394/86/3 4392/84/5
f 6494/8075/5 4392/84/5 6492/8072/7
f 6492/8072/7 4392/84/5 4390/81/7
f 6492/8072/7 4390/81/7 6490/8070/9
f 6490/8070/9 4390/81/7 4388/79/9
f 6490/8070/9 4388/79/9 6488/8068/11
f 6488/8068/11 4388/79/9 4386/77/11
f 6488/8068/11 4386/77/11 6486/8066/13
f 6486/8066/13 4386/77/11 4384/74/13
f 6486/8066/13 4384/74/13 6484/8064/15
f 6484/8064/15 4384/74/13 4382/72/15
f 6484/8064/15 4382/72/15 6482/8062/17
f 6482/8062/17 4382/72/15 4380/70/17
f 6482/8062/17 4380/70/17 6480/8060/19
f 6480/8060/19 4380/70/17 4378/68/19
f 6480/8060/19 4378/68/19 6478/8058/21
f 6478/8058/21 4378/68/19 4376/66/21
f 6478/8058/21 4376/66/21 6476/8056/23
f 6476/8056/23 4376/66/21 4374/64/23
f 6476/8056/23 4374/64/23 6474/8054/25
f 6474/8054/25 4374/64/23 4372/61/25
f 6474/8054/25 4372/61/25 6472/8052/27
f 6472/8052/27 4372/61/25 4370/59/27
f 6472/8052/27 4370/59/27 6468/8049/30
f 6468/8049/30 4370/59/27 4366/55/30
f 6468/8049/30 4366/55/30 6464/8047/32
f 6464/8047/32 4366/55/30 4362/53/32
f 6464/8047/32 4362/53/32 6460/8045/34
f 6460/8045/34 4362/53/32 4358/50/34
f 6460/8045/34 4358/50/34 6456/8043/36
f 6456/8043/36 4358/50/34 4354/48/36
f 6456/8043/36 4354/48/36 6452/8041/38
f 6452/8041/38 4354/48/36 4350/46/38
f 6452/8041/38 4350/46/38 6448/8039/40
f 6448/8039/40 4350/46/38 4346/44/40
f 6448/8039/40 4346/44/40 6444/8037/42
f 6444/8037/42 4346/44/40 4342/42/42
f 6444/8037/42 4342/42/42 6440/8035/44
f 6440/8035/44 4342/42/42 4338/40/44
f 6440/8035/44 4338/40/44 6436/8033/46
f 6436/8033/46 4338/40/44 4334/37/46
f 6436/8033/46 4334/37/46 6432/8031/48
f 6432/8031/48 4334/37/46 4330/35/48
f 6432/8031/48 4330/35/48 6428/8029/50
f 6428/8029/50 4330/35/48 4326/33/50
f 6428/8029/50 4326/33/50 6424/8027/52
f 6424/8027/52 4326/33/50 4322/31/52
f 6424/8027/52 4322/31/52 6420/8025/55
f 6420/8025/55 4322/31/52 4318/29/55
f 6420/8025/55 4318/29/55 6422/8023/53
f 6422/8023/53 4318/29/55 4320/27/53
f 6422/8023/53 4320/27/53 6426/8021/51
f 6426/8021/51 4320/27/53 4324/25/51
f 6426/8021/51 4324/25/51 6430/8019/49
f 6430/8019/49 4324/25/51 4328/23/49
f 6430/8019/49 4328/23/49 6434/8017/47
f 6434/8017/47 4328/23/49 4332/21/47
f 6434/8017/47 4332/21/47 6438/8014/45
f 6438/8014/45 4332/21/47 4336/19/45
f 6438/8014/45 4336/19/45 6442/8012/43
f 6442/8012/43 4336/19/45 4340/17/43
f 6442/8012/43 4340/17/43 6446/8009/41
f 6446/8009/41 4340/17/43 4344/15/41
f 6446/8009/41 4344/15/41 6450/8007/39
f 6450/8007/39 4344/15/41 4348/13/39
f 6450/8007/39 4348/13/39 6454/8004/37
f 6454/8004/37 4348/13/39 4352/11/37
f 6454/8004/37 4352/11/37 6458/8002/35
f 6458/8002/35 4352/11/37 4356/8/35
f 6458/8002/35 4356/8/35 6462/8001/33
f 6462/8001/33 4356/8/35 4360/5/33
f 6462/8001/33 4360/5/33 6466/7999/31
f 6466/7999/31 4360/5/33 4364/2/31
f 4268/8106/54 4286/112/54 4267/7996/54
f 4267/7996/54 4286/112/54 4285/1/54
f 4286/8106/56 4284/112/56 4285/7996/56
f 4285/7996/56 4284/112/56 4283/1/56
f 4279/1/56 4281/7996/56 4280/112/56
f 4280/112/56 4281/7996/56 4282/8106/56
f 4273/1271/2 4266/112/2 4272/1269/2
f 4272/1269/2 4266/112/2 4265/1/2
f 4272/1269/2 4265/1/2 4283/7996/2
f 4272/1269/2 4283/7996/2 4281/6740/2
f 4281/6740/2 4283/7996/2 4284/8106/2
f 4281/6740/2 4284/8106/2 4282/6764/2
f 4266/8106/1 4268/112/1 4265/7996/1
f 4265/7996/1 4268/112/1 4267/1/1
f 4284/8086/29 4286/8106/29 4282/6746/29
f 4282/6746/29 4286/8106/29 4268/112/29
f 4282/6746/29 4268/112/29 4273/1270/29
f 4273/1270/29 4268/112/29 4266/95/29
f 4271/1268/29 4280/6678/29 4273/1270/29
f 4273/1270/29 4280/6678/29 4282/6746/29
f 4311/7996/28 4303/1/28 4313/8106/28
f 4313/8106/28 4303/1/28 4305/112/28
f 4306/112/1 4305/8106/1 4304/1/1
f 4304/1/1 4305/8106/1 4303/7996/1
f 4314/112/54 4313/8106/54 4306/1/54
f 4306/1/54 4313/8106/54 4305/7996/54
f 4312/7996/56 4311/1/56 4314/8106/56
f 4314/8106/56 4311/1/56 4313/112/56
f 4312/7982/28 4314/7981/28 6417/8106/28
f 6417/8106/28 4314/7981/28 8513/7996/28
f 4314/7981/28 4306/5455/28 8513/7996/28
f 8513/7996/28 4306/5455/28 4261/1/28
f 4304/5456/28 4257/112/28 4306/5455/28
f 4306/5455/28 4257/112/28 4261/1/28
f 4288/112/1 4289/8106/1 4290/57/1
f 4290/57/1 4289/8106/1 4291/8051/1
f 4290/57/1 4291/8051/1 4292/1/1
f 4292/1/1 4291/8051/1 4293/7996/1
f 4288/8106/29 4290/8051/29 4276/112/29
f 4276/112/29 4290/8051/29 4277/1/29
f 4290/8051/29 4292/7996/29 4277/1/29
f 4274/8106/56 4276/8087/56 4275/112/56
f 4275/112/56 4276/8087/56 4278/1/56
f 4276/8087/56 4277/7996/56 4278/1/56
f 4256/112/29 4275/8106/29 4259/1/29
f 4259/1/29 4275/8106/29 4278/7996/29
f 4259/56/2 4278/5984/2 4260/112/2
f 4260/112/2 4278/5984/2 4294/8106/2
f 4294/8106/2 4278/5984/2 4293/7998/2
f 4293/7998/2 4278/5984/2 4277/5983/2
f 4293/7998/2 4277/5983/2 4292/7996/2
f 4255/7988/1 4256/3241/1 4258/7987/1
f 4258/7987/1 4256/3241/1 4259/3239/1
f 4258/7987/1 4259/3239/1 4257/8105/1
f 4257/8105/1 4259/3239/1 4261/8027/1
f 4261/8027/1 4259/3239/1 4262/7985/1
f 4262/7985/1 4259/3239/1 4260/110/1
f 4262/7985/1 4260/110/1 4264/1/1
f 4264/1/1 4263/7983/1 4262/7985/1
f 4264/112/29 4260/1/29 4265/3078/29
f 4265/3078/29 4260/1/29 4294/7996/29
f 4265/3078/29 4294/7996/29 4283/7989/29
f 4283/7989/29 4294/7996/29 4302/8106/29
f 4283/7989/29 4302/8106/29 4285/7990/29
f 4285/7990/29 4302/8106/29 4287/7990/29
f 4285/7990/29 4287/7990/29 4269/3079/29
f 4265/3078/29 4267/3079/29 4264/112/29
f 4264/112/29 4267/3079/29 4269/3079/29
f 4267/3079/29 4285/7990/29 4269/3079/29
f 4297/115/56 4300/116/56 4298/2155/56
f 4298/2155/56 4300/116/56 4302/8106/56
f 4298/2155/56 4302/8106/56 4294/7996/56
f 4299/82/56 4301/112/56 4300/116/56
f 4300/116/56 4301/112/56 4302/8106/56
f 4298/2155/56 4294/7996/56 4296/2154/56
f 4296/2154/56 4294/7996/56 4293/113/56
f 4296/2154/56 4293/113/56 4295/114/56
f 4299/7996/28 4262/1/28 4301/8106/28
f 4301/8106/28 4262/1/28 4263/112/28
f 4274/7996/28 4255/1/28 4276/8106/28
f 4276/8106/28 4255/1/28 4258/112/28
f 4256/7996/2 4255/1/2 4275/8106/2
f 4275/8106/2 4255/1/2 4274/112/2
f 4302/112/54 4301/8106/54 4287/108/54
f 4287/108/54 4301/8106/54 4269/52/54
f 4301/8106/54 4263/7996/54 4269/52/54
f 4269/52/54 4263/7996/54 4264/1/54
f 4262/6/54 4299/5376/54 4261/1/54
f 4261/1/54 4299/5376/54 8513/7996/54
f 4300/5379/54 6415/7992/54 4299/5376/54
f 4299/5376/54 6415/7992/54 8513/7996/54
f 6416/7995/54 8514/8106/54 6415/7992/54
f 6415/7992/54 8514/8106/54 8513/7996/54
f 4316/8106/29 6418/112/29 6416/7996/29
f 6416/7996/29 6418/112/29 8514/1/29
f 8512/6934/56 8508/6850/56 8514/7996/56
f 8514/7996/56 8508/6850/56 8504/6766/56
f 8514/7996/56 8504/6766/56 8501/4899/56
f 8501/4899/56 8504/6766/56 8500/6680/56
f 8501/4899/56 8500/6680/56 8497/5140/56
f 8497/5140/56 8500/6680/56 8496/6595/56
f 8497/5140/56 8496/6595/56 8493/5375/56
f 8493/5375/56 8496/6595/56 8492/6521/56
f 8493/5375/56 8492/6521/56 8489/5460/56
f 8489/5460/56 8492/6521/56 8488/6438/56
f 8489/5460/56 8488/6438/56 8485/5532/56
f 8485/5532/56 8488/6438/56 8484/6366/56
f 8485/5532/56 8484/6366/56 8481/5602/56
f 8481/5602/56 8484/6366/56 8480/6282/56
f 8481/5602/56 8480/6282/56 8477/5672/56
f 8477/5672/56 8480/6282/56 8476/6198/56
f 8477/5672/56 8476/6198/56 8473/5752/56
f 8473/5752/56 8476/6198/56 8472/6114/56
f 8473/5752/56 8472/6114/56 8469/5832/56
f 8469/5832/56 8472/6114/56 8468/6030/56
f 8469/5832/56 8468/6030/56 8465/5912/56
f 8465/5912/56 8468/6030/56 8464/5987/56
f 8465/5912/56 8464/5987/56 8461/5912/56
f 8461/5912/56 8464/5987/56 8460/5987/56
f 8461/5912/56 8460/5987/56 8457/5913/56
f 8457/5913/56 8460/5987/56 8456/6031/56
f 8457/5913/56 8456/6031/56 8453/5833/56
f 8453/5833/56 8456/6031/56 8452/6115/56
f 8453/5833/56 8452/6115/56 8449/5753/56
f 8449/5753/56 8452/6115/56 8448/6199/56
f 8449/5753/56 8448/6199/56 8445/5673/56
f 8445/5673/56 8448/6199/56 8444/6283/56
f 8445/5673/56 8444/6283/56 8441/5603/56
f 8441/5603/56 8444/6283/56 8440/6367/56
f 8441/5603/56 8440/6367/56 8379/5605/56
f 8379/5605/56 8440/6367/56 8382/6369/56
f 8379/5605/56 8382/6369/56 8378/6286/56
f 8501/4899/56 8505/4699/56 8514/7996/56
f 8514/7996/56 8505/4699/56 8509/4499/56
f 8514/7996/56 8509/4499/56 8511/4337/56
f 8514/7996/56 8511/4337/56 8513/1/56
f 8513/1/56 8511/4337/56 8507/4177/56
f 8513/1/56 8507/4177/56 8503/4017/56
f 8503/4017/56 8499/3897/56 8513/1/56
f 8513/1/56 8499/3897/56 8495/3738/56
f 8513/1/56 8495/3738/56 8491/3625/56
f 8491/3625/56 8487/3465/56 8513/1/56
f 8513/1/56 8487/3465/56 8483/3364/56
f 8513/1/56 8483/3364/56 8479/3243/56
f 8479/3243/56 8475/3121/56 8513/1/56
f 8513/1/56 8475/3121/56 8471/2999/56
f 8513/1/56 8471/2999/56 8467/2919/56
f 8467/2919/56 8463/2877/56 8513/1/56
f 8513/1/56 8463/2877/56 8459/2877/56
f 8513/1/56 8459/2877/56 8455/2920/56
f 8513/1/56 8455/2920/56 8365/2922/56
f 8365/2922/56 8455/2920/56 8451/3000/56
f 8365/2922/56 8451/3000/56 8369/3002/56
f 8369/3002/56 8451/3000/56 8447/3122/56
f 8369/3002/56 8447/3122/56 8373/3124/56
f 8373/3124/56 8447/3122/56 8443/3244/56
f 8373/3124/56 8443/3244/56 8377/3246/56
f 8377/3246/56 8443/3244/56 8439/3365/56
f 8377/3246/56 8439/3365/56 8381/3368/56
f 8381/3368/56 8439/3365/56 8435/3466/56
f 8381/3368/56 8435/3466/56 8385/3468/56
f 8385/3468/56 8435/3466/56 8431/3626/56
f 8385/3468/56 8431/3626/56 8389/3627/56
f 8389/3627/56 8431/3626/56 8393/3742/56
f 8431/3626/56 8427/3739/56 8393/3742/56
f 8393/3742/56 8427/3739/56 8397/3899/56
f 8427/3739/56 8423/3898/56 8397/3899/56
f 8397/3899/56 8423/3898/56 8401/4019/56
f 8423/3898/56 8419/4018/56 8401/4019/56
f 8401/4019/56 8419/4018/56 8405/4179/56
f 8419/4018/56 8415/4178/56 8405/4179/56
f 8405/4179/56 8415/4178/56 8409/4341/56
f 8415/4178/56 8411/4340/56 8409/4341/56
f 8409/4341/56 8411/4340/56 8413/4502/56
f 8409/4341/56 8413/4502/56 8407/4503/56
f 8407/4503/56 8413/4502/56 8417/4700/56
f 8407/4503/56 8417/4700/56 8403/4701/56
f 8403/4701/56 8417/4700/56 8421/4900/56
f 8403/4701/56 8421/4900/56 8399/4901/56
f 8399/4901/56 8421/4900/56 8425/5143/56
f 8399/4901/56 8425/5143/56 8395/5145/56
f 8395/5145/56 8425/5143/56 8391/5388/56
f 8425/5143/56 8429/5387/56 8391/5388/56
f 8391/5388/56 8429/5387/56 8387/5462/56
f 8429/5387/56 8433/5461/56 8387/5462/56
f 8387/5462/56 8433/5461/56 8383/5535/56
f 8433/5461/56 8437/5533/56 8383/5535/56
f 8383/5535/56 8437/5533/56 8379/5605/56
f 8437/5533/56 8441/5603/56 8379/5605/56
f 8458/7903/56 8462/7903/56 8514/7996/56
f 8514/7996/56 8462/7903/56 8466/7904/56
f 8514/7996/56 8466/7904/56 8470/7819/56
f 8470/7819/56 8474/7735/56 8514/7996/56
f 8514/7996/56 8474/7735/56 8478/7651/56
f 8514/7996/56 8478/7651/56 8482/7579/56
f 8482/7579/56 8486/7507/56 8514/7996/56
f 8514/7996/56 8486/7507/56 8490/7432/56
f 8514/7996/56 8490/7432/56 8494/7358/56
f 8494/7358/56 8498/7274/56 8514/7996/56
f 8514/7996/56 8498/7274/56 8502/7190/56
f 8514/7996/56 8502/7190/56 8506/7106/56
f 8506/7106/56 8510/7022/56 8514/7996/56
f 8514/7996/56 8510/7022/56 8512/6934/56
f 8440/6367/56 8436/6440/56 8382/6369/56
f 8382/6369/56 8436/6440/56 8386/6442/56
f 8436/6440/56 8432/6523/56 8386/6442/56
f 8386/6442/56 8432/6523/56 8390/6524/56
f 8432/6523/56 8428/6598/56 8390/6524/56
f 8390/6524/56 8428/6598/56 8394/6599/56
f 8428/6598/56 8424/6683/56 8394/6599/56
f 8394/6599/56 8424/6683/56 8398/6684/56
f 8424/6683/56 8420/6769/56 8398/6684/56
f 8398/6684/56 8420/6769/56 8402/6770/56
f 8420/6769/56 8416/6853/56 8402/6770/56
f 8402/6770/56 8416/6853/56 8406/6854/56
f 8416/6853/56 8412/6937/56 8406/6854/56
f 8406/6854/56 8412/6937/56 8410/6938/56
f 8412/6937/56 8414/7025/56 8410/6938/56
f 8410/6938/56 8414/7025/56 8408/7026/56
f 8414/7025/56 8418/7109/56 8408/7026/56
f 8408/7026/56 8418/7109/56 8404/7110/56
f 8418/7109/56 8422/7193/56 8404/7110/56
f 8404/7110/56 8422/7193/56 8400/7194/56
f 8422/7193/56 8426/7277/56 8400/7194/56
f 8400/7194/56 8426/7277/56 8396/7278/56
f 8426/7277/56 8430/7360/56 8396/7278/56
f 8396/7278/56 8430/7360/56 8392/7361/56
f 8430/7360/56 8434/7434/56 8392/7361/56
f 8392/7361/56 8434/7434/56 8388/7435/56
f 8434/7434/56 8438/7508/56 8388/7435/56
f 8388/7435/56 8438/7508/56 8384/7510/56
f 8438/7508/56 8442/7580/56 8384/7510/56
f 8384/7510/56 8442/7580/56 8380/7582/56
f 8442/7580/56 8446/7652/56 8380/7582/56
f 8380/7582/56 8446/7652/56 8376/7655/56
f 8376/7655/56 8446/7652/56 8372/7739/56
f 8372/7739/56 8446/7652/56 8450/7736/56
f 8372/7739/56 8450/7736/56 8368/7823/56
f 8368/7823/56 8450/7736/56 8454/7820/56
f 8368/7823/56 8454/7820/56 8514/7996/56
f 8514/7996/56 8454/7820/56 8458/7903/56
f 8379/5605/56 8378/6286/56 8375/5675/56
f 8375/5675/56 8378/6286/56 8374/6202/56
f 8375/5675/56 8374/6202/56 8371/5755/56
f 8371/5755/56 8374/6202/56 8370/6118/56
f 8371/5755/56 8370/6118/56 8367/5835/56
f 8367/5835/56 8370/6118/56 8366/6034/56
f 8367/5835/56 8366/6034/56 8363/5915/56
f 8363/5915/56 8366/6034/56 8362/5989/56
f 8363/5915/56 8362/5989/56 8359/5915/56
f 8359/5915/56 8362/5989/56 8358/5989/56
f 8359/5915/56 8358/5989/56 8355/5915/56
f 8355/5915/56 8358/5989/56 8354/6035/56
f 8355/5915/56 8354/6035/56 8351/5836/56
f 8351/5836/56 8354/6035/56 8350/6119/56
f 8351/5836/56 8350/6119/56 8347/5756/56
f 8347/5756/56 8350/6119/56 8346/6203/56
f 8347/5756/56 8346/6203/56 8343/5676/56
f 8343/5676/56 8346/6203/56 8342/6287/56
f 8343/5676/56 8342/6287/56 8339/5606/56
f 8339/5606/56 8342/6287/56 8338/6370/56
f 8339/5606/56 8338/6370/56 8277/5608/56
f 8277/5608/56 8338/6370/56 8280/6372/56
f 8277/5608/56 8280/6372/56 8276/6290/56
f 8365/2922/56 8361/2879/56 8513/1/56
f 8513/1/56 8361/2879/56 8357/2879/56
f 8513/1/56 8357/2879/56 8353/2923/56
f 8513/1/56 8353/2923/56 8263/2926/56
f 8263/2926/56 8353/2923/56 8349/3003/56
f 8263/2926/56 8349/3003/56 8267/3006/56
f 8267/3006/56 8349/3003/56 8345/3125/56
f 8267/3006/56 8345/3125/56 8271/3128/56
f 8271/3128/56 8345/3125/56 8341/3247/56
f 8271/3128/56 8341/3247/56 8275/3250/56
f 8275/3250/56 8341/3247/56 8337/3369/56
f 8275/3250/56 8337/3369/56 8279/3372/56
f 8279/3372/56 8337/3369/56 8283/3472/56
f 8337/3369/56 8333/3470/56 8283/3472/56
f 8283/3472/56 8333/3470/56 8287/3630/56
f 8333/3470/56 8329/3629/56 8287/3630/56
f 8287/3630/56 8329/3629/56 8291/3748/56
f 8329/3629/56 8325/3745/56 8291/3748/56
f 8291/3748/56 8325/3745/56 8295/3903/56
f 8325/3745/56 8321/3902/56 8295/3903/56
f 8295/3903/56 8321/3902/56 8299/4023/56
f 8321/3902/56 8317/4022/56 8299/4023/56
f 8299/4023/56 8317/4022/56 8303/4183/56
f 8317/4022/56 8313/4182/56 8303/4183/56
f 8303/4183/56 8313/4182/56 8307/4347/56
f 8313/4182/56 8309/4346/56 8307/4347/56
f 8307/4347/56 8309/4346/56 8311/4508/56
f 8307/4347/56 8311/4508/56 8305/4509/56
f 8305/4509/56 8311/4508/56 8315/4704/56
f 8305/4509/56 8315/4704/56 8301/4705/56
f 8301/4705/56 8315/4704/56 8319/4904/56
f 8301/4705/56 8319/4904/56 8297/4905/56
f 8297/4905/56 8319/4904/56 8293/5152/56
f 8319/4904/56 8323/5149/56 8293/5152/56
f 8293/5152/56 8323/5149/56 8289/5382/56
f 8323/5149/56 8327/5381/56 8289/5382/56
f 8289/5382/56 8327/5381/56 8285/5465/56
f 8327/5381/56 8331/5464/56 8285/5465/56
f 8285/5465/56 8331/5464/56 8281/5538/56
f 8331/5464/56 8335/5536/56 8281/5538/56
f 8281/5538/56 8335/5536/56 8277/5608/56
f 8335/5536/56 8339/5606/56 8277/5608/56
f 8356/7907/56 8360/7907/56 8514/7996/56
f 8514/7996/56 8360/7907/56 8364/7906/56
f 8514/7996/56 8364/7906/56 8368/7823/56
f 8338/6370/56 8334/6444/56 8280/6372/56
f 8280/6372/56 8334/6444/56 8284/6446/56
f 8334/6444/56 8330/6526/56 8284/6446/56
f 8284/6446/56 8330/6526/56 8288/6527/56
f 8330/6526/56 8326/6602/56 8288/6527/56
f 8288/6527/56 8326/6602/56 8292/6603/56
f 8326/6602/56 8322/6687/56 8292/6603/56
f 8292/6603/56 8322/6687/56 8296/6688/56
f 8322/6687/56 8318/6773/56 8296/6688/56
f 8296/6688/56 8318/6773/56 8300/6774/56
f 8318/6773/56 8314/6857/56 8300/6774/56
f 8300/6774/56 8314/6857/56 8304/6858/56
f 8314/6857/56 8310/6941/56 8304/6858/56
f 8304/6858/56 8310/6941/56 8308/6942/56
f 8310/6941/56 8312/7029/56 8308/6942/56
f 8308/6942/56 8312/7029/56 8306/7030/56
f 8312/7029/56 8316/7113/56 8306/7030/56
f 8306/7030/56 8316/7113/56 8302/7114/56
f 8316/7113/56 8320/7197/56 8302/7114/56
f 8302/7114/56 8320/7197/56 8298/7198/56
f 8320/7197/56 8324/7281/56 8298/7198/56
f 8298/7198/56 8324/7281/56 8294/7282/56
f 8324/7281/56 8328/7363/56 8294/7282/56
f 8294/7282/56 8328/7363/56 8290/7364/56
f 8328/7363/56 8332/7437/56 8290/7364/56
f 8290/7364/56 8332/7437/56 8286/7438/56
f 8332/7437/56 8336/7511/56 8286/7438/56
f 8286/7438/56 8336/7511/56 8282/7513/56
f 8336/7511/56 8340/7583/56 8282/7513/56
f 8282/7513/56 8340/7583/56 8278/7585/56
f 8340/7583/56 8344/7656/56 8278/7585/56
f 8278/7585/56 8344/7656/56 8274/7659/56
f 8344/7656/56 8348/7740/56 8274/7659/56
f 8274/7659/56 8348/7740/56 8270/7743/56
f 8348/7740/56 8352/7824/56 8270/7743/56
f 8270/7743/56 8352/7824/56 8266/7827/56
f 8266/7827/56 8352/7824/56 8262/7909/56
f 8262/7909/56 8352/7824/56 8356/7907/56
f 8262/7909/56 8356/7907/56 8514/7996/56
f 8277/5608/56 8276/6290/56 8273/5679/56
f 8273/5679/56 8276/6290/56 8272/6206/56
f 8273/5679/56 8272/6206/56 8269/5759/56
f 8269/5759/56 8272/6206/56 8268/6122/56
f 8269/5759/56 8268/6122/56 8265/5839/56
f 8265/5839/56 8268/6122/56 8264/6038/56
f 8265/5839/56 8264/6038/56 8261/5917/56
f 8261/5917/56 8264/6038/56 8260/5991/56
f 8261/5917/56 8260/5991/56 8257/5917/56
f 8257/5917/56 8260/5991/56 8256/5991/56
f 8257/5917/56 8256/5991/56 8253/5917/56
f 8253/5917/56 8256/5991/56 8252/6039/56
f 8253/5917/56 8252/6039/56 8249/5840/56
f 8249/5840/56 8252/6039/56 8248/6123/56
f 8249/5840/56 8248/6123/56 8245/5760/56
f 8245/5760/56 8248/6123/56 8244/6207/56
f 8245/5760/56 8244/6207/56 8241/5680/56
f 8241/5680/56 8244/6207/56 8240/6291/56
f 8241/5680/56 8240/6291/56 8237/5609/56
f 8237/5609/56 8240/6291/56 8236/6373/56
f 8237/5609/56 8236/6373/56 8233/5539/56
f 8233/5539/56 8236/6373/56 8232/6448/56
f 8233/5539/56 8232/6448/56 8229/5467/56
f 8229/5467/56 8232/6448/56 8228/6529/56
f 8229/5467/56 8228/6529/56 8225/5391/56
f 8225/5391/56 8228/6529/56 8224/6606/56
f 8225/5391/56 8224/6606/56 8221/5156/56
f 8221/5156/56 8224/6606/56 8220/6691/56
f 8221/5156/56 8220/6691/56 8217/4908/56
f 8217/4908/56 8220/6691/56 8216/6777/56
f 8217/4908/56 8216/6777/56 8213/4708/56
f 8213/4708/56 8216/6777/56 8199/4714/56
f 8213/4708/56 8199/4714/56 8203/4520/56
f 8263/2926/56 8259/2881/56 8513/1/56
f 8513/1/56 8259/2881/56 8255/2881/56
f 8513/1/56 8255/2881/56 8251/2927/56
f 8251/2927/56 8247/3007/56 8513/1/56
f 8513/1/56 8247/3007/56 8165/3014/56
f 8513/1/56 8165/3014/56 8161/2934/56
f 8247/3007/56 8243/3129/56 8165/3014/56
f 8165/3014/56 8243/3129/56 8169/3136/56
f 8169/3136/56 8243/3129/56 8173/3258/56
f 8173/3258/56 8243/3129/56 8239/3251/56
f 8173/3258/56 8239/3251/56 8177/3381/56
f 8177/3381/56 8239/3251/56 8235/3373/56
f 8177/3381/56 8235/3373/56 8181/3480/56
f 8181/3480/56 8235/3373/56 8231/3474/56
f 8181/3480/56 8231/3474/56 8185/3638/56
f 8185/3638/56 8231/3474/56 8227/3632/56
f 8185/3638/56 8227/3632/56 8189/3759/56
f 8189/3759/56 8227/3632/56 8223/3751/56
f 8189/3759/56 8223/3751/56 8193/3912/56
f 8193/3912/56 8223/3751/56 8219/3906/56
f 8193/3912/56 8219/3906/56 8197/4032/56
f 8197/4032/56 8219/3906/56 8215/4026/56
f 8197/4032/56 8215/4026/56 8201/4192/56
f 8201/4192/56 8215/4026/56 8211/4186/56
f 8201/4192/56 8211/4186/56 8205/4358/56
f 8205/4358/56 8211/4186/56 8207/4352/56
f 8205/4358/56 8207/4352/56 8209/4514/56
f 8205/4358/56 8209/4514/56 8203/4520/56
f 8203/4520/56 8209/4514/56 8213/4708/56
f 8254/7910/56 8258/7910/56 8514/7996/56
f 8514/7996/56 8258/7910/56 8262/7909/56
f 8199/4714/56 8216/6777/56 8198/6783/56
f 8198/6783/56 8216/6777/56 8212/6861/56
f 8198/6783/56 8212/6861/56 8202/6867/56
f 8202/6867/56 8212/6861/56 8208/6945/56
f 8202/6867/56 8208/6945/56 8206/6951/56
f 8206/6951/56 8208/6945/56 8210/7033/56
f 8206/6951/56 8210/7033/56 8204/7039/56
f 8204/7039/56 8210/7033/56 8214/7117/56
f 8204/7039/56 8214/7117/56 8200/7123/56
f 8200/7123/56 8214/7117/56 8218/7201/56
f 8200/7123/56 8218/7201/56 8196/7207/56
f 8196/7207/56 8218/7201/56 8222/7285/56
f 8196/7207/56 8222/7285/56 8192/7291/56
f 8192/7291/56 8222/7285/56 8226/7366/56
f 8192/7291/56 8226/7366/56 8188/7372/56
f 8188/7372/56 8226/7366/56 8230/7440/56
f 8188/7372/56 8230/7440/56 8184/7446/56
f 8184/7446/56 8230/7440/56 8234/7514/56
f 8184/7446/56 8234/7514/56 8180/7520/56
f 8180/7520/56 8234/7514/56 8238/7586/56
f 8180/7520/56 8238/7586/56 8176/7592/56
f 8176/7592/56 8238/7586/56 8242/7660/56
f 8176/7592/56 8242/7660/56 8172/7667/56
f 8172/7667/56 8242/7660/56 8246/7744/56
f 8172/7667/56 8246/7744/56 8168/7751/56
f 8168/7751/56 8246/7744/56 8250/7828/56
f 8168/7751/56 8250/7828/56 8164/7835/56
f 8164/7835/56 8250/7828/56 8254/7910/56
f 8164/7835/56 8254/7910/56 8160/7917/56
f 8160/7917/56 8254/7910/56 8514/7996/56
f 8160/7917/56 8514/7996/56 8156/7918/56
f 8156/7918/56 8514/7996/56 8054/7920/56
f 8156/7918/56 8054/7920/56 8152/7918/56
f 8152/7918/56 8054/7920/56 8058/7919/56
f 8152/7918/56 8058/7919/56 8062/7837/56
f 8199/4714/56 8198/6783/56 8195/4914/56
f 8195/4914/56 8198/6783/56 8194/6697/56
f 8195/4914/56 8194/6697/56 8191/5168/56
f 8191/5168/56 8194/6697/56 8190/6612/56
f 8191/5168/56 8190/6612/56 8187/5397/56
f 8187/5397/56 8190/6612/56 8186/6535/56
f 8187/5397/56 8186/6535/56 8183/5473/56
f 8183/5473/56 8186/6535/56 8182/6454/56
f 8183/5473/56 8182/6454/56 8179/5545/56
f 8179/5545/56 8182/6454/56 8178/6379/56
f 8179/5545/56 8178/6379/56 8175/5615/56
f 8175/5615/56 8178/6379/56 8174/6298/56
f 8175/5615/56 8174/6298/56 8171/5687/56
f 8171/5687/56 8174/6298/56 8170/6214/56
f 8171/5687/56 8170/6214/56 8167/5767/56
f 8167/5767/56 8170/6214/56 8166/6130/56
f 8167/5767/56 8166/6130/56 8163/5847/56
f 8163/5847/56 8166/6130/56 8162/6046/56
f 8163/5847/56 8162/6046/56 8159/5922/56
f 8159/5922/56 8162/6046/56 8158/5995/56
f 8159/5922/56 8158/5995/56 8155/5923/56
f 8155/5923/56 8158/5995/56 8154/5995/56
f 8155/5923/56 8154/5995/56 8151/5923/56
f 8151/5923/56 8154/5995/56 8150/6047/56
f 8151/5923/56 8150/6047/56 8147/5848/56
f 8147/5848/56 8150/6047/56 8146/6131/56
f 8147/5848/56 8146/6131/56 8143/5768/56
f 8143/5768/56 8146/6131/56 8142/6215/56
f 8143/5768/56 8142/6215/56 8139/5688/56
f 8139/5688/56 8142/6215/56 8138/6299/56
f 8139/5688/56 8138/6299/56 8135/5616/56
f 8135/5616/56 8138/6299/56 8134/6380/56
f 8135/5616/56 8134/6380/56 8073/5617/56
f 8073/5617/56 8134/6380/56 8076/6381/56
f 8073/5617/56 8076/6381/56 8072/6300/56
f 8161/2934/56 8157/2885/56 8513/1/56
f 8513/1/56 8157/2885/56 8153/2885/56
f 8513/1/56 8153/2885/56 8055/2886/56
f 8055/2886/56 8153/2885/56 8149/2935/56
f 8055/2886/56 8149/2935/56 8059/2936/56
f 8059/2936/56 8149/2935/56 8145/3015/56
f 8059/2936/56 8145/3015/56 8063/3016/56
f 8063/3016/56 8145/3015/56 8067/3138/56
f 8145/3015/56 8141/3137/56 8067/3138/56
f 8067/3138/56 8141/3137/56 8071/3260/56
f 8141/3137/56 8137/3259/56 8071/3260/56
f 8071/3260/56 8137/3259/56 8075/3385/56
f 8137/3259/56 8133/3382/56 8075/3385/56
f 8075/3385/56 8133/3382/56 8079/3482/56
f 8133/3382/56 8129/3481/56 8079/3482/56
f 8079/3482/56 8129/3481/56 8083/3640/56
f 8129/3481/56 8125/3639/56 8083/3640/56
f 8083/3640/56 8125/3639/56 8087/3763/56
f 8125/3639/56 8121/3760/56 8087/3763/56
f 8087/3763/56 8121/3760/56 8091/3914/56
f 8121/3760/56 8117/3913/56 8091/3914/56
f 8091/3914/56 8117/3913/56 8095/4034/56
f 8117/3913/56 8113/4033/56 8095/4034/56
f 8095/4034/56 8113/4033/56 8099/4194/56
f 8113/4033/56 8109/4193/56 8099/4194/56
f 8099/4194/56 8109/4193/56 8103/4362/56
f 8109/4193/56 8105/4361/56 8103/4362/56
f 8103/4362/56 8105/4361/56 8107/4523/56
f 8103/4362/56 8107/4523/56 8101/4524/56
f 8101/4524/56 8107/4523/56 8111/4715/56
f 8101/4524/56 8111/4715/56 8097/4716/56
f 8097/4716/56 8111/4715/56 8115/4915/56
f 8097/4716/56 8115/4915/56 8093/4916/56
f 8093/4916/56 8115/4915/56 8089/5172/56
f 8115/4915/56 8119/5171/56 8089/5172/56
f 8089/5172/56 8119/5171/56 8085/5399/56
f 8119/5171/56 8123/5398/56 8085/5399/56
f 8085/5399/56 8123/5398/56 8081/5475/56
f 8123/5398/56 8127/5474/56 8081/5475/56
f 8081/5475/56 8127/5474/56 8077/5547/56
f 8127/5474/56 8131/5546/56 8077/5547/56
f 8077/5547/56 8131/5546/56 8073/5617/56
f 8131/5546/56 8135/5616/56 8073/5617/56
f 8134/6380/56 8130/6455/56 8076/6381/56
f 8076/6381/56 8130/6455/56 8080/6456/56
f 8130/6455/56 8126/6536/56 8080/6456/56
f 8080/6456/56 8126/6536/56 8084/6537/56
f 8126/6536/56 8122/6613/56 8084/6537/56
f 8084/6537/56 8122/6613/56 8088/6614/56
f 8122/6613/56 8118/6698/56 8088/6614/56
f 8088/6614/56 8118/6698/56 8092/6699/56
f 8118/6698/56 8114/6784/56 8092/6699/56
f 8092/6699/56 8114/6784/56 8096/6785/56
f 8114/6784/56 8110/6868/56 8096/6785/56
f 8096/6785/56 8110/6868/56 8100/6869/56
f 8110/6868/56 8106/6952/56 8100/6869/56
f 8100/6869/56 8106/6952/56 8104/6953/56
f 8106/6952/56 8108/7040/56 8104/6953/56
f 8104/6953/56 8108/7040/56 8102/7041/56
f 8108/7040/56 8112/7124/56 8102/7041/56
f 8102/7041/56 8112/7124/56 8098/7125/56
f 8112/7124/56 8116/7208/56 8098/7125/56
f 8098/7125/56 8116/7208/56 8094/7209/56
f 8116/7208/56 8120/7292/56 8094/7209/56
f 8094/7209/56 8120/7292/56 8090/7293/56
f 8120/7292/56 8124/7373/56 8090/7293/56
f 8090/7293/56 8124/7373/56 8086/7374/56
f 8124/7373/56 8128/7447/56 8086/7374/56
f 8086/7374/56 8128/7447/56 8082/7448/56
f 8128/7447/56 8132/7521/56 8082/7448/56
f 8082/7448/56 8132/7521/56 8078/7522/56
f 8132/7521/56 8136/7593/56 8078/7522/56
f 8078/7522/56 8136/7593/56 8074/7594/56
f 8136/7593/56 8140/7668/56 8074/7594/56
f 8074/7594/56 8140/7668/56 8070/7669/56
f 8140/7668/56 8144/7752/56 8070/7669/56
f 8070/7669/56 8144/7752/56 8066/7753/56
f 8144/7752/56 8148/7836/56 8066/7753/56
f 8066/7753/56 8148/7836/56 8062/7837/56
f 8148/7836/56 8152/7918/56 8062/7837/56
f 8073/5617/56 8072/6300/56 8069/5689/56
f 8069/5689/56 8072/6300/56 8068/6216/56
f 8069/5689/56 8068/6216/56 8065/5769/56
f 8065/5769/56 8068/6216/56 8064/6132/56
f 8065/5769/56 8064/6132/56 8061/5849/56
f 8061/5849/56 8064/6132/56 8060/6048/56
f 8061/5849/56 8060/6048/56 8057/5924/56
f 8057/5924/56 8060/6048/56 8056/5996/56
f 8057/5924/56 8056/5996/56 8053/5924/56
f 8053/5924/56 8056/5996/56 8052/5996/56
f 8053/5924/56 8052/5996/56 8049/5924/56
f 8049/5924/56 8052/5996/56 8048/6049/56
f 8049/5924/56 8048/6049/56 8045/5850/56
f 8045/5850/56 8048/6049/56 8044/6133/56
f 8045/5850/56 8044/6133/56 8041/5770/56
f 8041/5770/56 8044/6133/56 8040/6217/56
f 8041/5770/56 8040/6217/56 8037/5690/56
f 8037/5690/56 8040/6217/56 8036/6301/56
f 8037/5690/56 8036/6301/56 8033/5618/56
f 8033/5618/56 8036/6301/56 8032/6382/56
f 8033/5618/56 8032/6382/56 7971/5619/56
f 7971/5619/56 8032/6382/56 7974/6383/56
f 7971/5619/56 7974/6383/56 7970/6302/56
f 8055/2886/56 8051/2886/56 8513/1/56
f 8513/1/56 8051/2886/56 7953/2887/56
f 8513/1/56 7953/2887/56 7949/2887/56
f 8051/2886/56 8047/2937/56 7953/2887/56
f 7953/2887/56 8047/2937/56 7957/2938/56
f 7957/2938/56 8047/2937/56 7961/3018/56
f 7961/3018/56 8047/2937/56 8043/3017/56
f 7961/3018/56 8043/3017/56 7965/3140/56
f 7965/3140/56 8043/3017/56 8039/3139/56
f 7965/3140/56 8039/3139/56 7969/3262/56
f 7969/3262/56 8039/3139/56 8035/3261/56
f 7969/3262/56 8035/3261/56 7973/3389/56
f 7973/3389/56 8035/3261/56 8031/3386/56
f 7973/3389/56 8031/3386/56 7977/3484/56
f 7977/3484/56 8031/3386/56 8027/3483/56
f 7977/3484/56 8027/3483/56 7981/3642/56
f 7981/3642/56 8027/3483/56 8023/3641/56
f 7981/3642/56 8023/3641/56 7985/3767/56
f 7985/3767/56 8023/3641/56 8019/3764/56
f 7985/3767/56 8019/3764/56 7989/3916/56
f 7989/3916/56 8019/3764/56 8015/3915/56
f 7989/3916/56 8015/3915/56 7993/4036/56
f 7993/4036/56 8015/3915/56 8011/4035/56
f 7993/4036/56 8011/4035/56 7997/4196/56
f 7997/4196/56 8011/4035/56 8007/4195/56
f 7997/4196/56 8007/4195/56 8001/4366/56
f 8001/4366/56 8007/4195/56 8003/4365/56
f 8001/4366/56 8003/4365/56 8005/4527/56
f 8001/4366/56 8005/4527/56 7999/4528/56
f 7999/4528/56 8005/4527/56 8009/4717/56
f 7999/4528/56 8009/4717/56 7995/4718/56
f 7995/4718/56 8009/4717/56 8013/4917/56
f 7995/4718/56 8013/4917/56 7991/4918/56
f 7991/4918/56 8013/4917/56 7987/5176/56
f 8013/4917/56 8017/5175/56 7987/5176/56
f 7987/5176/56 8017/5175/56 7983/5401/56
f 8017/5175/56 8021/5400/56 7983/5401/56
f 7983/5401/56 8021/5400/56 7979/5477/56
f 8021/5400/56 8025/5476/56 7979/5477/56
f 7979/5477/56 8025/5476/56 7975/5549/56
f 8025/5476/56 8029/5548/56 7975/5549/56
f 7975/5549/56 8029/5548/56 7971/5619/56
f 8029/5548/56 8033/5618/56 7971/5619/56
f 8032/6382/56 8028/6457/56 7974/6383/56
f 7974/6383/56 8028/6457/56 7978/6458/56
f 8028/6457/56 8024/6538/56 7978/6458/56
f 7978/6458/56 8024/6538/56 7982/6539/56
f 8024/6538/56 8020/6615/56 7982/6539/56
f 7982/6539/56 8020/6615/56 7986/6616/56
f 8020/6615/56 8016/6700/56 7986/6616/56
f 7986/6616/56 8016/6700/56 7990/6701/56
f 8016/6700/56 8012/6786/56 7990/6701/56
f 7990/6701/56 8012/6786/56 7994/6787/56
f 8012/6786/56 8008/6870/56 7994/6787/56
f 7994/6787/56 8008/6870/56 7998/6871/56
f 8008/6870/56 8004/6954/56 7998/6871/56
f 7998/6871/56 8004/6954/56 8002/6955/56
f 8004/6954/56 8006/7042/56 8002/6955/56
f 8002/6955/56 8006/7042/56 8000/7043/56
f 8006/7042/56 8010/7126/56 8000/7043/56
f 8000/7043/56 8010/7126/56 7996/7127/56
f 8010/7126/56 8014/7210/56 7996/7127/56
f 7996/7127/56 8014/7210/56 7992/7211/56
f 8014/7210/56 8018/7294/56 7992/7211/56
f 7992/7211/56 8018/7294/56 7988/7295/56
f 8018/7294/56 8022/7375/56 7988/7295/56
f 7988/7295/56 8022/7375/56 7984/7376/56
f 8022/7375/56 8026/7449/56 7984/7376/56
f 7984/7376/56 8026/7449/56 7980/7450/56
f 8026/7449/56 8030/7523/56 7980/7450/56
f 7980/7450/56 8030/7523/56 7976/7524/56
f 8030/7523/56 8034/7595/56 7976/7524/56
f 7976/7524/56 8034/7595/56 7972/7596/56
f 8034/7595/56 8038/7670/56 7972/7596/56
f 7972/7596/56 8038/7670/56 7968/7671/56
f 8038/7670/56 8042/7754/56 7968/7671/56
f 7968/7671/56 8042/7754/56 7964/7755/56
f 8042/7754/56 8046/7838/56 7964/7755/56
f 7964/7755/56 8046/7838/56 7960/7839/56
f 8046/7838/56 8050/7920/56 7960/7839/56
f 7960/7839/56 8050/7920/56 7956/7922/56
f 8050/7920/56 8054/7920/56 7956/7922/56
f 7956/7922/56 8054/7920/56 7952/7921/56
f 7971/5619/56 7970/6302/56 7967/5691/56
f 7967/5691/56 7970/6302/56 7966/6218/56
f 7967/5691/56 7966/6218/56 7963/5771/56
f 7963/5771/56 7966/6218/56 7962/6134/56
f 7963/5771/56 7962/6134/56 7959/5851/56
f 7959/5851/56 7962/6134/56 7958/6050/56
f 7959/5851/56 7958/6050/56 7955/5925/56
f 7955/5925/56 7958/6050/56 7954/5997/56
f 7955/5925/56 7954/5997/56 7951/5925/56
f 7951/5925/56 7954/5997/56 7950/5997/56
f 7951/5925/56 7950/5997/56 7947/5926/56
f 7947/5926/56 7950/5997/56 7946/6051/56
f 7947/5926/56 7946/6051/56 7943/5852/56
f 7943/5852/56 7946/6051/56 7942/6135/56
f 7943/5852/56 7942/6135/56 7939/5772/56
f 7939/5772/56 7942/6135/56 7938/6219/56
f 7939/5772/56 7938/6219/56 7935/5692/56
f 7935/5692/56 7938/6219/56 7934/6303/56
f 7935/5692/56 7934/6303/56 7931/5620/56
f 7931/5620/56 7934/6303/56 7930/6384/56
f 7931/5620/56 7930/6384/56 7927/5550/56
f 7927/5550/56 7930/6384/56 7926/6459/56
f 7927/5550/56 7926/6459/56 7923/5478/56
f 7923/5478/56 7926/6459/56 7922/6540/56
f 7923/5478/56 7922/6540/56 7877/5479/56
f 7877/5479/56 7922/6540/56 7880/6541/56
f 7877/5479/56 7880/6541/56 7876/6460/56
f 8513/1/56 7949/2887/56 7851/2888/56
f 7851/2888/56 7949/2887/56 7945/2939/56
f 7851/2888/56 7945/2939/56 7855/2940/56
f 7855/2940/56 7945/2939/56 7859/3020/56
f 7945/2939/56 7941/3019/56 7859/3020/56
f 7859/3020/56 7941/3019/56 7863/3142/56
f 7941/3019/56 7937/3141/56 7863/3142/56
f 7863/3142/56 7937/3141/56 7867/3264/56
f 7937/3141/56 7933/3263/56 7867/3264/56
f 7867/3264/56 7933/3263/56 7871/3393/56
f 7933/3263/56 7929/3390/56 7871/3393/56
f 7871/3393/56 7929/3390/56 7875/3486/56
f 7929/3390/56 7925/3485/56 7875/3486/56
f 7875/3486/56 7925/3485/56 7879/3644/56
f 7925/3485/56 7921/3643/56 7879/3644/56
f 7879/3644/56 7921/3643/56 7883/3771/56
f 7921/3643/56 7917/3768/56 7883/3771/56
f 7883/3771/56 7917/3768/56 7887/3918/56
f 7917/3768/56 7913/3917/56 7887/3918/56
f 7887/3918/56 7913/3917/56 7891/4038/56
f 7913/3917/56 7909/4037/56 7891/4038/56
f 7891/4038/56 7909/4037/56 7895/4198/56
f 7909/4037/56 7905/4197/56 7895/4198/56
f 7895/4198/56 7905/4197/56 7899/4370/56
f 7905/4197/56 7901/4369/56 7899/4370/56
f 7899/4370/56 7901/4369/56 7903/4531/56
f 7899/4370/56 7903/4531/56 7897/4532/56
f 7897/4532/56 7903/4531/56 7907/4719/56
f 7897/4532/56 7907/4719/56 7893/4720/56
f 7893/4720/56 7907/4719/56 7911/4919/56
f 7893/4720/56 7911/4919/56 7889/4920/56
f 7889/4920/56 7911/4919/56 7915/5179/56
f 7889/4920/56 7915/5179/56 7885/5180/56
f 7885/5180/56 7915/5179/56 7919/5402/56
f 7885/5180/56 7919/5402/56 7881/5403/56
f 7881/5403/56 7919/5402/56 7923/5478/56
f 7881/5403/56 7923/5478/56 7877/5479/56
f 7922/6540/56 7918/6617/56 7880/6541/56
f 7880/6541/56 7918/6617/56 7884/6618/56
f 7918/6617/56 7914/6702/56 7884/6618/56
f 7884/6618/56 7914/6702/56 7888/6703/56
f 7914/6702/56 7910/6788/56 7888/6703/56
f 7888/6703/56 7910/6788/56 7892/6789/56
f 7910/6788/56 7906/6872/56 7892/6789/56
f 7892/6789/56 7906/6872/56 7896/6873/56
f 7906/6872/56 7902/6956/56 7896/6873/56
f 7896/6873/56 7902/6956/56 7900/6957/56
f 7902/6956/56 7904/7044/56 7900/6957/56
f 7900/6957/56 7904/7044/56 7898/7045/56
f 7904/7044/56 7908/7128/56 7898/7045/56
f 7898/7045/56 7908/7128/56 7894/7129/56
f 7908/7128/56 7912/7212/56 7894/7129/56
f 7894/7129/56 7912/7212/56 7890/7213/56
f 7912/7212/56 7916/7296/56 7890/7213/56
f 7890/7213/56 7916/7296/56 7886/7297/56
f 7916/7296/56 7920/7377/56 7886/7297/56
f 7886/7297/56 7920/7377/56 7882/7378/56
f 7920/7377/56 7924/7451/56 7882/7378/56
f 7882/7378/56 7924/7451/56 7878/7452/56
f 7924/7451/56 7928/7525/56 7878/7452/56
f 7878/7452/56 7928/7525/56 7874/7526/56
f 7928/7525/56 7932/7597/56 7874/7526/56
f 7874/7526/56 7932/7597/56 7870/7598/56
f 7932/7597/56 7936/7672/56 7870/7598/56
f 7870/7598/56 7936/7672/56 7866/7673/56
f 7936/7672/56 7940/7756/56 7866/7673/56
f 7866/7673/56 7940/7756/56 7862/7757/56
f 7940/7756/56 7944/7840/56 7862/7757/56
f 7862/7757/56 7944/7840/56 7858/7841/56
f 7944/7840/56 7948/7921/56 7858/7841/56
f 7858/7841/56 7948/7921/56 7854/7923/56
f 7948/7921/56 7952/7921/56 7854/7923/56
f 7854/7923/56 7952/7921/56 7850/7923/56
f 7616/6546/56 7574/6547/56 7571/5485/56
f 7571/5485/56 7574/6547/56 7570/6466/56
f 7571/5485/56 7570/6466/56 7567/5557/56
f 7567/5557/56 7570/6466/56 7566/6391/56
f 7567/5557/56 7566/6391/56 7563/5627/56
f 7563/5627/56 7566/6391/56 7562/6310/56
f 7563/5627/56 7562/6310/56 7559/5699/56
f 7559/5699/56 7562/6310/56 7558/6226/56
f 7559/5699/56 7558/6226/56 7555/5779/56
f 7555/5779/56 7558/6226/56 7554/6142/56
f 7555/5779/56 7554/6142/56 7551/5859/56
f 7551/5859/56 7554/6142/56 7550/6058/56
f 7551/5859/56 7550/6058/56 7547/5933/56
f 7547/5933/56 7550/6058/56 7546/6001/56
f 7547/5933/56 7546/6001/56 7543/5932/56
f 7543/5932/56 7546/6001/56 7542/6001/56
f 7543/5932/56 7542/6001/56 7539/5932/56
f 7539/5932/56 7542/6001/56 7538/6059/56
f 7539/5932/56 7538/6059/56 7535/5860/56
f 7535/5860/56 7538/6059/56 7534/6143/56
f 7535/5860/56 7534/6143/56 7531/5780/56
f 7531/5780/56 7534/6143/56 7530/6227/56
f 7531/5780/56 7530/6227/56 7527/5700/56
f 7527/5700/56 7530/6227/56 7526/6311/56
f 7527/5700/56 7526/6311/56 7523/5628/56
f 7523/5628/56 7526/6311/56 7522/6392/56
f 7523/5628/56 7522/6392/56 7461/5630/56
f 7461/5630/56 7522/6392/56 7464/6394/56
f 7461/5630/56 7464/6394/56 7460/6314/56
f 7616/6546/56 7571/5485/56 7617/5484/56
f 7617/5484/56 7571/5485/56 7575/5409/56
f 7617/5484/56 7575/5409/56 7613/5408/56
f 7613/5408/56 7575/5409/56 7579/5192/56
f 7613/5408/56 7579/5192/56 7609/5191/56
f 7609/5191/56 7579/5192/56 7583/4926/56
f 7609/5191/56 7583/4926/56 7605/4925/56
f 7605/4925/56 7583/4926/56 7587/4726/56
f 7605/4925/56 7587/4726/56 7601/4725/56
f 7601/4725/56 7587/4726/56 7591/4544/56
f 7601/4725/56 7591/4544/56 7597/4543/56
f 7597/4543/56 7591/4544/56 7593/4382/56
f 7597/4543/56 7593/4382/56 7595/4381/56
f 7595/4381/56 7593/4382/56 7599/4203/56
f 7593/4382/56 7589/4204/56 7599/4203/56
f 7599/4203/56 7589/4204/56 7603/4043/56
f 7589/4204/56 7585/4044/56 7603/4043/56
f 7603/4043/56 7585/4044/56 7607/3923/56
f 7585/4044/56 7581/3924/56 7607/3923/56
f 7607/3923/56 7581/3924/56 7611/3780/56
f 7581/3924/56 7577/3783/56 7611/3780/56
f 7611/3780/56 7577/3783/56 7615/3649/56
f 7577/3783/56 7573/3650/56 7615/3649/56
f 7615/3649/56 7573/3650/56 7619/3491/56
f 7573/3650/56 7569/3492/56 7619/3491/56
f 7619/3491/56 7569/3492/56 7623/3402/56
f 7569/3492/56 7565/3405/56 7623/3402/56
f 7623/3402/56 7565/3405/56 7627/3269/56
f 7565/3405/56 7561/3270/56 7627/3269/56
f 7627/3269/56 7561/3270/56 7631/3147/56
f 7561/3270/56 7557/3148/56 7631/3147/56
f 7631/3147/56 7557/3148/56 7635/3025/56
f 7557/3148/56 7553/3026/56 7635/3025/56
f 7635/3025/56 7553/3026/56 7639/2945/56
f 7553/3026/56 7549/2946/56 7639/2945/56
f 7639/2945/56 7549/2946/56 7545/2891/56
f 7639/2945/56 7545/2891/56 7643/2890/56
f 7643/2890/56 7545/2891/56 8513/1/56
f 7643/2890/56 8513/1/56 7647/2890/56
f 7647/2890/56 8513/1/56 7745/2889/56
f 7647/2890/56 7745/2889/56 7741/2943/56
f 7545/2891/56 7541/2891/56 8513/1/56
f 8513/1/56 7541/2891/56 7443/2893/56
f 8513/1/56 7443/2893/56 7439/2893/56
f 7541/2891/56 7537/2947/56 7443/2893/56
f 7443/2893/56 7537/2947/56 7447/2950/56
f 7447/2950/56 7537/2947/56 7451/3030/56
f 7451/3030/56 7537/2947/56 7533/3027/56
f 7451/3030/56 7533/3027/56 7455/3152/56
f 7455/3152/56 7533/3027/56 7529/3149/56
f 7455/3152/56 7529/3149/56 7459/3274/56
f 7459/3274/56 7529/3149/56 7525/3271/56
f 7459/3274/56 7525/3271/56 7463/3409/56
f 7463/3409/56 7525/3271/56 7521/3406/56
f 7463/3409/56 7521/3406/56 7467/3496/56
f 7467/3496/56 7521/3406/56 7517/3494/56
f 7467/3496/56 7517/3494/56 7471/3653/56
f 7471/3653/56 7517/3494/56 7513/3652/56
f 7471/3653/56 7513/3652/56 7475/3788/56
f 7475/3788/56 7513/3652/56 7509/3785/56
f 7475/3788/56 7509/3785/56 7479/3927/56
f 7479/3927/56 7509/3785/56 7505/3926/56
f 7479/3927/56 7505/3926/56 7483/4047/56
f 7483/4047/56 7505/3926/56 7501/4046/56
f 7483/4047/56 7501/4046/56 7487/4207/56
f 7487/4207/56 7501/4046/56 7497/4206/56
f 7487/4207/56 7497/4206/56 7491/4387/56
f 7491/4387/56 7497/4206/56 7493/4386/56
f 7491/4387/56 7493/4386/56 7495/4548/56
f 7491/4387/56 7495/4548/56 7489/4549/56
f 7489/4549/56 7495/4548/56 7499/4728/56
f 7489/4549/56 7499/4728/56 7485/4729/56
f 7485/4729/56 7499/4728/56 7503/4928/56
f 7485/4729/56 7503/4928/56 7481/4929/56
f 7481/4929/56 7503/4928/56 7477/5198/56
f 7503/4928/56 7507/5195/56 7477/5198/56
f 7477/5198/56 7507/5195/56 7473/5412/56
f 7507/5195/56 7511/5411/56 7473/5412/56
f 7473/5412/56 7511/5411/56 7469/5488/56
f 7511/5411/56 7515/5487/56 7469/5488/56
f 7469/5488/56 7515/5487/56 7465/5560/56
f 7515/5487/56 7519/5558/56 7465/5560/56
f 7465/5560/56 7519/5558/56 7461/5630/56
f 7519/5558/56 7523/5628/56 7461/5630/56
f 7574/6547/56 7612/6623/56 7578/6624/56
f 7578/6624/56 7612/6623/56 7608/6708/56
f 7578/6624/56 7608/6708/56 7582/6709/56
f 7582/6709/56 7608/6708/56 7604/6794/56
f 7582/6709/56 7604/6794/56 7586/6795/56
f 7586/6795/56 7604/6794/56 7600/6878/56
f 7586/6795/56 7600/6878/56 7590/6879/56
f 7590/6879/56 7600/6878/56 7596/6962/56
f 7590/6879/56 7596/6962/56 7594/6963/56
f 7594/6963/56 7596/6962/56 7598/7050/56
f 7594/6963/56 7598/7050/56 7592/7051/56
f 7592/7051/56 7598/7050/56 7602/7134/56
f 7592/7051/56 7602/7134/56 7588/7135/56
f 7588/7135/56 7602/7134/56 7606/7218/56
f 7588/7135/56 7606/7218/56 7584/7219/56
f 7584/7219/56 7606/7218/56 7610/7302/56
f 7584/7219/56 7610/7302/56 7580/7303/56
f 7580/7303/56 7610/7302/56 7614/7383/56
f 7580/7303/56 7614/7383/56 7576/7384/56
f 7576/7384/56 7614/7383/56 7618/7457/56
f 7576/7384/56 7618/7457/56 7572/7458/56
f 7572/7458/56 7618/7457/56 7622/7531/56
f 7572/7458/56 7622/7531/56 7568/7532/56
f 7568/7532/56 7622/7531/56 7626/7603/56
f 7568/7532/56 7626/7603/56 7564/7604/56
f 7564/7604/56 7626/7603/56 7630/7678/56
f 7564/7604/56 7630/7678/56 7560/7679/56
f 7560/7679/56 7630/7678/56 7634/7762/56
f 7560/7679/56 7634/7762/56 7556/7763/56
f 7556/7763/56 7634/7762/56 7638/7846/56
f 7556/7763/56 7638/7846/56 7552/7847/56
f 7552/7847/56 7638/7846/56 7642/7927/56
f 7552/7847/56 7642/7927/56 7548/7928/56
f 7548/7928/56 7642/7927/56 7646/7927/56
f 7548/7928/56 7646/7927/56 7544/7928/56
f 7544/7928/56 7646/7927/56 8514/7996/56
f 7544/7928/56 8514/7996/56 7442/7933/56
f 7442/7933/56 8514/7996/56 7340/7937/56
f 7442/7933/56 7340/7937/56 7344/7936/56
f 7522/6392/56 7518/6468/56 7464/6394/56
f 7464/6394/56 7518/6468/56 7468/6470/56
f 7518/6468/56 7514/6549/56 7468/6470/56
f 7468/6470/56 7514/6549/56 7472/6550/56
f 7514/6549/56 7510/6626/56 7472/6550/56
f 7472/6550/56 7510/6626/56 7476/6627/56
f 7510/6626/56 7506/6711/56 7476/6627/56
f 7476/6627/56 7506/6711/56 7480/6712/56
f 7506/6711/56 7502/6797/56 7480/6712/56
f 7480/6712/56 7502/6797/56 7484/6798/56
f 7502/6797/56 7498/6881/56 7484/6798/56
f 7484/6798/56 7498/6881/56 7488/6882/56
f 7498/6881/56 7494/6965/56 7488/6882/56
f 7488/6882/56 7494/6965/56 7492/6966/56
f 7494/6965/56 7496/7053/56 7492/6966/56
f 7492/6966/56 7496/7053/56 7490/7054/56
f 7496/7053/56 7500/7137/56 7490/7054/56
f 7490/7054/56 7500/7137/56 7486/7138/56
f 7500/7137/56 7504/7221/56 7486/7138/56
f 7486/7138/56 7504/7221/56 7482/7222/56
f 7504/7221/56 7508/7305/56 7482/7222/56
f 7482/7222/56 7508/7305/56 7478/7306/56
f 7508/7305/56 7512/7386/56 7478/7306/56
f 7478/7306/56 7512/7386/56 7474/7387/56
f 7512/7386/56 7516/7460/56 7474/7387/56
f 7474/7387/56 7516/7460/56 7470/7461/56
f 7516/7460/56 7520/7533/56 7470/7461/56
f 7470/7461/56 7520/7533/56 7466/7535/56
f 7520/7533/56 7524/7605/56 7466/7535/56
f 7466/7535/56 7524/7605/56 7462/7607/56
f 7524/7605/56 7528/7680/56 7462/7607/56
f 7462/7607/56 7528/7680/56 7458/7683/56
f 7528/7680/56 7532/7764/56 7458/7683/56
f 7458/7683/56 7532/7764/56 7454/7767/56
f 7532/7764/56 7536/7848/56 7454/7767/56
f 7454/7767/56 7536/7848/56 7450/7851/56
f 7536/7848/56 7540/7929/56 7450/7851/56
f 7450/7851/56 7540/7929/56 7446/7932/56
f 7540/7929/56 7544/7928/56 7446/7932/56
f 7446/7932/56 7544/7928/56 7442/7933/56
f 7461/5630/56 7460/6314/56 7457/5703/56
f 7457/5703/56 7460/6314/56 7456/6230/56
f 7457/5703/56 7456/6230/56 7453/5783/56
f 7453/5783/56 7456/6230/56 7452/6146/56
f 7453/5783/56 7452/6146/56 7449/5863/56
f 7449/5863/56 7452/6146/56 7448/6062/56
f 7449/5863/56 7448/6062/56 7445/5935/56
f 7445/5935/56 7448/6062/56 7444/6003/56
f 7445/5935/56 7444/6003/56 7441/5936/56
f 7441/5936/56 7444/6003/56 7440/6003/56
f 7441/5936/56 7440/6003/56 7437/5936/56
f 7437/5936/56 7440/6003/56 7436/6063/56
f 7437/5936/56 7436/6063/56 7433/5864/56
f 7433/5864/56 7436/6063/56 7432/6147/56
f 7433/5864/56 7432/6147/56 7429/5784/56
f 7429/5784/56 7432/6147/56 7428/6231/56
f 7429/5784/56 7428/6231/56 7425/5704/56
f 7425/5704/56 7428/6231/56 7424/6315/56
f 7425/5704/56 7424/6315/56 7421/5631/56
f 7421/5631/56 7424/6315/56 7420/6395/56
f 7421/5631/56 7420/6395/56 7359/5633/56
f 7359/5633/56 7420/6395/56 7362/6397/56
f 7359/5633/56 7362/6397/56 7358/6318/56
f 7391/4392/56 7389/4393/56 7395/4210/56
f 7395/4210/56 7389/4393/56 7385/4211/56
f 7395/4210/56 7385/4211/56 7399/4050/56
f 7399/4050/56 7385/4211/56 7381/4051/56
f 7399/4050/56 7381/4051/56 7403/3930/56
f 7403/3930/56 7381/4051/56 7377/3931/56
f 7403/3930/56 7377/3931/56 7407/3791/56
f 7407/3791/56 7377/3931/56 7373/3794/56
f 7407/3791/56 7373/3794/56 7411/3655/56
f 7411/3655/56 7373/3794/56 7369/3656/56
f 7411/3655/56 7369/3656/56 7415/3498/56
f 7415/3498/56 7369/3656/56 7365/3500/56
f 7415/3498/56 7365/3500/56 7419/3410/56
f 7419/3410/56 7365/3500/56 7361/3413/56
f 7419/3410/56 7361/3413/56 7423/3275/56
f 7423/3275/56 7361/3413/56 7357/3278/56
f 7423/3275/56 7357/3278/56 7427/3153/56
f 7427/3153/56 7357/3278/56 7353/3156/56
f 7427/3153/56 7353/3156/56 7431/3031/56
f 7431/3031/56 7353/3156/56 7349/3034/56
f 7431/3031/56 7349/3034/56 7435/2951/56
f 7435/2951/56 7349/3034/56 7345/2954/56
f 7435/2951/56 7345/2954/56 7439/2893/56
f 7439/2893/56 7345/2954/56 7341/2895/56
f 7439/2893/56 7341/2895/56 8513/1/56
f 8513/1/56 7341/2895/56 7337/2895/56
f 8513/1/56 7337/2895/56 7239/2897/56
f 7239/2897/56 7337/2895/56 7243/2958/56
f 7391/4392/56 7393/4554/56 7389/4393/56
f 7389/4393/56 7393/4554/56 7387/4555/56
f 7393/4554/56 7397/4732/56 7387/4555/56
f 7387/4555/56 7397/4732/56 7383/4733/56
f 7397/4732/56 7401/4932/56 7383/4733/56
f 7383/4733/56 7401/4932/56 7379/4933/56
f 7379/4933/56 7401/4932/56 7375/5205/56
f 7375/5205/56 7401/4932/56 7405/5202/56
f 7375/5205/56 7405/5202/56 7371/5415/56
f 7371/5415/56 7405/5202/56 7409/5414/56
f 7371/5415/56 7409/5414/56 7367/5491/56
f 7367/5491/56 7409/5414/56 7413/5490/56
f 7367/5491/56 7413/5490/56 7363/5563/56
f 7363/5563/56 7413/5490/56 7417/5561/56
f 7363/5563/56 7417/5561/56 7359/5633/56
f 7359/5633/56 7417/5561/56 7421/5631/56
f 7420/6395/56 7416/6472/56 7362/6397/56
f 7362/6397/56 7416/6472/56 7366/6474/56
f 7416/6472/56 7412/6552/56 7366/6474/56
f 7366/6474/56 7412/6552/56 7370/6553/56
f 7412/6552/56 7408/6630/56 7370/6553/56
f 7370/6553/56 7408/6630/56 7374/6631/56
f 7408/6630/56 7404/6715/56 7374/6631/56
f 7374/6631/56 7404/6715/56 7378/6716/56
f 7404/6715/56 7400/6801/56 7378/6716/56
f 7378/6716/56 7400/6801/56 7382/6802/56
f 7400/6801/56 7396/6885/56 7382/6802/56
f 7382/6802/56 7396/6885/56 7386/6886/56
f 7396/6885/56 7392/6969/56 7386/6886/56
f 7386/6886/56 7392/6969/56 7390/6970/56
f 7392/6969/56 7394/7057/56 7390/6970/56
f 7390/6970/56 7394/7057/56 7388/7058/56
f 7394/7057/56 7398/7141/56 7388/7058/56
f 7388/7058/56 7398/7141/56 7384/7142/56
f 7398/7141/56 7402/7225/56 7384/7142/56
f 7384/7142/56 7402/7225/56 7380/7226/56
f 7402/7225/56 7406/7309/56 7380/7226/56
f 7380/7226/56 7406/7309/56 7376/7310/56
f 7406/7309/56 7410/7389/56 7376/7310/56
f 7376/7310/56 7410/7389/56 7372/7390/56
f 7410/7389/56 7414/7463/56 7372/7390/56
f 7372/7390/56 7414/7463/56 7368/7464/56
f 7414/7463/56 7418/7536/56 7368/7464/56
f 7368/7464/56 7418/7536/56 7364/7538/56
f 7418/7536/56 7422/7608/56 7364/7538/56
f 7364/7538/56 7422/7608/56 7360/7610/56
f 7422/7608/56 7426/7684/56 7360/7610/56
f 7360/7610/56 7426/7684/56 7356/7687/56
f 7426/7684/56 7430/7768/56 7356/7687/56
f 7356/7687/56 7430/7768/56 7352/7771/56
f 7430/7768/56 7434/7852/56 7352/7771/56
f 7352/7771/56 7434/7852/56 7348/7855/56
f 7434/7852/56 7438/7933/56 7348/7855/56
f 7348/7855/56 7438/7933/56 7344/7936/56
f 7438/7933/56 7442/7933/56 7344/7936/56
f 7359/5633/56 7358/6318/56 7355/5707/56
f 7355/5707/56 7358/6318/56 7354/6234/56
f 7355/5707/56 7354/6234/56 7351/5787/56
f 7351/5787/56 7354/6234/56 7350/6150/56
f 7351/5787/56 7350/6150/56 7347/5867/56
f 7347/5867/56 7350/6150/56 7346/6066/56
f 7347/5867/56 7346/6066/56 7343/5939/56
f 7343/5939/56 7346/6066/56 7342/6005/56
f 7343/5939/56 7342/6005/56 7339/5939/56
f 7339/5939/56 7342/6005/56 7338/6005/56
f 7339/5939/56 7338/6005/56 7335/5940/56
f 7335/5940/56 7338/6005/56 7334/6067/56
f 7335/5940/56 7334/6067/56 7331/5868/56
f 7331/5868/56 7334/6067/56 7330/6151/56
f 7331/5868/56 7330/6151/56 7327/5788/56
f 7327/5788/56 7330/6151/56 7326/6235/56
f 7327/5788/56 7326/6235/56 7323/5708/56
f 7323/5708/56 7326/6235/56 7322/6319/56
f 7323/5708/56 7322/6319/56 7319/5634/56
f 7319/5634/56 7322/6319/56 7318/6398/56
f 7319/5634/56 7318/6398/56 7315/5564/56
f 7315/5564/56 7318/6398/56 7314/6476/56
f 7315/5564/56 7314/6476/56 7311/5493/56
f 7311/5493/56 7314/6476/56 7310/6555/56
f 7311/5493/56 7310/6555/56 7307/5417/56
f 7307/5417/56 7310/6555/56 7306/6634/56
f 7307/5417/56 7306/6634/56 7303/5209/56
f 7303/5209/56 7306/6634/56 7302/6719/56
f 7303/5209/56 7302/6719/56 7299/4936/56
f 7299/4936/56 7302/6719/56 7298/6805/56
f 7299/4936/56 7298/6805/56 7295/4736/56
f 7295/4736/56 7298/6805/56 7294/6889/56
f 7295/4736/56 7294/6889/56 7291/4560/56
f 7291/4560/56 7294/6889/56 7285/4562/56
f 7291/4560/56 7285/4562/56 7287/4400/56
f 7337/2895/56 7333/2955/56 7243/2958/56
f 7243/2958/56 7333/2955/56 7247/3038/56
f 7333/2955/56 7329/3035/56 7247/3038/56
f 7247/3038/56 7329/3035/56 7251/3160/56
f 7329/3035/56 7325/3157/56 7251/3160/56
f 7251/3160/56 7325/3157/56 7255/3282/56
f 7325/3157/56 7321/3279/56 7255/3282/56
f 7255/3282/56 7321/3279/56 7259/3418/56
f 7321/3279/56 7317/3414/56 7259/3418/56
f 7259/3418/56 7317/3414/56 7263/3504/56
f 7317/3414/56 7313/3502/56 7263/3504/56
f 7263/3504/56 7313/3502/56 7267/3660/56
f 7313/3502/56 7309/3658/56 7267/3660/56
f 7267/3660/56 7309/3658/56 7271/3801/56
f 7309/3658/56 7305/3797/56 7271/3801/56
f 7271/3801/56 7305/3797/56 7275/3936/56
f 7305/3797/56 7301/3934/56 7275/3936/56
f 7275/3936/56 7301/3934/56 7279/4056/56
f 7301/3934/56 7297/4054/56 7279/4056/56
f 7279/4056/56 7297/4054/56 7283/4216/56
f 7297/4054/56 7293/4214/56 7283/4216/56
f 7283/4216/56 7293/4214/56 7287/4400/56
f 7293/4214/56 7289/4398/56 7287/4400/56
f 7287/4400/56 7289/4398/56 7291/4560/56
f 7285/4562/56 7294/6889/56 7284/6891/56
f 7284/6891/56 7294/6889/56 7290/6973/56
f 7284/6891/56 7290/6973/56 7288/6975/56
f 7288/6975/56 7290/6973/56 7292/7061/56
f 7288/6975/56 7292/7061/56 7286/7063/56
f 7286/7063/56 7292/7061/56 7296/7145/56
f 7286/7063/56 7296/7145/56 7282/7147/56
f 7282/7147/56 7296/7145/56 7300/7229/56
f 7282/7147/56 7300/7229/56 7278/7231/56
f 7278/7231/56 7300/7229/56 7304/7313/56
f 7278/7231/56 7304/7313/56 7274/7315/56
f 7274/7315/56 7304/7313/56 7308/7392/56
f 7274/7315/56 7308/7392/56 7270/7394/56
f 7270/7394/56 7308/7392/56 7312/7466/56
f 7270/7394/56 7312/7466/56 7266/7468/56
f 7266/7468/56 7312/7466/56 7316/7539/56
f 7266/7468/56 7316/7539/56 7262/7541/56
f 7262/7541/56 7316/7539/56 7320/7611/56
f 7262/7541/56 7320/7611/56 7258/7613/56
f 7258/7613/56 7320/7611/56 7324/7688/56
f 7258/7613/56 7324/7688/56 7254/7691/56
f 7254/7691/56 7324/7688/56 7328/7772/56
f 7254/7691/56 7328/7772/56 7250/7775/56
f 7250/7775/56 7328/7772/56 7332/7856/56
f 7250/7775/56 7332/7856/56 7246/7859/56
f 7246/7859/56 7332/7856/56 7336/7937/56
f 7246/7859/56 7336/7937/56 7242/7940/56
f 7242/7940/56 7336/7937/56 7340/7937/56
f 7242/7940/56 7340/7937/56 7238/7940/56
f 7238/7940/56 7340/7937/56 8514/7996/56
f 7238/7940/56 8514/7996/56 6418/8106/56
f 7877/5479/56 7876/6460/56 7873/5551/56
f 7873/5551/56 7876/6460/56 7872/6385/56
f 7873/5551/56 7872/6385/56 7869/5621/56
f 7869/5621/56 7872/6385/56 7868/6304/56
f 7869/5621/56 7868/6304/56 7865/5693/56
f 7865/5693/56 7868/6304/56 7864/6220/56
f 7865/5693/56 7864/6220/56 7861/5773/56
f 7861/5773/56 7864/6220/56 7860/6136/56
f 7861/5773/56 7860/6136/56 7857/5853/56
f 7857/5853/56 7860/6136/56 7856/6052/56
f 7857/5853/56 7856/6052/56 7853/5927/56
f 7853/5927/56 7856/6052/56 7852/5998/56
f 7853/5927/56 7852/5998/56 7849/5927/56
f 7849/5927/56 7852/5998/56 7848/5998/56
f 7849/5927/56 7848/5998/56 7845/5927/56
f 7845/5927/56 7848/5998/56 7844/6053/56
f 7845/5927/56 7844/6053/56 7841/5854/56
f 7841/5854/56 7844/6053/56 7840/6137/56
f 7841/5854/56 7840/6137/56 7837/5774/56
f 7837/5774/56 7840/6137/56 7836/6221/56
f 7837/5774/56 7836/6221/56 7833/5694/56
f 7833/5694/56 7836/6221/56 7832/6305/56
f 7833/5694/56 7832/6305/56 7829/5622/56
f 7829/5622/56 7832/6305/56 7828/6386/56
f 7829/5622/56 7828/6386/56 7767/5623/56
f 7767/5623/56 7828/6386/56 7770/6387/56
f 7767/5623/56 7770/6387/56 7766/6306/56
f 7851/2888/56 7847/2888/56 8513/1/56
f 8513/1/56 7847/2888/56 7749/2889/56
f 8513/1/56 7749/2889/56 7745/2889/56
f 7847/2888/56 7843/2941/56 7749/2889/56
f 7749/2889/56 7843/2941/56 7753/2942/56
f 7753/2942/56 7843/2941/56 7757/3022/56
f 7757/3022/56 7843/2941/56 7839/3021/56
f 7757/3022/56 7839/3021/56 7761/3144/56
f 7761/3144/56 7839/3021/56 7835/3143/56
f 7761/3144/56 7835/3143/56 7765/3266/56
f 7765/3266/56 7835/3143/56 7831/3265/56
f 7765/3266/56 7831/3265/56 7769/3397/56
f 7769/3397/56 7831/3265/56 7827/3394/56
f 7769/3397/56 7827/3394/56 7773/3488/56
f 7773/3488/56 7827/3394/56 7823/3487/56
f 7773/3488/56 7823/3487/56 7777/3646/56
f 7777/3646/56 7823/3487/56 7819/3645/56
f 7777/3646/56 7819/3645/56 7781/3775/56
f 7781/3775/56 7819/3645/56 7815/3772/56
f 7781/3775/56 7815/3772/56 7785/3920/56
f 7785/3920/56 7815/3772/56 7811/3919/56
f 7785/3920/56 7811/3919/56 7789/4040/56
f 7789/4040/56 7811/3919/56 7807/4039/56
f 7789/4040/56 7807/4039/56 7793/4200/56
f 7793/4200/56 7807/4039/56 7803/4199/56
f 7793/4200/56 7803/4199/56 7797/4374/56
f 7797/4374/56 7803/4199/56 7799/4373/56
f 7797/4374/56 7799/4373/56 7801/4535/56
f 7797/4374/56 7801/4535/56 7795/4536/56
f 7795/4536/56 7801/4535/56 7805/4721/56
f 7795/4536/56 7805/4721/56 7791/4722/56
f 7791/4722/56 7805/4721/56 7809/4921/56
f 7791/4722/56 7809/4921/56 7787/4922/56
f 7787/4922/56 7809/4921/56 7783/5184/56
f 7809/4921/56 7813/5183/56 7783/5184/56
f 7783/5184/56 7813/5183/56 7779/5405/56
f 7813/5183/56 7817/5404/56 7779/5405/56
f 7779/5405/56 7817/5404/56 7775/5481/56
f 7817/5404/56 7821/5480/56 7775/5481/56
f 7775/5481/56 7821/5480/56 7771/5553/56
f 7821/5480/56 7825/5552/56 7771/5553/56
f 7771/5553/56 7825/5552/56 7767/5623/56
f 7825/5552/56 7829/5622/56 7767/5623/56
f 7828/6386/56 7824/6461/56 7770/6387/56
f 7770/6387/56 7824/6461/56 7774/6462/56
f 7824/6461/56 7820/6542/56 7774/6462/56
f 7774/6462/56 7820/6542/56 7778/6543/56
f 7820/6542/56 7816/6619/56 7778/6543/56
f 7778/6543/56 7816/6619/56 7782/6620/56
f 7816/6619/56 7812/6704/56 7782/6620/56
f 7782/6620/56 7812/6704/56 7786/6705/56
f 7812/6704/56 7808/6790/56 7786/6705/56
f 7786/6705/56 7808/6790/56 7790/6791/56
f 7808/6790/56 7804/6874/56 7790/6791/56
f 7790/6791/56 7804/6874/56 7794/6875/56
f 7804/6874/56 7800/6958/56 7794/6875/56
f 7794/6875/56 7800/6958/56 7798/6959/56
f 7800/6958/56 7802/7046/56 7798/6959/56
f 7798/6959/56 7802/7046/56 7796/7047/56
f 7802/7046/56 7806/7130/56 7796/7047/56
f 7796/7047/56 7806/7130/56 7792/7131/56
f 7806/7130/56 7810/7214/56 7792/7131/56
f 7792/7131/56 7810/7214/56 7788/7215/56
f 7810/7214/56 7814/7298/56 7788/7215/56
f 7788/7215/56 7814/7298/56 7784/7299/56
f 7814/7298/56 7818/7379/56 7784/7299/56
f 7784/7299/56 7818/7379/56 7780/7380/56
f 7818/7379/56 7822/7453/56 7780/7380/56
f 7780/7380/56 7822/7453/56 7776/7454/56
f 7822/7453/56 7826/7527/56 7776/7454/56
f 7776/7454/56 7826/7527/56 7772/7528/56
f 7826/7527/56 7830/7599/56 7772/7528/56
f 7772/7528/56 7830/7599/56 7768/7600/56
f 7830/7599/56 7834/7674/56 7768/7600/56
f 7768/7600/56 7834/7674/56 7764/7675/56
f 7834/7674/56 7838/7758/56 7764/7675/56
f 7764/7675/56 7838/7758/56 7760/7759/56
f 7838/7758/56 7842/7842/56 7760/7759/56
f 7760/7759/56 7842/7842/56 7756/7843/56
f 7842/7842/56 7846/7924/56 7756/7843/56
f 7756/7843/56 7846/7924/56 7752/7926/56
f 7846/7924/56 7850/7923/56 7752/7926/56
f 7752/7926/56 7850/7923/56 7748/7925/56
f 7767/5623/56 7766/6306/56 7763/5695/56
f 7763/5695/56 7766/6306/56 7762/6222/56
f 7763/5695/56 7762/6222/56 7759/5775/56
f 7759/5775/56 7762/6222/56 7758/6138/56
f 7759/5775/56 7758/6138/56 7755/5855/56
f 7755/5855/56 7758/6138/56 7754/6054/56
f 7755/5855/56 7754/6054/56 7751/5928/56
f 7751/5928/56 7754/6054/56 7750/5999/56
f 7751/5928/56 7750/5999/56 7747/5929/56
f 7747/5929/56 7750/5999/56 7746/5999/56
f 7747/5929/56 7746/5999/56 7743/5929/56
f 7743/5929/56 7746/5999/56 7742/6055/56
f 7743/5929/56 7742/6055/56 7739/5856/56
f 7739/5856/56 7742/6055/56 7738/6139/56
f 7739/5856/56 7738/6139/56 7735/5776/56
f 7735/5776/56 7738/6139/56 7734/6223/56
f 7735/5776/56 7734/6223/56 7731/5696/56
f 7731/5696/56 7734/6223/56 7730/6307/56
f 7731/5696/56 7730/6307/56 7727/5624/56
f 7727/5624/56 7730/6307/56 7726/6388/56
f 7727/5624/56 7726/6388/56 7665/5625/56
f 7665/5625/56 7726/6388/56 7668/6389/56
f 7665/5625/56 7668/6389/56 7664/6308/56
f 7697/4377/56 7695/4378/56 7701/4201/56
f 7701/4201/56 7695/4378/56 7691/4202/56
f 7701/4201/56 7691/4202/56 7705/4041/56
f 7705/4041/56 7691/4202/56 7687/4042/56
f 7705/4041/56 7687/4042/56 7709/3921/56
f 7709/3921/56 7687/4042/56 7683/3922/56
f 7709/3921/56 7683/3922/56 7713/3776/56
f 7713/3776/56 7683/3922/56 7679/3779/56
f 7713/3776/56 7679/3779/56 7717/3647/56
f 7717/3647/56 7679/3779/56 7675/3648/56
f 7717/3647/56 7675/3648/56 7721/3489/56
f 7721/3489/56 7675/3648/56 7671/3490/56
f 7721/3489/56 7671/3490/56 7725/3398/56
f 7725/3398/56 7671/3490/56 7667/3401/56
f 7725/3398/56 7667/3401/56 7729/3267/56
f 7729/3267/56 7667/3401/56 7663/3268/56
f 7729/3267/56 7663/3268/56 7733/3145/56
f 7733/3145/56 7663/3268/56 7659/3146/56
f 7733/3145/56 7659/3146/56 7737/3023/56
f 7737/3023/56 7659/3146/56 7655/3024/56
f 7737/3023/56 7655/3024/56 7741/2943/56
f 7741/2943/56 7655/3024/56 7651/2944/56
f 7741/2943/56 7651/2944/56 7647/2890/56
f 7697/4377/56 7699/4539/56 7695/4378/56
f 7695/4378/56 7699/4539/56 7693/4540/56
f 7699/4539/56 7703/4723/56 7693/4540/56
f 7693/4540/56 7703/4723/56 7689/4724/56
f 7703/4723/56 7707/4923/56 7689/4724/56
f 7689/4724/56 7707/4923/56 7685/4924/56
f 7685/4924/56 7707/4923/56 7681/5188/56
f 7681/5188/56 7707/4923/56 7711/5187/56
f 7681/5188/56 7711/5187/56 7677/5407/56
f 7677/5407/56 7711/5187/56 7715/5406/56
f 7677/5407/56 7715/5406/56 7673/5483/56
f 7673/5483/56 7715/5406/56 7719/5482/56
f 7673/5483/56 7719/5482/56 7669/5555/56
f 7669/5555/56 7719/5482/56 7723/5554/56
f 7669/5555/56 7723/5554/56 7665/5625/56
f 7665/5625/56 7723/5554/56 7727/5624/56
f 7726/6388/56 7722/6463/56 7668/6389/56
f 7668/6389/56 7722/6463/56 7672/6464/56
f 7722/6463/56 7718/6544/56 7672/6464/56
f 7672/6464/56 7718/6544/56 7676/6545/56
f 7718/6544/56 7714/6621/56 7676/6545/56
f 7676/6545/56 7714/6621/56 7680/6622/56
f 7714/6621/56 7710/6706/56 7680/6622/56
f 7680/6622/56 7710/6706/56 7684/6707/56
f 7710/6706/56 7706/6792/56 7684/6707/56
f 7684/6707/56 7706/6792/56 7688/6793/56
f 7706/6792/56 7702/6876/56 7688/6793/56
f 7688/6793/56 7702/6876/56 7692/6877/56
f 7702/6876/56 7698/6960/56 7692/6877/56
f 7692/6877/56 7698/6960/56 7696/6961/56
f 7698/6960/56 7700/7048/56 7696/6961/56
f 7696/6961/56 7700/7048/56 7694/7049/56
f 7700/7048/56 7704/7132/56 7694/7049/56
f 7694/7049/56 7704/7132/56 7690/7133/56
f 7704/7132/56 7708/7216/56 7690/7133/56
f 7690/7133/56 7708/7216/56 7686/7217/56
f 7708/7216/56 7712/7300/56 7686/7217/56
f 7686/7217/56 7712/7300/56 7682/7301/56
f 7712/7300/56 7716/7381/56 7682/7301/56
f 7682/7301/56 7716/7381/56 7678/7382/56
f 7716/7381/56 7720/7455/56 7678/7382/56
f 7678/7382/56 7720/7455/56 7674/7456/56
f 7720/7455/56 7724/7529/56 7674/7456/56
f 7674/7456/56 7724/7529/56 7670/7530/56
f 7724/7529/56 7728/7601/56 7670/7530/56
f 7670/7530/56 7728/7601/56 7666/7602/56
f 7728/7601/56 7732/7676/56 7666/7602/56
f 7666/7602/56 7732/7676/56 7662/7677/56
f 7732/7676/56 7736/7760/56 7662/7677/56
f 7662/7677/56 7736/7760/56 7658/7761/56
f 7736/7760/56 7740/7844/56 7658/7761/56
f 7658/7761/56 7740/7844/56 7654/7845/56
f 7740/7844/56 7744/7925/56 7654/7845/56
f 7654/7845/56 7744/7925/56 7650/7927/56
f 7744/7925/56 7748/7925/56 7650/7927/56
f 7650/7927/56 7748/7925/56 7646/7927/56
f 7665/5625/56 7664/6308/56 7661/5697/56
f 7661/5697/56 7664/6308/56 7660/6224/56
f 7661/5697/56 7660/6224/56 7657/5777/56
f 7657/5777/56 7660/6224/56 7656/6140/56
f 7657/5777/56 7656/6140/56 7653/5857/56
f 7653/5857/56 7656/6140/56 7652/6056/56
f 7653/5857/56 7652/6056/56 7649/5930/56
f 7649/5930/56 7652/6056/56 7648/6000/56
f 7649/5930/56 7648/6000/56 7645/5931/56
f 7645/5931/56 7648/6000/56 7644/6000/56
f 7645/5931/56 7644/6000/56 7641/5931/56
f 7641/5931/56 7644/6000/56 7640/6057/56
f 7641/5931/56 7640/6057/56 7637/5858/56
f 7637/5858/56 7640/6057/56 7636/6141/56
f 7637/5858/56 7636/6141/56 7633/5778/56
f 7633/5778/56 7636/6141/56 7632/6225/56
f 7633/5778/56 7632/6225/56 7629/5698/56
f 7629/5698/56 7632/6225/56 7628/6309/56
f 7629/5698/56 7628/6309/56 7625/5626/56
f 7625/5626/56 7628/6309/56 7624/6390/56
f 7625/5626/56 7624/6390/56 7621/5556/56
f 7621/5556/56 7624/6390/56 7620/6465/56
f 7621/5556/56 7620/6465/56 7617/5484/56
f 7617/5484/56 7620/6465/56 7616/6546/56
f 7616/6546/56 7612/6623/56 7574/6547/56
f 7285/4562/56 7284/6891/56 7281/4738/56
f 7281/4738/56 7284/6891/56 7280/6807/56
f 7281/4738/56 7280/6807/56 7277/4938/56
f 7277/4938/56 7280/6807/56 7276/6721/56
f 7277/4938/56 7276/6721/56 7273/5213/56
f 7273/5213/56 7276/6721/56 7272/6636/56
f 7273/5213/56 7272/6636/56 7269/5419/56
f 7269/5419/56 7272/6636/56 7268/6557/56
f 7269/5419/56 7268/6557/56 7265/5495/56
f 7265/5495/56 7268/6557/56 7264/6478/56
f 7265/5495/56 7264/6478/56 7261/5566/56
f 7261/5566/56 7264/6478/56 7260/6400/56
f 7261/5566/56 7260/6400/56 7257/5636/56
f 7257/5636/56 7260/6400/56 7256/6322/56
f 7257/5636/56 7256/6322/56 7253/5711/56
f 7253/5711/56 7256/6322/56 7252/6238/56
f 7253/5711/56 7252/6238/56 7249/5791/56
f 7249/5791/56 7252/6238/56 7248/6154/56
f 7249/5791/56 7248/6154/56 7245/5871/56
f 7245/5871/56 7248/6154/56 7244/6070/56
f 7245/5871/56 7244/6070/56 7241/5943/56
f 7241/5943/56 7244/6070/56 7240/6007/56
f 7241/5943/56 7240/6007/56 7237/5943/56
f 7237/5943/56 7240/6007/56 7236/6007/56
f 7237/5943/56 7236/6007/56 7233/5943/56
f 7233/5943/56 7236/6007/56 7232/6071/56
f 7233/5943/56 7232/6071/56 7229/5872/56
f 7229/5872/56 7232/6071/56 7228/6155/56
f 7229/5872/56 7228/6155/56 7225/5792/56
f 7225/5792/56 7228/6155/56 7224/6239/56
f 7225/5792/56 7224/6239/56 7221/5712/56
f 7221/5712/56 7224/6239/56 7220/6323/56
f 7221/5712/56 7220/6323/56 7217/5637/56
f 7217/5637/56 7220/6323/56 7216/6401/56
f 7217/5637/56 7216/6401/56 7155/5639/56
f 7155/5639/56 7216/6401/56 7158/6403/56
f 7155/5639/56 7158/6403/56 7154/6326/56
f 8513/1/56 7239/2897/56 6417/112/56
f 6417/112/56 7239/2897/56 7235/2897/56
f 6417/112/56 7235/2897/56 7137/2899/56
f 7137/2899/56 7235/2897/56 7141/2962/56
f 7235/2897/56 7231/2959/56 7141/2962/56
f 7141/2962/56 7231/2959/56 7145/3042/56
f 7231/2959/56 7227/3039/56 7145/3042/56
f 7145/3042/56 7227/3039/56 7149/3164/56
f 7227/3039/56 7223/3161/56 7149/3164/56
f 7149/3164/56 7223/3161/56 7153/3286/56
f 7223/3161/56 7219/3283/56 7153/3286/56
f 7153/3286/56 7219/3283/56 7157/3422/56
f 7219/3283/56 7215/3419/56 7157/3422/56
f 7157/3422/56 7215/3419/56 7161/3508/56
f 7215/3419/56 7211/3506/56 7161/3508/56
f 7161/3508/56 7211/3506/56 7165/3663/56
f 7211/3506/56 7207/3662/56 7165/3663/56
f 7165/3663/56 7207/3662/56 7169/3806/56
f 7207/3662/56 7203/3803/56 7169/3806/56
f 7169/3806/56 7203/3803/56 7173/3939/56
f 7203/3803/56 7199/3938/56 7173/3939/56
f 7173/3939/56 7199/3938/56 7177/4059/56
f 7199/3938/56 7195/4058/56 7177/4059/56
f 7177/4059/56 7195/4058/56 7181/4219/56
f 7195/4058/56 7191/4218/56 7181/4219/56
f 7181/4219/56 7191/4218/56 7185/4405/56
f 7191/4218/56 7187/4404/56 7185/4405/56
f 7185/4405/56 7187/4404/56 7189/4566/56
f 7185/4405/56 7189/4566/56 7183/4567/56
f 7183/4567/56 7189/4566/56 7193/4740/56
f 7183/4567/56 7193/4740/56 7179/4741/56
f 7179/4741/56 7193/4740/56 7197/4940/56
f 7179/4741/56 7197/4940/56 7175/4941/56
f 7175/4941/56 7197/4940/56 7171/5219/56
f 7197/4940/56 7201/5216/56 7171/5219/56
f 7171/5219/56 7201/5216/56 7167/5422/56
f 7201/5216/56 7205/5421/56 7167/5422/56
f 7167/5422/56 7205/5421/56 7163/5498/56
f 7205/5421/56 7209/5497/56 7163/5498/56
f 7163/5498/56 7209/5497/56 7159/5569/56
f 7209/5497/56 7213/5567/56 7159/5569/56
f 7159/5569/56 7213/5567/56 7155/5639/56
f 7213/5567/56 7217/5637/56 7155/5639/56
f 7216/6401/56 7212/6480/56 7158/6403/56
f 7158/6403/56 7212/6480/56 7162/6482/56
f 7212/6480/56 7208/6559/56 7162/6482/56
f 7162/6482/56 7208/6559/56 7166/6560/56
f 7208/6559/56 7204/6638/56 7166/6560/56
f 7166/6560/56 7204/6638/56 7170/6639/56
f 7204/6638/56 7200/6723/56 7170/6639/56
f 7170/6639/56 7200/6723/56 7174/6724/56
f 7200/6723/56 7196/6809/56 7174/6724/56
f 7174/6724/56 7196/6809/56 7178/6810/56
f 7196/6809/56 7192/6893/56 7178/6810/56
f 7178/6810/56 7192/6893/56 7182/6894/56
f 7192/6893/56 7188/6977/56 7182/6894/56
f 7182/6894/56 7188/6977/56 7186/6978/56
f 7188/6977/56 7190/7065/56 7186/6978/56
f 7186/6978/56 7190/7065/56 7184/7066/56
f 7190/7065/56 7194/7149/56 7184/7066/56
f 7184/7066/56 7194/7149/56 7180/7150/56
f 7194/7149/56 7198/7233/56 7180/7150/56
f 7180/7150/56 7198/7233/56 7176/7234/56
f 7198/7233/56 7202/7317/56 7176/7234/56
f 7176/7234/56 7202/7317/56 7172/7318/56
f 7202/7317/56 7206/7396/56 7172/7318/56
f 7172/7318/56 7206/7396/56 7168/7397/56
f 7206/7396/56 7210/7470/56 7168/7397/56
f 7168/7397/56 7210/7470/56 7164/7471/56
f 7210/7470/56 7214/7542/56 7164/7471/56
f 7164/7471/56 7214/7542/56 7160/7544/56
f 7214/7542/56 7218/7614/56 7160/7544/56
f 7160/7544/56 7218/7614/56 7156/7616/56
f 7218/7614/56 7222/7692/56 7156/7616/56
f 7156/7616/56 7222/7692/56 7152/7695/56
f 7222/7692/56 7226/7776/56 7152/7695/56
f 7152/7695/56 7226/7776/56 7148/7779/56
f 7226/7776/56 7230/7860/56 7148/7779/56
f 7148/7779/56 7230/7860/56 7144/7863/56
f 7230/7860/56 7234/7941/56 7144/7863/56
f 7144/7863/56 7234/7941/56 7140/7944/56
f 7234/7941/56 7238/7940/56 7140/7944/56
f 7140/7944/56 7238/7940/56 7136/7944/56
f 7155/5639/56 7154/6326/56 7151/5715/56
f 7151/5715/56 7154/6326/56 7150/6242/56
f 7151/5715/56 7150/6242/56 7147/5795/56
f 7147/5795/56 7150/6242/56 7146/6158/56
f 7147/5795/56 7146/6158/56 7143/5875/56
f 7143/5875/56 7146/6158/56 7142/6074/56
f 7143/5875/56 7142/6074/56 7139/5946/56
f 7139/5946/56 7142/6074/56 7138/6009/56
f 7139/5946/56 7138/6009/56 7135/5947/56
f 7135/5947/56 7138/6009/56 7134/6009/56
f 7135/5947/56 7134/6009/56 7131/5947/56
f 7131/5947/56 7134/6009/56 7130/6075/56
f 7131/5947/56 7130/6075/56 7127/5876/56
f 7127/5876/56 7130/6075/56 7126/6159/56
f 7127/5876/56 7126/6159/56 7123/5796/56
f 7123/5796/56 7126/6159/56 7122/6243/56
f 7123/5796/56 7122/6243/56 7119/5716/56
f 7119/5716/56 7122/6243/56 7118/6327/56
f 7119/5716/56 7118/6327/56 7115/5640/56
f 7115/5640/56 7118/6327/56 7114/6404/56
f 7115/5640/56 7114/6404/56 7053/5642/56
f 7053/5642/56 7114/6404/56 7056/6406/56
f 7053/5642/56 7056/6406/56 7052/6330/56
f 7137/2899/56 7133/2899/56 6417/112/56
f 6417/112/56 7133/2899/56 7035/2901/56
f 6417/112/56 7035/2901/56 7031/2901/56
f 7035/2901/56 7133/2899/56 7039/2966/56
f 7039/2966/56 7133/2899/56 7129/2963/56
f 7039/2966/56 7129/2963/56 7043/3046/56
f 7043/3046/56 7129/2963/56 7125/3043/56
f 7043/3046/56 7125/3043/56 7047/3168/56
f 7047/3168/56 7125/3043/56 7121/3165/56
f 7047/3168/56 7121/3165/56 7051/3290/56
f 7051/3290/56 7121/3165/56 7117/3287/56
f 7051/3290/56 7117/3287/56 7055/3426/56
f 7055/3426/56 7117/3287/56 7113/3423/56
f 7055/3426/56 7113/3423/56 7059/3512/56
f 7059/3512/56 7113/3423/56 7109/3510/56
f 7059/3512/56 7109/3510/56 7063/3666/56
f 7063/3666/56 7109/3510/56 7105/3665/56
f 7063/3666/56 7105/3665/56 7067/3812/56
f 7067/3812/56 7105/3665/56 7101/3809/56
f 7067/3812/56 7101/3809/56 7071/3943/56
f 7071/3943/56 7101/3809/56 7097/3942/56
f 7071/3943/56 7097/3942/56 7075/4063/56
f 7075/4063/56 7097/3942/56 7093/4062/56
f 7075/4063/56 7093/4062/56 7079/4223/56
f 7079/4223/56 7093/4062/56 7089/4222/56
f 7079/4223/56 7089/4222/56 7083/4411/56
f 7083/4411/56 7089/4222/56 7085/4410/56
f 7083/4411/56 7085/4410/56 7087/4572/56
f 7083/4411/56 7087/4572/56 7081/4573/56
f 7081/4573/56 7087/4572/56 7091/4744/56
f 7081/4573/56 7091/4744/56 7077/4745/56
f 7077/4745/56 7091/4744/56 7095/4944/56
f 7077/4745/56 7095/4944/56 7073/4945/56
f 7073/4945/56 7095/4944/56 7069/5226/56
f 7095/4944/56 7099/5223/56 7069/5226/56
f 7069/5226/56 7099/5223/56 7065/5425/56
f 7099/5223/56 7103/5424/56 7065/5425/56
f 7065/5425/56 7103/5424/56 7061/5501/56
f 7103/5424/56 7107/5500/56 7061/5501/56
f 7061/5501/56 7107/5500/56 7057/5572/56
f 7107/5500/56 7111/5570/56 7057/5572/56
f 7057/5572/56 7111/5570/56 7053/5642/56
f 7111/5570/56 7115/5640/56 7053/5642/56
f 7114/6404/56 7110/6484/56 7056/6406/56
f 7056/6406/56 7110/6484/56 7060/6486/56
f 7110/6484/56 7106/6562/56 7060/6486/56
f 7060/6486/56 7106/6562/56 7064/6563/56
f 7106/6562/56 7102/6642/56 7064/6563/56
f 7064/6563/56 7102/6642/56 7068/6643/56
f 7102/6642/56 7098/6727/56 7068/6643/56
f 7068/6643/56 7098/6727/56 7072/6728/56
f 7098/6727/56 7094/6813/56 7072/6728/56
f 7072/6728/56 7094/6813/56 7076/6814/56
f 7094/6813/56 7090/6897/56 7076/6814/56
f 7076/6814/56 7090/6897/56 7080/6898/56
f 7090/6897/56 7086/6981/56 7080/6898/56
f 7080/6898/56 7086/6981/56 7084/6982/56
f 7086/6981/56 7088/7069/56 7084/6982/56
f 7084/6982/56 7088/7069/56 7082/7070/56
f 7088/7069/56 7092/7153/56 7082/7070/56
f 7082/7070/56 7092/7153/56 7078/7154/56
f 7092/7153/56 7096/7237/56 7078/7154/56
f 7078/7154/56 7096/7237/56 7074/7238/56
f 7096/7237/56 7100/7321/56 7074/7238/56
f 7074/7238/56 7100/7321/56 7070/7322/56
f 7100/7321/56 7104/7399/56 7070/7322/56
f 7070/7322/56 7104/7399/56 7066/7400/56
f 7104/7399/56 7108/7473/56 7066/7400/56
f 7066/7400/56 7108/7473/56 7062/7474/56
f 7108/7473/56 7112/7545/56 7062/7474/56
f 7062/7474/56 7112/7545/56 7058/7547/56
f 7112/7545/56 7116/7617/56 7058/7547/56
f 7058/7547/56 7116/7617/56 7054/7619/56
f 7116/7617/56 7120/7696/56 7054/7619/56
f 7054/7619/56 7120/7696/56 7050/7699/56
f 7120/7696/56 7124/7780/56 7050/7699/56
f 7050/7699/56 7124/7780/56 7046/7783/56
f 7124/7780/56 7128/7864/56 7046/7783/56
f 7046/7783/56 7128/7864/56 7042/7867/56
f 7128/7864/56 7132/7945/56 7042/7867/56
f 7042/7867/56 7132/7945/56 7038/7948/56
f 7132/7945/56 7136/7944/56 7038/7948/56
f 7038/7948/56 7136/7944/56 7034/7948/56
f 7053/5642/56 7052/6330/56 7049/5719/56
f 7049/5719/56 7052/6330/56 7048/6246/56
f 7049/5719/56 7048/6246/56 7045/5799/56
f 7045/5799/56 7048/6246/56 7044/6162/56
f 7045/5799/56 7044/6162/56 7041/5879/56
f 7041/5879/56 7044/6162/56 7040/6078/56
f 7041/5879/56 7040/6078/56 7037/5949/56
f 7037/5949/56 7040/6078/56 7036/6011/56
f 7037/5949/56 7036/6011/56 7033/5950/56
f 7033/5950/56 7036/6011/56 7032/6011/56
f 7033/5950/56 7032/6011/56 7029/5950/56
f 7029/5950/56 7032/6011/56 7028/6079/56
f 7029/5950/56 7028/6079/56 7025/5880/56
f 7025/5880/56 7028/6079/56 7024/6163/56
f 7025/5880/56 7024/6163/56 7021/5800/56
f 7021/5800/56 7024/6163/56 7020/6247/56
f 7021/5800/56 7020/6247/56 7017/5720/56
f 7017/5720/56 7020/6247/56 7016/6331/56
f 7017/5720/56 7016/6331/56 7013/5643/56
f 7013/5643/56 7016/6331/56 7012/6407/56
f 7013/5643/56 7012/6407/56 7009/5573/56
f 7009/5573/56 7012/6407/56 7008/6488/56
f 7009/5573/56 7008/6488/56 7005/5503/56
f 7005/5503/56 7008/6488/56 7004/6565/56
f 7005/5503/56 7004/6565/56 7001/5427/56
f 7001/5427/56 7004/6565/56 7000/6646/56
f 7001/5427/56 7000/6646/56 6997/5230/56
f 6997/5230/56 7000/6646/56 6996/6731/56
f 6997/5230/56 6996/6731/56 6993/4948/56
f 6993/4948/56 6996/6731/56 6992/6817/56
f 6993/4948/56 6992/6817/56 6989/4748/56
f 6989/4748/56 6992/6817/56 6988/6901/56
f 6989/4748/56 6988/6901/56 6985/4578/56
f 6985/4578/56 6988/6901/56 6979/4592/56
f 6985/4578/56 6979/4592/56 6981/4430/56
f 7031/2901/56 7027/2967/56 6417/112/56
f 6417/112/56 7027/2967/56 6937/2982/56
f 6417/112/56 6937/2982/56 6933/2909/56
f 6937/2982/56 7027/2967/56 6941/3062/56
f 6941/3062/56 7027/2967/56 7023/3047/56
f 6941/3062/56 7023/3047/56 6945/3184/56
f 6945/3184/56 7023/3047/56 7019/3169/56
f 6945/3184/56 7019/3169/56 6949/3306/56
f 6949/3306/56 7019/3169/56 7015/3291/56
f 6949/3306/56 7015/3291/56 6953/3443/56
f 6953/3443/56 7015/3291/56 7011/3427/56
f 6953/3443/56 7011/3427/56 6957/3528/56
f 6957/3528/56 7011/3427/56 7007/3514/56
f 6957/3528/56 7007/3514/56 6961/3682/56
f 6961/3682/56 7007/3514/56 7003/3668/56
f 6961/3682/56 7003/3668/56 6965/3831/56
f 6965/3831/56 7003/3668/56 6999/3815/56
f 6965/3831/56 6999/3815/56 6969/3960/56
f 6969/3960/56 6999/3815/56 6995/3946/56
f 6969/3960/56 6995/3946/56 6973/4080/56
f 6973/4080/56 6995/3946/56 6991/4066/56
f 6973/4080/56 6991/4066/56 6977/4240/56
f 6977/4240/56 6991/4066/56 6987/4226/56
f 6977/4240/56 6987/4226/56 6981/4430/56
f 6981/4430/56 6987/4226/56 6983/4416/56
f 6981/4430/56 6983/4416/56 6985/4578/56
f 6979/4592/56 6988/6901/56 6978/6915/56
f 6978/6915/56 6988/6901/56 6984/6985/56
f 6978/6915/56 6984/6985/56 6982/6999/56
f 6982/6999/56 6984/6985/56 6986/7073/56
f 6982/6999/56 6986/7073/56 6980/7087/56
f 6980/7087/56 6986/7073/56 6990/7157/56
f 6980/7087/56 6990/7157/56 6976/7171/56
f 6976/7171/56 6990/7157/56 6994/7241/56
f 6976/7171/56 6994/7241/56 6972/7255/56
f 6972/7255/56 6994/7241/56 6998/7325/56
f 6972/7255/56 6998/7325/56 6968/7339/56
f 6968/7339/56 6998/7325/56 7002/7402/56
f 6968/7339/56 7002/7402/56 6964/7416/56
f 6964/7416/56 7002/7402/56 7006/7476/56
f 6964/7416/56 7006/7476/56 6960/7490/56
f 6960/7490/56 7006/7476/56 7010/7548/56
f 6960/7490/56 7010/7548/56 6956/7562/56
f 6956/7562/56 7010/7548/56 7014/7620/56
f 6956/7562/56 7014/7620/56 6952/7634/56
f 6952/7634/56 7014/7620/56 7018/7700/56
f 6952/7634/56 7018/7700/56 6948/7715/56
f 6948/7715/56 7018/7700/56 7022/7784/56
f 6948/7715/56 7022/7784/56 6944/7799/56
f 6944/7799/56 7022/7784/56 7026/7868/56
f 6944/7799/56 7026/7868/56 6940/7883/56
f 6940/7883/56 7026/7868/56 7030/7948/56
f 6940/7883/56 7030/7948/56 6936/7959/56
f 6936/7959/56 7030/7948/56 7034/7948/56
f 6936/7959/56 7034/7948/56 6932/7960/56
f 6932/7960/56 7034/7948/56 6418/8106/56
f 6932/7960/56 6418/8106/56 6830/7962/56
f 6830/7962/56 6418/8106/56 6826/7962/56
f 6525/2915/56 6522/2915/56 6417/112/56
f 6417/112/56 6522/2915/56 6469/2917/56
f 6417/112/56 6469/2917/56 6467/2917/56
f 6467/2917/56 6463/2997/56 6417/112/56
f 6417/112/56 6463/2997/56 6459/3077/56
f 6417/112/56 6459/3077/56 6455/3199/56
f 6455/3199/56 6451/3321/56 6417/112/56
f 6417/112/56 6451/3321/56 6447/3462/56
f 6417/112/56 6447/3462/56 6443/3543/56
f 6443/3543/56 6439/3695/56 6417/112/56
f 6417/112/56 6439/3695/56 6435/3854/56
f 6417/112/56 6435/3854/56 6431/3975/56
f 6431/3975/56 6427/4095/56 6417/112/56
f 6417/112/56 6427/4095/56 6423/4255/56
f 6417/112/56 6423/4255/56 6419/4455/56
f 6417/112/56 6419/4455/56 6418/8106/56
f 6418/8106/56 6419/4455/56 6421/4617/56
f 6418/8106/56 6421/4617/56 6424/6932/56
f 6424/6932/56 6421/4617/56 6425/4777/56
f 6424/6932/56 6425/4777/56 6428/6848/56
f 6428/6848/56 6425/4777/56 6429/4977/56
f 6428/6848/56 6429/4977/56 6432/6763/56
f 6432/6763/56 6429/4977/56 6433/5279/56
f 6432/6763/56 6433/5279/56 6436/6677/56
f 6436/6677/56 6433/5279/56 6437/5454/56
f 6436/6677/56 6437/5454/56 6440/6593/56
f 6440/6593/56 6437/5454/56 6441/5530/56
f 6440/6593/56 6441/5530/56 6444/6519/56
f 6444/6519/56 6441/5530/56 6445/5600/56
f 6444/6519/56 6445/5600/56 6448/6435/56
f 6448/6435/56 6445/5600/56 6449/5670/56
f 6448/6435/56 6449/5670/56 6452/6363/56
f 6452/6363/56 6449/5670/56 6453/5750/56
f 6452/6363/56 6453/5750/56 6456/6279/56
f 6456/6279/56 6453/5750/56 6457/5830/56
f 6456/6279/56 6457/5830/56 6460/6195/56
f 6460/6195/56 6457/5830/56 6461/5910/56
f 6460/6195/56 6461/5910/56 6464/6111/56
f 6464/6111/56 6461/5910/56 6465/5978/56
f 6464/6111/56 6465/5978/56 6468/6027/56
f 6468/6027/56 6465/5978/56 6470/5978/56
f 6468/6027/56 6470/5978/56 6472/6027/56
f 6472/6027/56 6470/5978/56 6474/6110/56
f 6515/6275/56 6513/6359/56 6523/5975/56
f 6523/5975/56 6513/6359/56 6480/6362/56
f 6523/5975/56 6480/6362/56 6470/5978/56
f 6470/5978/56 6480/6362/56 6478/6278/56
f 6470/5978/56 6478/6278/56 6476/6194/56
f 6604/6429/56 6546/6431/56 6543/5667/56
f 6543/5667/56 6546/6431/56 6542/6358/56
f 6543/5667/56 6542/6358/56 6539/5747/56
f 6539/5747/56 6542/6358/56 6538/6274/56
f 6539/5747/56 6538/6274/56 6535/5827/56
f 6535/5827/56 6538/6274/56 6534/6190/56
f 6535/5827/56 6534/6190/56 6531/5907/56
f 6531/5907/56 6534/6190/56 6530/6106/56
f 6531/5907/56 6530/6106/56 6527/5975/56
f 6527/5975/56 6530/6106/56 6526/6025/56
f 6527/5975/56 6526/6025/56 6523/5975/56
f 6523/5975/56 6526/6025/56 6521/6025/56
f 6523/5975/56 6521/6025/56 6519/6107/56
f 6563/4973/56 6585/4972/56 6559/5273/56
f 6559/5273/56 6585/4972/56 6589/5270/56
f 6559/5273/56 6589/5270/56 6555/5451/56
f 6555/5451/56 6589/5270/56 6593/5450/56
f 6555/5451/56 6593/5450/56 6551/5527/56
f 6551/5527/56 6593/5450/56 6597/5526/56
f 6551/5527/56 6597/5526/56 6547/5597/56
f 6547/5597/56 6597/5526/56 6601/5595/56
f 6547/5597/56 6601/5595/56 6543/5667/56
f 6543/5667/56 6601/5595/56 6605/5665/56
f 6543/5667/56 6605/5665/56 6604/6429/56
f 6604/6429/56 6605/5665/56 6608/6355/56
f 6563/4973/56 6567/4773/56 6585/4972/56
f 6585/4972/56 6567/4773/56 6581/4772/56
f 6567/4773/56 6571/4611/56 6581/4772/56
f 6581/4772/56 6571/4611/56 6577/4610/56
f 6571/4611/56 6573/4449/56 6577/4610/56
f 6577/4610/56 6573/4449/56 6575/4448/56
f 6575/4448/56 6573/4449/56 6579/4250/56
f 6579/4250/56 6573/4449/56 6569/4251/56
f 6579/4250/56 6569/4251/56 6583/4090/56
f 6583/4090/56 6569/4251/56 6565/4091/56
f 6583/4090/56 6565/4091/56 6587/3970/56
f 6587/3970/56 6565/4091/56 6561/3971/56
f 6587/3970/56 6561/3971/56 6591/3847/56
f 6591/3847/56 6561/3971/56 6557/3850/56
f 6591/3847/56 6557/3850/56 6595/3691/56
f 6595/3691/56 6557/3850/56 6553/3692/56
f 6595/3691/56 6553/3692/56 6599/3538/56
f 6599/3538/56 6553/3692/56 6549/3540/56
f 6599/3538/56 6549/3540/56 6603/3456/56
f 6603/3456/56 6549/3540/56 6545/3459/56
f 6603/3456/56 6545/3459/56 6607/3315/56
f 6607/3315/56 6545/3459/56 6541/3318/56
f 6607/3315/56 6541/3318/56 6611/3193/56
f 6611/3193/56 6541/3318/56 6537/3196/56
f 6611/3193/56 6537/3196/56 6615/3071/56
f 6615/3071/56 6537/3196/56 6533/3074/56
f 6615/3071/56 6533/3074/56 6619/2991/56
f 6619/2991/56 6533/3074/56 6529/2994/56
f 6619/2991/56 6529/2994/56 6417/112/56
f 6417/112/56 6529/2994/56 6525/2915/56
f 6979/4592/56 6978/6915/56 6975/4762/56
f 6975/4762/56 6978/6915/56 6974/6831/56
f 6975/4762/56 6974/6831/56 6971/4962/56
f 6971/4962/56 6974/6831/56 6970/6745/56
f 6971/4962/56 6970/6745/56 6967/5258/56
f 6967/5258/56 6970/6745/56 6966/6660/56
f 6967/5258/56 6966/6660/56 6963/5441/56
f 6963/5441/56 6966/6660/56 6962/6579/56
f 6963/5441/56 6962/6579/56 6959/5517/56
f 6959/5517/56 6962/6579/56 6958/6502/56
f 6959/5517/56 6958/6502/56 6955/5587/56
f 6955/5587/56 6958/6502/56 6954/6421/56
f 6955/5587/56 6954/6421/56 6951/5657/56
f 6951/5657/56 6954/6421/56 6950/6346/56
f 6951/5657/56 6950/6346/56 6947/5735/56
f 6947/5735/56 6950/6346/56 6946/6262/56
f 6947/5735/56 6946/6262/56 6943/5815/56
f 6943/5815/56 6946/6262/56 6942/6178/56
f 6943/5815/56 6942/6178/56 6939/5895/56
f 6939/5895/56 6942/6178/56 6938/6094/56
f 6939/5895/56 6938/6094/56 6935/5964/56
f 6935/5964/56 6938/6094/56 6934/6019/56
f 6935/5964/56 6934/6019/56 6931/5965/56
f 6931/5965/56 6934/6019/56 6930/6019/56
f 6931/5965/56 6930/6019/56 6927/5965/56
f 6927/5965/56 6930/6019/56 6926/6095/56
f 6927/5965/56 6926/6095/56 6923/5896/56
f 6923/5896/56 6926/6095/56 6922/6179/56
f 6923/5896/56 6922/6179/56 6919/5816/56
f 6919/5816/56 6922/6179/56 6918/6263/56
f 6919/5816/56 6918/6263/56 6915/5736/56
f 6915/5736/56 6918/6263/56 6914/6347/56
f 6915/5736/56 6914/6347/56 6911/5658/56
f 6911/5658/56 6914/6347/56 6910/6422/56
f 6911/5658/56 6910/6422/56 6849/5659/56
f 6849/5659/56 6910/6422/56 6852/6423/56
f 6849/5659/56 6852/6423/56 6848/6348/56
f 6933/2909/56 6929/2909/56 6417/112/56
f 6417/112/56 6929/2909/56 6831/2910/56
f 6417/112/56 6831/2910/56 6827/2910/56
f 6831/2910/56 6929/2909/56 6835/2984/56
f 6835/2984/56 6929/2909/56 6925/2983/56
f 6835/2984/56 6925/2983/56 6839/3064/56
f 6839/3064/56 6925/2983/56 6921/3063/56
f 6839/3064/56 6921/3063/56 6843/3186/56
f 6843/3186/56 6921/3063/56 6917/3185/56
f 6843/3186/56 6917/3185/56 6847/3308/56
f 6847/3308/56 6917/3185/56 6913/3307/56
f 6847/3308/56 6913/3307/56 6851/3447/56
f 6851/3447/56 6913/3307/56 6909/3444/56
f 6851/3447/56 6909/3444/56 6855/3530/56
f 6855/3530/56 6909/3444/56 6905/3529/56
f 6855/3530/56 6905/3529/56 6859/3684/56
f 6859/3684/56 6905/3529/56 6901/3683/56
f 6859/3684/56 6901/3683/56 6863/3835/56
f 6863/3835/56 6901/3683/56 6897/3832/56
f 6863/3835/56 6897/3832/56 6867/3962/56
f 6867/3962/56 6897/3832/56 6893/3961/56
f 6867/3962/56 6893/3961/56 6871/4082/56
f 6871/4082/56 6893/3961/56 6889/4081/56
f 6871/4082/56 6889/4081/56 6875/4242/56
f 6875/4242/56 6889/4081/56 6885/4241/56
f 6875/4242/56 6885/4241/56 6879/4434/56
f 6879/4434/56 6885/4241/56 6881/4433/56
f 6879/4434/56 6881/4433/56 6883/4595/56
f 6879/4434/56 6883/4595/56 6877/4596/56
f 6877/4596/56 6883/4595/56 6887/4763/56
f 6877/4596/56 6887/4763/56 6873/4764/56
f 6873/4764/56 6887/4763/56 6891/4963/56
f 6873/4764/56 6891/4963/56 6869/4964/56
f 6869/4964/56 6891/4963/56 6865/5260/56
f 6891/4963/56 6895/5259/56 6865/5260/56
f 6865/5260/56 6895/5259/56 6861/5443/56
f 6895/5259/56 6899/5442/56 6861/5443/56
f 6861/5443/56 6899/5442/56 6857/5519/56
f 6899/5442/56 6903/5518/56 6857/5519/56
f 6857/5519/56 6903/5518/56 6853/5589/56
f 6903/5518/56 6907/5588/56 6853/5589/56
f 6853/5589/56 6907/5588/56 6849/5659/56
f 6907/5588/56 6911/5658/56 6849/5659/56
f 6910/6422/56 6906/6503/56 6852/6423/56
f 6852/6423/56 6906/6503/56 6856/6504/56
f 6906/6503/56 6902/6580/56 6856/6504/56
f 6856/6504/56 6902/6580/56 6860/6581/56
f 6902/6580/56 6898/6661/56 6860/6581/56
f 6860/6581/56 6898/6661/56 6864/6662/56
f 6898/6661/56 6894/6747/56 6864/6662/56
f 6864/6662/56 6894/6747/56 6868/6748/56
f 6894/6747/56 6890/6832/56 6868/6748/56
f 6868/6748/56 6890/6832/56 6872/6833/56
f 6890/6832/56 6886/6916/56 6872/6833/56
f 6872/6833/56 6886/6916/56 6876/6917/56
f 6886/6916/56 6882/7000/56 6876/6917/56
f 6876/6917/56 6882/7000/56 6880/7001/56
f 6882/7000/56 6884/7088/56 6880/7001/56
f 6880/7001/56 6884/7088/56 6878/7089/56
f 6884/7088/56 6888/7172/56 6878/7089/56
f 6878/7089/56 6888/7172/56 6874/7173/56
f 6888/7172/56 6892/7256/56 6874/7173/56
f 6874/7173/56 6892/7256/56 6870/7257/56
f 6892/7256/56 6896/7340/56 6870/7257/56
f 6870/7257/56 6896/7340/56 6866/7341/56
f 6896/7340/56 6900/7417/56 6866/7341/56
f 6866/7341/56 6900/7417/56 6862/7418/56
f 6900/7417/56 6904/7491/56 6862/7418/56
f 6862/7418/56 6904/7491/56 6858/7492/56
f 6904/7491/56 6908/7563/56 6858/7492/56
f 6858/7492/56 6908/7563/56 6854/7564/56
f 6908/7563/56 6912/7635/56 6854/7564/56
f 6854/7564/56 6912/7635/56 6850/7636/56
f 6912/7635/56 6916/7716/56 6850/7636/56
f 6850/7636/56 6916/7716/56 6846/7717/56
f 6916/7716/56 6920/7800/56 6846/7717/56
f 6846/7717/56 6920/7800/56 6842/7801/56
f 6920/7800/56 6924/7884/56 6842/7801/56
f 6842/7801/56 6924/7884/56 6838/7885/56
f 6924/7884/56 6928/7960/56 6838/7885/56
f 6838/7885/56 6928/7960/56 6834/7961/56
f 6928/7960/56 6932/7960/56 6834/7961/56
f 6834/7961/56 6932/7960/56 6830/7962/56
f 6849/5659/56 6848/6348/56 6845/5737/56
f 6845/5737/56 6848/6348/56 6844/6264/56
f 6845/5737/56 6844/6264/56 6841/5817/56
f 6841/5817/56 6844/6264/56 6840/6180/56
f 6841/5817/56 6840/6180/56 6837/5897/56
f 6837/5897/56 6840/6180/56 6836/6096/56
f 6837/5897/56 6836/6096/56 6833/5966/56
f 6833/5966/56 6836/6096/56 6832/6020/56
f 6833/5966/56 6832/6020/56 6829/5966/56
f 6829/5966/56 6832/6020/56 6828/6020/56
f 6829/5966/56 6828/6020/56 6825/5966/56
f 6825/5966/56 6828/6020/56 6824/6097/56
f 6825/5966/56 6824/6097/56 6821/5898/56
f 6821/5898/56 6824/6097/56 6820/6181/56
f 6821/5898/56 6820/6181/56 6817/5818/56
f 6817/5818/56 6820/6181/56 6816/6265/56
f 6817/5818/56 6816/6265/56 6813/5738/56
f 6813/5738/56 6816/6265/56 6812/6349/56
f 6813/5738/56 6812/6349/56 6809/5660/56
f 6809/5660/56 6812/6349/56 6808/6424/56
f 6809/5660/56 6808/6424/56 6805/5590/56
f 6805/5590/56 6808/6424/56 6804/6505/56
f 6805/5590/56 6804/6505/56 6801/5520/56
f 6801/5520/56 6804/6505/56 6800/6582/56
f 6801/5520/56 6800/6582/56 6797/5444/56
f 6797/5444/56 6800/6582/56 6796/6663/56
f 6797/5444/56 6796/6663/56 6793/5261/56
f 6793/5261/56 6796/6663/56 6763/5262/56
f 6793/5261/56 6763/5262/56 6767/4966/56
f 6827/2910/56 6823/2985/56 6417/112/56
f 6417/112/56 6823/2985/56 6733/2986/56
f 6417/112/56 6733/2986/56 6729/2911/56
f 6733/2986/56 6823/2985/56 6737/3066/56
f 6737/3066/56 6823/2985/56 6819/3065/56
f 6737/3066/56 6819/3065/56 6741/3188/56
f 6741/3188/56 6819/3065/56 6815/3187/56
f 6741/3188/56 6815/3187/56 6745/3310/56
f 6745/3310/56 6815/3187/56 6811/3309/56
f 6745/3310/56 6811/3309/56 6749/3451/56
f 6749/3451/56 6811/3309/56 6807/3448/56
f 6749/3451/56 6807/3448/56 6753/3532/56
f 6753/3532/56 6807/3448/56 6803/3531/56
f 6753/3532/56 6803/3531/56 6757/3686/56
f 6757/3686/56 6803/3531/56 6799/3685/56
f 6757/3686/56 6799/3685/56 6761/3839/56
f 6761/3839/56 6799/3685/56 6795/3836/56
f 6761/3839/56 6795/3836/56 6765/3964/56
f 6765/3964/56 6795/3836/56 6791/3963/56
f 6765/3964/56 6791/3963/56 6769/4084/56
f 6769/4084/56 6791/3963/56 6787/4083/56
f 6769/4084/56 6787/4083/56 6773/4244/56
f 6773/4244/56 6787/4083/56 6783/4243/56
f 6773/4244/56 6783/4243/56 6777/4438/56
f 6777/4438/56 6783/4243/56 6779/4437/56
f 6777/4438/56 6779/4437/56 6781/4599/56
f 6777/4438/56 6781/4599/56 6775/4600/56
f 6775/4600/56 6781/4599/56 6785/4765/56
f 6775/4600/56 6785/4765/56 6771/4766/56
f 6771/4766/56 6785/4765/56 6789/4965/56
f 6771/4766/56 6789/4965/56 6767/4966/56
f 6767/4966/56 6789/4965/56 6793/5261/56
f 6763/5262/56 6796/6663/56 6762/6664/56
f 6762/6664/56 6796/6663/56 6792/6749/56
f 6762/6664/56 6792/6749/56 6766/6750/56
f 6766/6750/56 6792/6749/56 6788/6834/56
f 6766/6750/56 6788/6834/56 6770/6835/56
f 6770/6835/56 6788/6834/56 6784/6918/56
f 6770/6835/56 6784/6918/56 6774/6919/56
f 6774/6919/56 6784/6918/56 6780/7002/56
f 6774/6919/56 6780/7002/56 6778/7003/56
f 6778/7003/56 6780/7002/56 6782/7090/56
f 6778/7003/56 6782/7090/56 6776/7091/56
f 6776/7091/56 6782/7090/56 6786/7174/56
f 6776/7091/56 6786/7174/56 6772/7175/56
f 6772/7175/56 6786/7174/56 6790/7258/56
f 6772/7175/56 6790/7258/56 6768/7259/56
f 6768/7259/56 6790/7258/56 6794/7342/56
f 6768/7259/56 6794/7342/56 6764/7343/56
f 6764/7343/56 6794/7342/56 6798/7419/56
f 6764/7343/56 6798/7419/56 6760/7420/56
f 6760/7420/56 6798/7419/56 6802/7493/56
f 6760/7420/56 6802/7493/56 6756/7494/56
f 6756/7494/56 6802/7493/56 6806/7565/56
f 6756/7494/56 6806/7565/56 6752/7566/56
f 6752/7566/56 6806/7565/56 6810/7637/56
f 6752/7566/56 6810/7637/56 6748/7638/56
f 6748/7638/56 6810/7637/56 6814/7718/56
f 6748/7638/56 6814/7718/56 6744/7719/56
f 6744/7719/56 6814/7718/56 6818/7802/56
f 6744/7719/56 6818/7802/56 6740/7803/56
f 6740/7803/56 6818/7802/56 6822/7886/56
f 6740/7803/56 6822/7886/56 6736/7887/56
f 6736/7887/56 6822/7886/56 6826/7962/56
f 6736/7887/56 6826/7962/56 6732/7963/56
f 6732/7963/56 6826/7962/56 6418/8106/56
f 6732/7963/56 6418/8106/56 6728/7963/56
f 6728/7963/56 6418/8106/56 6724/7964/56
f 6763/5262/56 6762/6664/56 6759/5445/56
f 6759/5445/56 6762/6664/56 6758/6583/56
f 6759/5445/56 6758/6583/56 6755/5521/56
f 6755/5521/56 6758/6583/56 6754/6506/56
f 6755/5521/56 6754/6506/56 6751/5591/56
f 6751/5591/56 6754/6506/56 6750/6425/56
f 6751/5591/56 6750/6425/56 6747/5661/56
f 6747/5661/56 6750/6425/56 6746/6350/56
f 6747/5661/56 6746/6350/56 6743/5739/56
f 6743/5739/56 6746/6350/56 6742/6266/56
f 6743/5739/56 6742/6266/56 6739/5819/56
f 6739/5819/56 6742/6266/56 6738/6182/56
f 6739/5819/56 6738/6182/56 6735/5899/56
f 6735/5899/56 6738/6182/56 6734/6098/56
f 6735/5899/56 6734/6098/56 6731/5967/56
f 6731/5967/56 6734/6098/56 6730/6021/56
f 6731/5967/56 6730/6021/56 6727/5967/56
f 6727/5967/56 6730/6021/56 6726/6021/56
f 6727/5967/56 6726/6021/56 6723/5968/56
f 6723/5968/56 6726/6021/56 6722/6099/56
f 6723/5968/56 6722/6099/56 6719/5900/56
f 6719/5900/56 6722/6099/56 6718/6183/56
f 6719/5900/56 6718/6183/56 6715/5820/56
f 6715/5820/56 6718/6183/56 6714/6267/56
f 6715/5820/56 6714/6267/56 6711/5740/56
f 6711/5740/56 6714/6267/56 6710/6351/56
f 6711/5740/56 6710/6351/56 6707/5662/56
f 6707/5662/56 6710/6351/56 6706/6426/56
f 6707/5662/56 6706/6426/56 6645/5664/56
f 6645/5664/56 6706/6426/56 6648/6428/56
f 6645/5664/56 6648/6428/56 6644/6354/56
f 6729/2911/56 6725/2911/56 6417/112/56
f 6417/112/56 6725/2911/56 6721/2987/56
f 6417/112/56 6721/2987/56 6631/2990/56
f 6631/2990/56 6721/2987/56 6635/3070/56
f 6721/2987/56 6717/3067/56 6635/3070/56
f 6635/3070/56 6717/3067/56 6639/3192/56
f 6717/3067/56 6713/3189/56 6639/3192/56
f 6639/3192/56 6713/3189/56 6643/3314/56
f 6713/3189/56 6709/3311/56 6643/3314/56
f 6643/3314/56 6709/3311/56 6647/3455/56
f 6709/3311/56 6705/3452/56 6647/3455/56
f 6647/3455/56 6705/3452/56 6651/3536/56
f 6705/3452/56 6701/3534/56 6651/3536/56
f 6651/3536/56 6701/3534/56 6655/3689/56
f 6701/3534/56 6697/3688/56 6655/3689/56
f 6655/3689/56 6697/3688/56 6659/3844/56
f 6697/3688/56 6693/3841/56 6659/3844/56
f 6659/3844/56 6693/3841/56 6663/3967/56
f 6693/3841/56 6689/3966/56 6663/3967/56
f 6663/3967/56 6689/3966/56 6667/4087/56
f 6689/3966/56 6685/4086/56 6667/4087/56
f 6667/4087/56 6685/4086/56 6671/4247/56
f 6685/4086/56 6681/4246/56 6671/4247/56
f 6671/4247/56 6681/4246/56 6675/4443/56
f 6681/4246/56 6677/4442/56 6675/4443/56
f 6675/4443/56 6677/4442/56 6679/4604/56
f 6675/4443/56 6679/4604/56 6673/4605/56
f 6673/4605/56 6679/4604/56 6683/4768/56
f 6673/4605/56 6683/4768/56 6669/4769/56
f 6669/4769/56 6683/4768/56 6687/4968/56
f 6669/4769/56 6687/4968/56 6665/4969/56
f 6665/4969/56 6687/4968/56 6661/5267/56
f 6687/4968/56 6691/5264/56 6661/5267/56
f 6661/5267/56 6691/5264/56 6657/5448/56
f 6691/5264/56 6695/5447/56 6657/5448/56
f 6657/5448/56 6695/5447/56 6653/5524/56
f 6695/5447/56 6699/5523/56 6653/5524/56
f 6653/5524/56 6699/5523/56 6649/5594/56
f 6699/5523/56 6703/5592/56 6649/5594/56
f 6649/5594/56 6703/5592/56 6645/5664/56
f 6703/5592/56 6707/5662/56 6645/5664/56
f 6706/6426/56 6702/6508/56 6648/6428/56
f 6648/6428/56 6702/6508/56 6652/6510/56
f 6702/6508/56 6698/6585/56 6652/6510/56
f 6652/6510/56 6698/6585/56 6656/6586/56
f 6698/6585/56 6694/6666/56 6656/6586/56
f 6656/6586/56 6694/6666/56 6660/6667/56
f 6694/6666/56 6690/6752/56 6660/6667/56
f 6660/6667/56 6690/6752/56 6664/6753/56
f 6690/6752/56 6686/6837/56 6664/6753/56
f 6664/6753/56 6686/6837/56 6668/6838/56
f 6686/6837/56 6682/6921/56 6668/6838/56
f 6668/6838/56 6682/6921/56 6672/6922/56
f 6682/6921/56 6678/7005/56 6672/6922/56
f 6672/6922/56 6678/7005/56 6676/7006/56
f 6678/7005/56 6680/7093/56 6676/7006/56
f 6676/7006/56 6680/7093/56 6674/7094/56
f 6680/7093/56 6684/7177/56 6674/7094/56
f 6674/7094/56 6684/7177/56 6670/7178/56
f 6684/7177/56 6688/7261/56 6670/7178/56
f 6670/7178/56 6688/7261/56 6666/7262/56
f 6688/7261/56 6692/7345/56 6666/7262/56
f 6666/7262/56 6692/7345/56 6662/7346/56
f 6692/7345/56 6696/7422/56 6662/7346/56
f 6662/7346/56 6696/7422/56 6658/7423/56
f 6696/7422/56 6700/7496/56 6658/7423/56
f 6658/7423/56 6700/7496/56 6654/7497/56
f 6700/7496/56 6704/7567/56 6654/7497/56
f 6654/7497/56 6704/7567/56 6650/7569/56
f 6704/7567/56 6708/7639/56 6650/7569/56
f 6650/7569/56 6708/7639/56 6646/7641/56
f 6708/7639/56 6712/7720/56 6646/7641/56
f 6646/7641/56 6712/7720/56 6642/7723/56
f 6712/7720/56 6716/7804/56 6642/7723/56
f 6642/7723/56 6716/7804/56 6638/7807/56
f 6716/7804/56 6720/7888/56 6638/7807/56
f 6638/7807/56 6720/7888/56 6634/7891/56
f 6720/7888/56 6724/7964/56 6634/7891/56
f 6634/7891/56 6724/7964/56 6630/7968/56
f 6645/5664/56 6644/6354/56 6641/5743/56
f 6641/5743/56 6644/6354/56 6640/6270/56
f 6641/5743/56 6640/6270/56 6637/5823/56
f 6637/5823/56 6640/6270/56 6636/6186/56
f 6637/5823/56 6636/6186/56 6633/5903/56
f 6633/5903/56 6636/6186/56 6632/6102/56
f 6633/5903/56 6632/6102/56 6629/5971/56
f 6629/5971/56 6632/6102/56 6628/6023/56
f 6629/5971/56 6628/6023/56 6625/5971/56
f 6625/5971/56 6628/6023/56 6624/6023/56
f 6625/5971/56 6624/6023/56 6621/5972/56
f 6621/5972/56 6624/6023/56 6620/6103/56
f 6621/5972/56 6620/6103/56 6617/5904/56
f 6617/5904/56 6620/6103/56 6616/6187/56
f 6617/5904/56 6616/6187/56 6613/5824/56
f 6613/5824/56 6616/6187/56 6612/6271/56
f 6613/5824/56 6612/6271/56 6609/5744/56
f 6609/5744/56 6612/6271/56 6608/6355/56
f 6609/5744/56 6608/6355/56 6605/5665/56
f 6631/2990/56 6627/2913/56 6417/112/56
f 6417/112/56 6627/2913/56 6623/2913/56
f 6417/112/56 6623/2913/56 6619/2991/56
f 6622/7967/56 6626/7967/56 6418/8106/56
f 6418/8106/56 6626/7967/56 6630/7968/56
f 6418/8106/56 6630/7968/56 6724/7964/56
f 6604/6429/56 6600/6512/56 6546/6431/56
f 6546/6431/56 6600/6512/56 6550/6514/56
f 6600/6512/56 6596/6588/56 6550/6514/56
f 6550/6514/56 6596/6588/56 6554/6589/56
f 6596/6588/56 6592/6670/56 6554/6589/56
f 6554/6589/56 6592/6670/56 6558/6671/56
f 6592/6670/56 6588/6756/56 6558/6671/56
f 6558/6671/56 6588/6756/56 6562/6757/56
f 6588/6756/56 6584/6841/56 6562/6757/56
f 6562/6757/56 6584/6841/56 6566/6842/56
f 6584/6841/56 6580/6925/56 6566/6842/56
f 6566/6842/56 6580/6925/56 6570/6926/56
f 6580/6925/56 6576/7009/56 6570/6926/56
f 6570/6926/56 6576/7009/56 6574/7010/56
f 6576/7009/56 6578/7097/56 6574/7010/56
f 6574/7010/56 6578/7097/56 6572/7098/56
f 6578/7097/56 6582/7181/56 6572/7098/56
f 6572/7098/56 6582/7181/56 6568/7182/56
f 6582/7181/56 6586/7265/56 6568/7182/56
f 6568/7182/56 6586/7265/56 6564/7266/56
f 6586/7265/56 6590/7349/56 6564/7266/56
f 6564/7266/56 6590/7349/56 6560/7350/56
f 6590/7349/56 6594/7425/56 6560/7350/56
f 6560/7350/56 6594/7425/56 6556/7426/56
f 6594/7425/56 6598/7499/56 6556/7426/56
f 6556/7426/56 6598/7499/56 6552/7500/56
f 6598/7499/56 6602/7570/56 6552/7500/56
f 6552/7500/56 6602/7570/56 6548/7572/56
f 6602/7570/56 6606/7642/56 6548/7572/56
f 6548/7572/56 6606/7642/56 6544/7644/56
f 6606/7642/56 6610/7724/56 6544/7644/56
f 6544/7644/56 6610/7724/56 6540/7727/56
f 6610/7724/56 6614/7808/56 6540/7727/56
f 6540/7727/56 6614/7808/56 6536/7811/56
f 6614/7808/56 6618/7892/56 6536/7811/56
f 6536/7811/56 6618/7892/56 6532/7895/56
f 6618/7892/56 6622/7967/56 6532/7895/56
f 6532/7895/56 6622/7967/56 6528/7970/56
f 6520/7971/56 6524/7971/56 6418/8106/56
f 6418/8106/56 6524/7971/56 6528/7970/56
f 6418/8106/56 6528/7970/56 6622/7967/56
f 6519/6107/56 6517/6191/56 6523/5975/56
f 6523/5975/56 6517/6191/56 6515/6275/56
f 6513/6359/56 6511/6432/56 6480/6362/56
f 6480/6362/56 6511/6432/56 6482/6434/56
f 6511/6432/56 6509/6516/56 6482/6434/56
f 6482/6434/56 6509/6516/56 6484/6518/56
f 6509/6516/56 6507/6591/56 6484/6518/56
f 6484/6518/56 6507/6591/56 6486/6592/56
f 6507/6591/56 6505/6674/56 6486/6592/56
f 6486/6592/56 6505/6674/56 6488/6675/56
f 6488/6675/56 6505/6674/56 6490/6761/56
f 6490/6761/56 6505/6674/56 6503/6760/56
f 6490/6761/56 6503/6760/56 6492/6846/56
f 6492/6846/56 6503/6760/56 6501/6845/56
f 6492/6846/56 6501/6845/56 6494/6930/56
f 6494/6930/56 6501/6845/56 6499/6929/56
f 6494/6930/56 6499/6929/56 6496/7014/56
f 6496/7014/56 6499/6929/56 6497/7013/56
f 6496/7014/56 6497/7013/56 6498/7101/56
f 6496/7014/56 6498/7101/56 6495/7102/56
f 6495/7102/56 6498/7101/56 6500/7185/56
f 6495/7102/56 6500/7185/56 6493/7186/56
f 6493/7186/56 6500/7185/56 6502/7269/56
f 6493/7186/56 6502/7269/56 6491/7270/56
f 6491/7270/56 6502/7269/56 6504/7353/56
f 6491/7270/56 6504/7353/56 6489/7354/56
f 6489/7354/56 6504/7353/56 6506/7428/56
f 6489/7354/56 6506/7428/56 6487/7429/56
f 6487/7429/56 6506/7428/56 6508/7502/56
f 6487/7429/56 6508/7502/56 6485/7503/56
f 6485/7503/56 6508/7502/56 6510/7573/56
f 6485/7503/56 6510/7573/56 6483/7575/56
f 6483/7575/56 6510/7573/56 6512/7645/56
f 6483/7575/56 6512/7645/56 6481/7647/56
f 6481/7647/56 6512/7645/56 6514/7728/56
f 6481/7647/56 6514/7728/56 6479/7731/56
f 6479/7731/56 6514/7728/56 6516/7812/56
f 6479/7731/56 6516/7812/56 6477/7815/56
f 6477/7815/56 6516/7812/56 6418/8106/56
f 6477/7815/56 6418/8106/56 6475/7899/56
f 6475/7899/56 6418/8106/56 6473/7974/56
f 6516/7812/56 6518/7896/56 6418/8106/56
f 6418/8106/56 6518/7896/56 6520/7971/56
f 6466/7978/56 6471/7978/56 6418/8106/56
f 6418/8106/56 6471/7978/56 6473/7974/56
f 6476/6194/56 6474/6110/56 6470/5978/56
f 6424/6932/56 6420/7016/56 6418/8106/56
f 6418/8106/56 6420/7016/56 6422/7104/56
f 6418/8106/56 6422/7104/56 6426/7188/56
f 6426/7188/56 6430/7272/56 6418/8106/56
f 6418/8106/56 6430/7272/56 6434/7356/56
f 6418/8106/56 6434/7356/56 6438/7430/56
f 6438/7430/56 6442/7504/56 6418/8106/56
f 6418/8106/56 6442/7504/56 6446/7576/56
f 6418/8106/56 6446/7576/56 6450/7648/56
f 6450/7648/56 6454/7732/56 6418/8106/56
f 6418/8106/56 6454/7732/56 6458/7816/56
f 6418/8106/56 6458/7816/56 6462/7900/56
f 6462/7900/56 6466/7978/56 6418/8106/56
f 7850/7923/56 7952/7921/56 8514/7996/56
f 8514/7996/56 7952/7921/56 8054/7920/56
f 7646/7927/56 7748/7925/56 8514/7996/56
f 8514/7996/56 7748/7925/56 7850/7923/56
f 7034/7948/56 7136/7944/56 6418/8106/56
f 6418/8106/56 7136/7944/56 7238/7940/56
f 4258/10/2 4257/4/2 4276/2158/2
f 4276/2158/2 4257/4/2 4304/5386/2
f 4276/2158/2 4304/5386/2 4288/5389/2
f 4288/5389/2 4304/5386/2 4312/7977/2
f 4288/5389/2 4312/7977/2 4289/5384/2
f 4289/5384/2 4312/7977/2 4315/7994/2
f 4303/5385/2 4311/7975/2 4304/5386/2
f 4304/5386/2 4311/7975/2 4312/7977/2
f 4312/7977/2 6417/8000/2 4315/7994/2
f 4315/7994/2 6417/8000/2 6418/8106/2
f 4315/7994/2 6418/8106/2 4316/7995/2
f 4209/7996/28 4201/1/28 4211/8106/28
f 4211/8106/28 4201/1/28 4203/112/28
f 4204/112/1 4203/8106/1 4202/1/1
f 4202/1/1 4203/8106/1 4201/7996/1
f 4212/112/54 4211/8106/54 4204/1/54
f 4204/1/54 4211/8106/54 4203/7996/54
f 4210/7996/56 4209/1/56 4212/8106/56
f 4212/8106/56 4209/1/56 4211/112/56
f 4210/5372/28 4212/5373/28 4247/1/28
f 4247/1/28 4212/5373/28 4251/112/28
f 4251/112/28 4212/5373/28 2097/8106/28
f 2097/8106/28 4212/5373/28 4204/7976/28
f 2097/8106/28 4204/7976/28 1/7996/28
f 1/7996/28 4204/7976/28 4202/7975/28
f 4143/7999/31 2041/2/31 4147/7996/28
f 4147/7996/28 2041/2/31 2045/112/28
f 4147/7996/28 2045/112/28 4151/8104/26
f 4151/8104/26 2045/112/28 2049/111/26
f 4151/8104/26 2049/111/26 4155/8103/24
f 4155/8103/24 2049/111/26 2053/109/24
f 4155/8103/24 2053/109/24 4159/8101/22
f 4159/8101/22 2053/109/24 2057/107/22
f 4159/8101/22 2057/107/22 4163/8099/20
f 4163/8099/20 2057/107/22 2061/105/20
f 4163/8099/20 2061/105/20 4167/8096/18
f 4167/8096/18 2061/105/20 2065/103/18
f 4167/8096/18 2065/103/18 4171/8094/16
f 4171/8094/16 2065/103/18 2069/101/16
f 4171/8094/16 2069/101/16 4175/8091/14
f 4175/8091/14 2069/101/16 2073/99/14
f 4175/8091/14 2073/99/14 4179/8089/12
f 4179/8089/12 2073/99/14 2077/97/12
f 4179/8089/12 2077/97/12 4183/8085/10
f 4183/8085/10 2077/97/12 2081/94/10
f 4183/8085/10 2081/94/10 4187/8083/8
f 4187/8083/8 2081/94/10 2085/92/8
f 4187/8083/8 2085/92/8 4191/8081/6
f 4191/8081/6 2085/92/8 2089/90/6
f 4191/8081/6 2089/90/6 4195/8079/4
f 4195/8079/4 2089/90/6 2093/88/4
f 4195/8079/4 2093/88/4 4197/8077/3
f 4197/8077/3 2093/88/4 2095/86/3
f 4197/8077/3 2095/86/3 4193/8075/5
f 4193/8075/5 2095/86/3 2091/84/5
f 4193/8075/5 2091/84/5 4189/8072/7
f 4189/8072/7 2091/84/5 2087/81/7
f 4189/8072/7 2087/81/7 4185/8070/9
f 4185/8070/9 2087/81/7 2083/79/9
f 4185/8070/9 2083/79/9 4181/8068/11
f 4181/8068/11 2083/79/9 2079/77/11
f 4181/8068/11 2079/77/11 4177/8066/13
f 4177/8066/13 2079/77/11 2075/74/13
f 4177/8066/13 2075/74/13 4173/8064/15
f 4173/8064/15 2075/74/13 2071/72/15
f 4173/8064/15 2071/72/15 4169/8062/17
f 4169/8062/17 2071/72/15 2067/70/17
f 4169/8062/17 2067/70/17 4165/8060/19
f 4165/8060/19 2067/70/17 2063/68/19
f 4165/8060/19 2063/68/19 4161/8058/21
f 4161/8058/21 2063/68/19 2059/66/21
f 4161/8058/21 2059/66/21 4157/8056/23
f 4157/8056/23 2059/66/21 2055/64/23
f 4157/8056/23 2055/64/23 4153/8054/25
f 4153/8054/25 2055/64/23 2051/61/25
f 4153/8054/25 2051/61/25 4149/8052/27
f 4149/8052/27 2051/61/25 2047/59/27
f 4149/8052/27 2047/59/27 4145/8049/30
f 4145/8049/30 2047/59/27 2043/55/30
f 4145/8049/30 2043/55/30 4141/8047/32
f 4141/8047/32 2043/55/30 2039/53/32
f 4141/8047/32 2039/53/32 4137/8045/34
f 4137/8045/34 2039/53/32 2035/50/34
f 4137/8045/34 2035/50/34 4133/8043/36
f 4133/8043/36 2035/50/34 2031/48/36
f 4133/8043/36 2031/48/36 4129/8041/38
f 4129/8041/38 2031/48/36 2027/46/38
f 4129/8041/38 2027/46/38 4125/8039/40
f 4125/8039/40 2027/46/38 2023/44/40
f 4125/8039/40 2023/44/40 4121/8037/42
f 4121/8037/42 2023/44/40 2019/42/42
f 4121/8037/42 2019/42/42 4117/8035/44
f 4117/8035/44 2019/42/42 2015/40/44
f 4117/8035/44 2015/40/44 4113/8033/46
f 4113/8033/46 2015/40/44 2011/37/46
f 4113/8033/46 2011/37/46 4109/8031/48
f 4109/8031/48 2011/37/46 2007/35/48
f 4109/8031/48 2007/35/48 4105/8029/50
f 4105/8029/50 2007/35/48 2003/33/50
f 4105/8029/50 2003/33/50 4101/8027/52
f 4101/8027/52 2003/33/50 1999/31/52
f 4101/8027/52 1999/31/52 4097/8025/55
f 4097/8025/55 1999/31/52 1995/29/55
f 4097/8025/55 1995/29/55 4099/8023/53
f 4099/8023/53 1995/29/55 1997/27/53
f 4099/8023/53 1997/27/53 4103/8021/51
f 4103/8021/51 1997/27/53 2001/25/51
f 4103/8021/51 2001/25/51 4107/8019/49
f 4107/8019/49 2001/25/51 2005/23/49
f 4107/8019/49 2005/23/49 4111/8017/47
f 4111/8017/47 2005/23/49 2009/21/47
f 4111/8017/47 2009/21/47 4115/8014/45
f 4115/8014/45 2009/21/47 2013/19/45
f 4115/8014/45 2013/19/45 4119/8012/43
f 4119/8012/43 2013/19/45 2017/17/43
f 4119/8012/43 2017/17/43 4123/8009/41
f 4123/8009/41 2017/17/43 2021/15/41
f 4123/8009/41 2021/15/41 4127/8007/39
f 4127/8007/39 2021/15/41 2025/13/39
f 4127/8007/39 2025/13/39 4131/8004/37
f 4131/8004/37 2025/13/39 2029/11/37
f 4131/8004/37 2029/11/37 4135/8002/35
f 4135/8002/35 2029/11/37 2033/8/35
f 4135/8002/35 2033/8/35 4139/8001/33
f 4139/8001/33 2033/8/35 2037/5/33
f 4139/8001/33 2037/5/33 4143/7999/31
f 4143/7999/31 2037/5/33 2041/2/31
f 4144/7999/31 2042/2/31 4148/7996/28
f 4148/7996/28 2042/2/31 2046/112/28
f 4148/7996/28 2046/112/28 4152/8104/26
f 4152/8104/26 2046/112/28 2050/111/26
f 4152/8104/26 2050/111/26 4156/8103/24
f 4156/8103/24 2050/111/26 2054/109/24
f 4156/8103/24 2054/109/24 4160/8101/22
f 4160/8101/22 2054/109/24 2058/107/22
f 4160/8101/22 2058/107/22 4164/8099/20
f 4164/8099/20 2058/107/22 2062/105/20
f 4164/8099/20 2062/105/20 4168/8096/18
f 4168/8096/18 2062/105/20 2066/103/18
f 4168/8096/18 2066/103/18 4172/8094/16
f 4172/8094/16 2066/103/18 2070/101/16
f 4172/8094/16 2070/101/16 4176/8091/14
f 4176/8091/14 2070/101/16 2074/99/14
f 4176/8091/14 2074/99/14 4180/8089/12
f 4180/8089/12 2074/99/14 2078/97/12
f 4180/8089/12 2078/97/12 4184/8085/10
f 4184/8085/10 2078/97/12 2082/94/10
f 4184/8085/10 2082/94/10 4188/8083/8
f 4188/8083/8 2082/94/10 2086/92/8
f 4188/8083/8 2086/92/8 4192/8081/6
f 4192/8081/6 2086/92/8 2090/90/6
f 4192/8081/6 2090/90/6 4196/8079/4
f 4196/8079/4 2090/90/6 2094/88/4
f 4196/8079/4 2094/88/4 4198/8077/3
f 4198/8077/3 2094/88/4 2096/86/3
f 4198/8077/3 2096/86/3 4194/8075/5
f 4194/8075/5 2096/86/3 2092/84/5
f 4194/8075/5 2092/84/5 4190/8072/7
f 4190/8072/7 2092/84/5 2088/81/7
f 4190/8072/7 2088/81/7 4186/8070/9
f 4186/8070/9 2088/81/7 2084/79/9
f 4186/8070/9 2084/79/9 4182/8068/11
f 4182/8068/11 2084/79/9 2080/77/11
f 4182/8068/11 2080/77/11 4178/8066/13
f 4178/8066/13 2080/77/11 2076/74/13
f 4178/8066/13 2076/74/13 4174/8064/15
f 4174/8064/15 2076/74/13 2072/72/15
f 4174/8064/15 2072/72/15 4170/8062/17
f 4170/8062/17 2072/72/15 2068/70/17
f 4170/8062/17 2068/70/17 4166/8060/19
f 4166/8060/19 2068/70/17 2064/68/19
f 4166/8060/19 2064/68/19 4162/8058/21
f 4162/8058/21 2064/68/19 2060/66/21
f 4162/8058/21 2060/66/21 4158/8056/23
f 4158/8056/23 2060/66/21 2056/64/23
f 4158/8056/23 2056/64/23 4154/8054/25
f 4154/8054/25 2056/64/23 2052/61/25
f 4154/8054/25 2052/61/25 4150/8052/27
f 4150/8052/27 2052/61/25 2048/59/27
f 4150/8052/27 2048/59/27 4146/8049/30
f 4146/8049/30 2048/59/27 2044/55/30
f 4146/8049/30 2044/55/30 4142/8047/32
f 4142/8047/32 2044/55/30 2040/53/32
f 4142/8047/32 2040/53/32 4138/8045/34
f 4138/8045/34 2040/53/32 2036/50/34
f 4138/8045/34 2036/50/34 4134/8043/36
f 4134/8043/36 2036/50/34 2032/48/36
f 4134/8043/36 2032/48/36 4130/8041/38
f 4130/8041/38 2032/48/36 2028/46/38
f 4130/8041/38 2028/46/38 4126/8039/40
f 4126/8039/40 2028/46/38 2024/44/40
f 4126/8039/40 2024/44/40 4122/8037/42
f 4122/8037/42 2024/44/40 2020/42/42
f 4122/8037/42 2020/42/42 4118/8035/44
f 4118/8035/44 2020/42/42 2016/40/44
f 4118/8035/44 2016/40/44 4114/8033/46
f 4114/8033/46 2016/40/44 2012/37/46
f 4114/8033/46 2012/37/46 4110/8031/48
f 4110/8031/48 2012/37/46 2008/35/48
f 4110/8031/48 2008/35/48 4106/8029/50
f 4106/8029/50 2008/35/48 2004/33/50
f 4106/8029/50 2004/33/50 4102/8027/52
f 4102/8027/52 2004/33/50 2000/31/52
f 4102/8027/52 2000/31/52 4098/8025/55
f 4098/8025/55 2000/31/52 1996/29/55
f 4098/8025/55 1996/29/55 4100/8023/53
f 4100/8023/53 1996/29/55 1998/27/53
f 4100/8023/53 1998/27/53 4104/8021/51
f 4104/8021/51 1998/27/53 2002/25/51
f 4104/8021/51 2002/25/51 4108/8019/49
f 4108/8019/49 2002/25/51 2006/23/49
f 4108/8019/49 2006/23/49 4112/8017/47
f 4112/8017/47 2006/23/49 2010/21/47
f 4112/8017/47 2010/21/47 4116/8014/45
f 4116/8014/45 2010/21/47 2014/19/45
f 4116/8014/45 2014/19/45 4120/8012/43
f 4120/8012/43 2014/19/45 2018/17/43
f 4120/8012/43 2018/17/43 4124/8009/41
f 4124/8009/41 2018/17/43 2022/15/41
f 4124/8009/41 2022/15/41 4128/8007/39
f 4128/8007/39 2022/15/41 2026/13/39
f 4128/8007/39 2026/13/39 4132/8004/37
f 4132/8004/37 2026/13/39 2030/11/37
f 4132/8004/37 2030/11/37 4136/8002/35
f 4136/8002/35 2030/11/37 2034/8/35
f 4136/8002/35 2034/8/35 4140/8001/33
f 4140/8001/33 2034/8/35 2038/5/33
f 4140/8001/33 2038/5/33 4144/7999/31
f 4144/7999/31 2038/5/33 2042/2/31
f 4041/7999/31 1939/2/31 4045/7996/28
f 4045/7996/28 1939/2/31 1943/112/28
f 4045/7996/28 1943/112/28 4049/8104/26
f 4049/8104/26 1943/112/28 1947/111/26
f 4049/8104/26 1947/111/26 4053/8103/24
f 4053/8103/24 1947/111/26 1951/109/24
f 4053/8103/24 1951/109/24 4057/8101/22
f 4057/8101/22 1951/109/24 1955/107/22
f 4057/8101/22 1955/107/22 4061/8099/20
f 4061/8099/20 1955/107/22 1959/105/20
f 4061/8099/20 1959/105/20 4065/8096/18
f 4065/8096/18 1959/105/20 1963/103/18
f 4065/8096/18 1963/103/18 4069/8094/16
f 4069/8094/16 1963/103/18 1967/101/16
f 4069/8094/16 1967/101/16 4073/8091/14
f 4073/8091/14 1967/101/16 1971/99/14
f 4073/8091/14 1971/99/14 4077/8089/12
f 4077/8089/12 1971/99/14 1975/97/12
f 4077/8089/12 1975/97/12 4081/8085/10
f 4081/8085/10 1975/97/12 1979/94/10
f 4081/8085/10 1979/94/10 4085/8083/8
f 4085/8083/8 1979/94/10 1983/92/8
f 4085/8083/8 1983/92/8 4089/8081/6
f 4089/8081/6 1983/92/8 1987/90/6
f 4089/8081/6 1987/90/6 4093/8079/4
f 4093/8079/4 1987/90/6 1991/88/4
f 4093/8079/4 1991/88/4 4095/8077/3
f 4095/8077/3 1991/88/4 1993/86/3
f 4095/8077/3 1993/86/3 4091/8075/5
f 4091/8075/5 1993/86/3 1989/84/5
f 4091/8075/5 1989/84/5 4087/8072/7
f 4087/8072/7 1989/84/5 1985/81/7
f 4087/8072/7 1985/81/7 4083/8070/9
f 4083/8070/9 1985/81/7 1981/79/9
f 4083/8070/9 1981/79/9 4079/8068/11
f 4079/8068/11 1981/79/9 1977/77/11
f 4079/8068/11 1977/77/11 4075/8066/13
f 4075/8066/13 1977/77/11 1973/74/13
f 4075/8066/13 1973/74/13 4071/8064/15
f 4071/8064/15 1973/74/13 1969/72/15
f 4071/8064/15 1969/72/15 4067/8062/17
f 4067/8062/17 1969/72/15 1965/70/17
f 4067/8062/17 1965/70/17 4063/8060/19
f 4063/8060/19 1965/70/17 1961/68/19
f 4063/8060/19 1961/68/19 4059/8058/21
f 4059/8058/21 1961/68/19 1957/66/21
f 4059/8058/21 1957/66/21 4055/8056/23
f 4055/8056/23 1957/66/21 1953/64/23
f 4055/8056/23 1953/64/23 4051/8054/25
f 4051/8054/25 1953/64/23 1949/61/25
f 4051/8054/25 1949/61/25 4047/8052/27
f 4047/8052/27 1949/61/25 1945/59/27
f 4047/8052/27 1945/59/27 4043/8049/30
f 4043/8049/30 1945/59/27 1941/55/30
f 4043/8049/30 1941/55/30 4039/8047/32
f 4039/8047/32 1941/55/30 1937/53/32
f 4039/8047/32 1937/53/32 4035/8045/34
f 4035/8045/34 1937/53/32 1933/50/34
f 4035/8045/34 1933/50/34 4031/8043/36
f 4031/8043/36 1933/50/34 1929/48/36
f 4031/8043/36 1929/48/36 4027/8041/38
f 4027/8041/38 1929/48/36 1925/46/38
f 4027/8041/38 1925/46/38 4023/8039/40
f 4023/8039/40 1925/46/38 1921/44/40
f 4023/8039/40 1921/44/40 4019/8037/42
f 4019/8037/42 1921/44/40 1917/42/42
f 4019/8037/42 1917/42/42 4015/8035/44
f 4015/8035/44 1917/42/42 1913/40/44
f 4015/8035/44 1913/40/44 4011/8033/46
f 4011/8033/46 1913/40/44 1909/37/46
f 4011/8033/46 1909/37/46 4007/8031/48
f 4007/8031/48 1909/37/46 1905/35/48
f 4007/8031/48 1905/35/48 4003/8029/50
f 4003/8029/50 1905/35/48 1901/33/50
f 4003/8029/50 1901/33/50 3999/8027/52
f 3999/8027/52 1901/33/50 1897/31/52
f 3999/8027/52 1897/31/52 3995/8025/55
f 3995/8025/55 1897/31/52 1893/29/55
f 3995/8025/55 1893/29/55 3997/8023/53
f 3997/8023/53 1893/29/55 1895/27/53
f 3997/8023/53 1895/27/53 4001/8021/51
f 4001/8021/51 1895/27/53 1899/25/51
f 4001/8021/51 1899/25/51 4005/8019/49
f 4005/8019/49 1899/25/51 1903/23/49
f 4005/8019/49 1903/23/49 4009/8017/47
f 4009/8017/47 1903/23/49 1907/21/47
f 4009/8017/47 1907/21/47 4013/8014/45
f 4013/8014/45 1907/21/47 1911/19/45
f 4013/8014/45 1911/19/45 4017/8012/43
f 4017/8012/43 1911/19/45 1915/17/43
f 4017/8012/43 1915/17/43 4021/8009/41
f 4021/8009/41 1915/17/43 1919/15/41
f 4021/8009/41 1919/15/41 4025/8007/39
f 4025/8007/39 1919/15/41 1923/13/39
f 4025/8007/39 1923/13/39 4029/8004/37
f 4029/8004/37 1923/13/39 1927/11/37
f 4029/8004/37 1927/11/37 4033/8002/35
f 4033/8002/35 1927/11/37 1931/8/35
f 4033/8002/35 1931/8/35 4037/8001/33
f 4037/8001/33 1931/8/35 1935/5/33
f 4037/8001/33 1935/5/33 4041/7999/31
f 4041/7999/31 1935/5/33 1939/2/31
f 4042/7999/31 1940/2/31 4046/8106/28
f 4046/8106/28 1940/2/31 1944/1/28
f 4046/8106/28 1944/1/28 4050/8104/26
f 4050/8104/26 1944/1/28 1948/111/26
f 4050/8104/26 1948/111/26 4054/8103/24
f 4054/8103/24 1948/111/26 1952/109/24
f 4054/8103/24 1952/109/24 4058/8101/22
f 4058/8101/22 1952/109/24 1956/107/22
f 4058/8101/22 1956/107/22 4062/8099/20
f 4062/8099/20 1956/107/22 1960/105/20
f 4062/8099/20 1960/105/20 4066/8096/18
f 4066/8096/18 1960/105/20 1964/103/18
f 4066/8096/18 1964/103/18 4070/8094/16
f 4070/8094/16 1964/103/18 1968/101/16
f 4070/8094/16 1968/101/16 4074/8091/14
f 4074/8091/14 1968/101/16 1972/99/14
f 4074/8091/14 1972/99/14 4078/8089/12
f 4078/8089/12 1972/99/14 1976/97/12
f 4078/8089/12 1976/97/12 4082/8085/10
f 4082/8085/10 1976/97/12 1980/94/10
f 4082/8085/10 1980/94/10 4086/8083/8
f 4086/8083/8 1980/94/10 1984/92/8
f 4086/8083/8 1984/92/8 4090/8081/6
f 4090/8081/6 1984/92/8 1988/90/6
f 4090/8081/6 1988/90/6 4094/8079/4
f 4094/8079/4 1988/90/6 1992/88/4
f 4094/8079/4 1992/88/4 4096/8077/3
f 4096/8077/3 1992/88/4 1994/86/3
f 4096/8077/3 1994/86/3 4092/8075/5
f 4092/8075/5 1994/86/3 1990/84/5
f 4092/8075/5 1990/84/5 4088/8072/7
f 4088/8072/7 1990/84/5 1986/81/7
f 4088/8072/7 1986/81/7 4084/8070/9
f 4084/8070/9 1986/81/7 1982/79/9
f 4084/8070/9 1982/79/9 4080/8068/11
f 4080/8068/11 1982/79/9 1978/77/11
f 4080/8068/11 1978/77/11 4076/8066/13
f 4076/8066/13 1978/77/11 1974/74/13
f 4076/8066/13 1974/74/13 4072/8064/15
f 4072/8064/15 1974/74/13 1970/72/15
f 4072/8064/15 1970/72/15 4068/8062/17
f 4068/8062/17 1970/72/15 1966/70/17
f 4068/8062/17 1966/70/17 4064/8060/19
f 4064/8060/19 1966/70/17 1962/68/19
f 4064/8060/19 1962/68/19 4060/8058/21
f 4060/8058/21 1962/68/19 1958/66/21
f 4060/8058/21 1958/66/21 4056/8056/23
f 4056/8056/23 1958/66/21 1954/64/23
f 4056/8056/23 1954/64/23 4052/8054/25
f 4052/8054/25 1954/64/23 1950/61/25
f 4052/8054/25 1950/61/25 4048/8052/27
f 4048/8052/27 1950/61/25 1946/59/27
f 4048/8052/27 1946/59/27 4044/8049/30
f 4044/8049/30 1946/59/27 1942/55/30
f 4044/8049/30 1942/55/30 4040/8047/32
f 4040/8047/32 1942/55/30 1938/53/32
f 4040/8047/32 1938/53/32 4036/8045/34
f 4036/8045/34 1938/53/32 1934/50/34
f 4036/8045/34 1934/50/34 4032/8043/36
f 4032/8043/36 1934/50/34 1930/48/36
f 4032/8043/36 1930/48/36 4028/8041/38
f 4028/8041/38 1930/48/36 1926/46/38
f 4028/8041/38 1926/46/38 4024/8039/40
f 4024/8039/40 1926/46/38 1922/44/40
f 4024/8039/40 1922/44/40 4020/8037/42
f 4020/8037/42 1922/44/40 1918/42/42
f 4020/8037/42 1918/42/42 4016/8035/44
f 4016/8035/44 1918/42/42 1914/40/44
f 4016/8035/44 1914/40/44 4012/8033/46
f 4012/8033/46 1914/40/44 1910/37/46
f 4012/8033/46 1910/37/46 4008/8031/48
f 4008/8031/48 1910/37/46 1906/35/48
f 4008/8031/48 1906/35/48 4004/8029/50
f 4004/8029/50 1906/35/48 1902/33/50
f 4004/8029/50 1902/33/50 4000/8027/52
f 4000/8027/52 1902/33/50 1898/31/52
f 4000/8027/52 1898/31/52 3996/8025/55
f 3996/8025/55 1898/31/52 1894/29/55
f 3996/8025/55 1894/29/55 3998/8023/53
f 3998/8023/53 1894/29/55 1896/27/53
f 3998/8023/53 1896/27/53 4002/8021/51
f 4002/8021/51 1896/27/53 1900/25/51
f 4002/8021/51 1900/25/51 4006/8019/49
f 4006/8019/49 1900/25/51 1904/23/49
f 4006/8019/49 1904/23/49 4010/8017/47
f 4010/8017/47 1904/23/49 1908/21/47
f 4010/8017/47 1908/21/47 4014/8014/45
f 4014/8014/45 1908/21/47 1912/19/45
f 4014/8014/45 1912/19/45 4018/8012/43
f 4018/8012/43 1912/19/45 1916/17/43
f 4018/8012/43 1916/17/43 4022/8009/41
f 4022/8009/41 1916/17/43 1920/15/41
f 4022/8009/41 1920/15/41 4026/8007/39
f 4026/8007/39 1920/15/41 1924/13/39
f 4026/8007/39 1924/13/39 4030/8004/37
f 4030/8004/37 1924/13/39 1928/11/37
f 4030/8004/37 1928/11/37 4034/8002/35
f 4034/8002/35 1928/11/37 1932/8/35
f 4034/8002/35 1932/8/35 4038/8001/33
f 4038/8001/33 1932/8/35 1936/5/33
f 4038/8001/33 1936/5/33 4042/7999/31
f 4042/7999/31 1936/5/33 1940/2/31
f 3939/7999/31 1837/2/31 3943/7996/28
f 3943/7996/28 1837/2/31 1841/112/28
f 3943/7996/28 1841/112/28 3947/8104/26
f 3947/8104/26 1841/112/28 1845/111/26
f 3947/8104/26 1845/111/26 3951/8103/24
f 3951/8103/24 1845/111/26 1849/109/24
f 3951/8103/24 1849/109/24 3955/8101/22
f 3955/8101/22 1849/109/24 1853/107/22
f 3955/8101/22 1853/107/22 3959/8099/20
f 3959/8099/20 1853/107/22 1857/105/20
f 3959/8099/20 1857/105/20 3963/8096/18
f 3963/8096/18 1857/105/20 1861/103/18
f 3963/8096/18 1861/103/18 3967/8094/16
f 3967/8094/16 1861/103/18 1865/101/16
f 3967/8094/16 1865/101/16 3971/8091/14
f 3971/8091/14 1865/101/16 1869/99/14
f 3971/8091/14 1869/99/14 3975/8089/12
f 3975/8089/12 1869/99/14 1873/97/12
f 3975/8089/12 1873/97/12 3979/8085/10
f 3979/8085/10 1873/97/12 1877/94/10
f 3979/8085/10 1877/94/10 3983/8083/8
f 3983/8083/8 1877/94/10 1881/92/8
f 3983/8083/8 1881/92/8 3987/8081/6
f 3987/8081/6 1881/92/8 1885/90/6
f 3987/8081/6 1885/90/6 3991/8079/4
f 3991/8079/4 1885/90/6 1889/88/4
f 3991/8079/4 1889/88/4 3993/8077/3
f 3993/8077/3 1889/88/4 1891/86/3
f 3993/8077/3 1891/86/3 3989/8075/5
f 3989/8075/5 1891/86/3 1887/84/5
f 3989/8075/5 1887/84/5 3985/8072/7
f 3985/8072/7 1887/84/5 1883/81/7
f 3985/8072/7 1883/81/7 3981/8070/9
f 3981/8070/9 1883/81/7 1879/79/9
f 3981/8070/9 1879/79/9 3977/8068/11
f 3977/8068/11 1879/79/9 1875/77/11
f 3977/8068/11 1875/77/11 3973/8066/13
f 3973/8066/13 1875/77/11 1871/74/13
f 3973/8066/13 1871/74/13 3969/8064/15
f 3969/8064/15 1871/74/13 1867/72/15
f 3969/8064/15 1867/72/15 3965/8062/17
f 3965/8062/17 1867/72/15 1863/70/17
f 3965/8062/17 1863/70/17 3961/8060/19
f 3961/8060/19 1863/70/17 1859/68/19
f 3961/8060/19 1859/68/19 3957/8058/21
f 3957/8058/21 1859/68/19 1855/66/21
f 3957/8058/21 1855/66/21 3953/8056/23
f 3953/8056/23 1855/66/21 1851/64/23
f 3953/8056/23 1851/64/23 3949/8054/25
f 3949/8054/25 1851/64/23 1847/61/25
f 3949/8054/25 1847/61/25 3945/8052/27
f 3945/8052/27 1847/61/25 1843/59/27
f 3945/8052/27 1843/59/27 3941/8049/30
f 3941/8049/30 1843/59/27 1839/55/30
f 3941/8049/30 1839/55/30 3937/8047/32
f 3937/8047/32 1839/55/30 1835/53/32
f 3937/8047/32 1835/53/32 3933/8045/34
f 3933/8045/34 1835/53/32 1831/50/34
f 3933/8045/34 1831/50/34 3929/8043/36
f 3929/8043/36 1831/50/34 1827/48/36
f 3929/8043/36 1827/48/36 3925/8041/38
f 3925/8041/38 1827/48/36 1823/46/38
f 3925/8041/38 1823/46/38 3921/8039/40
f 3921/8039/40 1823/46/38 1819/44/40
f 3921/8039/40 1819/44/40 3917/8037/42
f 3917/8037/42 1819/44/40 1815/42/42
f 3917/8037/42 1815/42/42 3913/8035/44
f 3913/8035/44 1815/42/42 1811/40/44
f 3913/8035/44 1811/40/44 3909/8033/46
f 3909/8033/46 1811/40/44 1807/37/46
f 3909/8033/46 1807/37/46 3905/8031/48
f 3905/8031/48 1807/37/46 1803/35/48
f 3905/8031/48 1803/35/48 3901/8029/50
f 3901/8029/50 1803/35/48 1799/33/50
f 3901/8029/50 1799/33/50 3897/8027/52
f 3897/8027/52 1799/33/50 1795/31/52
f 3897/8027/52 1795/31/52 3893/8025/55
f 3893/8025/55 1795/31/52 1791/29/55
f 3893/8025/55 1791/29/55 3895/8023/53
f 3895/8023/53 1791/29/55 1793/27/53
f 3895/8023/53 1793/27/53 3899/8021/51
f 3899/8021/51 1793/27/53 1797/25/51
f 3899/8021/51 1797/25/51 3903/8019/49
f 3903/8019/49 1797/25/51 1801/23/49
f 3903/8019/49 1801/23/49 3907/8017/47
f 3907/8017/47 1801/23/49 1805/21/47
f 3907/8017/47 1805/21/47 3911/8014/45
f 3911/8014/45 1805/21/47 1809/19/45
f 3911/8014/45 1809/19/45 3915/8012/43
f 3915/8012/43 1809/19/45 1813/17/43
f 3915/8012/43 1813/17/43 3919/8009/41
f 3919/8009/41 1813/17/43 1817/15/41
f 3919/8009/41 1817/15/41 3923/8007/39
f 3923/8007/39 1817/15/41 1821/13/39
f 3923/8007/39 1821/13/39 3927/8004/37
f 3927/8004/37 1821/13/39 1825/11/37
f 3927/8004/37 1825/11/37 3931/8002/35
f 3931/8002/35 1825/11/37 1829/8/35
f 3931/8002/35 1829/8/35 3935/8001/33
f 3935/8001/33 1829/8/35 1833/5/33
f 3935/8001/33 1833/5/33 3939/7999/31
f 3939/7999/31 1833/5/33 1837/2/31
f 3940/7999/31 1838/2/31 3944/7996/28
f 3944/7996/28 1838/2/31 1842/112/28
f 3944/7996/28 1842/112/28 3948/8104/26
f 3948/8104/26 1842/112/28 1846/111/26
f 3948/8104/26 1846/111/26 3952/8103/24
f 3952/8103/24 1846/111/26 1850/109/24
f 3952/8103/24 1850/109/24 3956/8101/22
f 3956/8101/22 1850/109/24 1854/107/22
f 3956/8101/22 1854/107/22 3960/8099/20
f 3960/8099/20 1854/107/22 1858/105/20
f 3960/8099/20 1858/105/20 3964/8096/18
f 3964/8096/18 1858/105/20 1862/103/18
f 3964/8096/18 1862/103/18 3968/8094/16
f 3968/8094/16 1862/103/18 1866/101/16
f 3968/8094/16 1866/101/16 3972/8091/14
f 3972/8091/14 1866/101/16 1870/99/14
f 3972/8091/14 1870/99/14 3976/8089/12
f 3976/8089/12 1870/99/14 1874/97/12
f 3976/8089/12 1874/97/12 3980/8085/10
f 3980/8085/10 1874/97/12 1878/94/10
f 3980/8085/10 1878/94/10 3984/8083/8
f 3984/8083/8 1878/94/10 1882/92/8
f 3984/8083/8 1882/92/8 3988/8081/6
f 3988/8081/6 1882/92/8 1886/90/6
f 3988/8081/6 1886/90/6 3992/8079/4
f 3992/8079/4 1886/90/6 1890/88/4
f 3992/8079/4 1890/88/4 3994/8077/3
f 3994/8077/3 1890/88/4 1892/86/3
f 3994/8077/3 1892/86/3 3990/8075/5
f 3990/8075/5 1892/86/3 1888/84/5
f 3990/8075/5 1888/84/5 3986/8072/7
f 3986/8072/7 1888/84/5 1884/81/7
f 3986/8072/7 1884/81/7 3982/8070/9
f 3982/8070/9 1884/81/7 1880/79/9
f 3982/8070/9 1880/79/9 3978/8068/11
f 3978/8068/11 1880/79/9 1876/77/11
f 3978/8068/11 1876/77/11 3974/8066/13
f 3974/8066/13 1876/77/11 1872/74/13
f 3974/8066/13 1872/74/13 3970/8064/15
f 3970/8064/15 1872/74/13 1868/72/15
f 3970/8064/15 1868/72/15 3966/8062/17
f 3966/8062/17 1868/72/15 1864/70/17
f 3966/8062/17 1864/70/17 3962/8060/19
f 3962/8060/19 1864/70/17 1860/68/19
f 3962/8060/19 1860/68/19 3958/8058/21
f 3958/8058/21 1860/68/19 1856/66/21
f 3958/8058/21 1856/66/21 3954/8056/23
f 3954/8056/23 1856/66/21 1852/64/23
f 3954/8056/23 1852/64/23 3950/8054/25
f 3950/8054/25 1852/64/23 1848/61/25
f 3950/8054/25 1848/61/25 3946/8052/27
f 3946/8052/27 1848/61/25 1844/59/27
f 3946/8052/27 1844/59/27 3942/8049/30
f 3942/8049/30 1844/59/27 1840/55/30
f 3942/8049/30 1840/55/30 3938/8047/32
f 3938/8047/32 1840/55/30 1836/53/32
f 3938/8047/32 1836/53/32 3934/8045/34
f 3934/8045/34 1836/53/32 1832/50/34
f 3934/8045/34 1832/50/34 3930/8043/36
f 3930/8043/36 1832/50/34 1828/48/36
f 3930/8043/36 1828/48/36 3926/8041/38
f 3926/8041/38 1828/48/36 1824/46/38
f 3926/8041/38 1824/46/38 3922/8039/40
f 3922/8039/40 1824/46/38 1820/44/40
f 3922/8039/40 1820/44/40 3918/8037/42
f 3918/8037/42 1820/44/40 1816/42/42
f 3918/8037/42 1816/42/42 3914/8035/44
f 3914/8035/44 1816/42/42 1812/40/44
f 3914/8035/44 1812/40/44 3910/8033/46
f 3910/8033/46 1812/40/44 1808/37/46
f 3910/8033/46 1808/37/46 3906/8031/48
f 3906/8031/48 1808/37/46 1804/35/48
f 3906/8031/48 1804/35/48 3902/8029/50
f 3902/8029/50 1804/35/48 1800/33/50
f 3902/8029/50 1800/33/50 3898/8027/52
f 3898/8027/52 1800/33/50 1796/31/52
f 3898/8027/52 1796/31/52 3894/8025/55
f 3894/8025/55 1796/31/52 1792/29/55
f 3894/8025/55 1792/29/55 3896/8023/53
f 3896/8023/53 1792/29/55 1794/27/53
f 3896/8023/53 1794/27/53 3900/8021/51
f 3900/8021/51 1794/27/53 1798/25/51
f 3900/8021/51 1798/25/51 3904/8019/49
f 3904/8019/49 1798/25/51 1802/23/49
f 3904/8019/49 1802/23/49 3908/8017/47
f 3908/8017/47 1802/23/49 1806/21/47
f 3908/8017/47 1806/21/47 3912/8014/45
f 3912/8014/45 1806/21/47 1810/19/45
f 3912/8014/45 1810/19/45 3916/8012/43
f 3916/8012/43 1810/19/45 1814/17/43
f 3916/8012/43 1814/17/43 3920/8009/41
f 3920/8009/41 1814/17/43 1818/15/41
f 3920/8009/41 1818/15/41 3924/8007/39
f 3924/8007/39 1818/15/41 1822/13/39
f 3924/8007/39 1822/13/39 3928/8004/37
f 3928/8004/37 1822/13/39 1826/11/37
f 3928/8004/37 1826/11/37 3932/8002/35
f 3932/8002/35 1826/11/37 1830/8/35
f 3932/8002/35 1830/8/35 3936/8001/33
f 3936/8001/33 1830/8/35 1834/5/33
f 3936/8001/33 1834/5/33 3940/7999/31
f 3940/7999/31 1834/5/33 1838/2/31
f 3223/7999/31 1123/2/31 3227/7996/28
f 3227/7996/28 1123/2/31 1127/1/28
f 3227/7996/28 1127/1/28 3231/8106/26
f 3231/8106/26 1127/1/28 1131/112/26
f 3231/8106/26 1131/112/26 3235/8104/24
f 3235/8104/24 1131/112/26 1135/111/24
f 3235/8104/24 1135/111/24 3239/8103/22
f 3239/8103/22 1135/111/24 1139/109/22
f 3239/8103/22 1139/109/22 3243/8100/20
f 3243/8100/20 1139/109/22 1143/106/20
f 3243/8100/20 1143/106/20 3247/8098/18
f 3247/8098/18 1143/106/20 1147/104/18
f 3247/8098/18 1147/104/18 3251/8095/16
f 3251/8095/16 1147/104/18 1151/102/16
f 3251/8095/16 1151/102/16 3255/8093/14
f 3255/8093/14 1151/102/16 1155/100/14
f 3255/8093/14 1155/100/14 3259/8090/12
f 3259/8090/12 1155/100/14 1159/98/12
f 3259/8090/12 1159/98/12 3263/8088/10
f 3263/8088/10 1159/98/12 1163/96/10
f 3263/8088/10 1163/96/10 3267/8084/8
f 3267/8084/8 1163/96/10 1167/93/8
f 3267/8084/8 1167/93/8 3271/8082/6
f 3271/8082/6 1167/93/8 1171/91/6
f 3271/8082/6 1171/91/6 3275/8080/4
f 3275/8080/4 1171/91/6 1175/89/4
f 3275/8080/4 1175/89/4 3277/8078/3
f 3277/8078/3 1175/89/4 1177/87/3
f 3277/8078/3 1177/87/3 3273/8076/5
f 3273/8076/5 1177/87/3 1173/85/5
f 3273/8076/5 1173/85/5 3269/8074/7
f 3269/8074/7 1173/85/5 1169/83/7
f 3269/8074/7 1169/83/7 3265/8071/9
f 3265/8071/9 1169/83/7 1165/80/9
f 3265/8071/9 1165/80/9 3261/8069/11
f 3261/8069/11 1165/80/9 1161/78/11
f 3261/8069/11 1161/78/11 3257/8067/13
f 3257/8067/13 1161/78/11 1157/76/13
f 3257/8067/13 1157/76/13 3253/8065/15
f 3253/8065/15 1157/76/13 1153/73/15
f 3253/8065/15 1153/73/15 3249/8063/17
f 3249/8063/17 1153/73/15 1149/71/17
f 3249/8063/17 1149/71/17 3245/8061/19
f 3245/8061/19 1149/71/17 1145/69/19
f 3245/8061/19 1145/69/19 3241/8059/21
f 3241/8059/21 1145/69/19 1141/67/21
f 3241/8059/21 1141/67/21 3237/8057/23
f 3237/8057/23 1141/67/21 1137/65/23
f 3237/8057/23 1137/65/23 3233/8055/25
f 3233/8055/25 1137/65/23 1133/63/25
f 3233/8055/25 1133/63/25 3229/8053/27
f 3229/8053/27 1133/63/25 1129/60/27
f 3229/8053/27 1129/60/27 3225/8051/30
f 3225/8051/30 1129/60/27 1125/57/30
f 3225/8051/30 1125/57/30 3221/8048/32
f 3221/8048/32 1125/57/30 1121/54/32
f 3221/8048/32 1121/54/32 3217/8046/34
f 3217/8046/34 1121/54/32 1117/51/34
f 3217/8046/34 1117/51/34 3213/8044/36
f 3213/8044/36 1117/51/34 1113/49/36
f 3213/8044/36 1113/49/36 3209/8042/38
f 3209/8042/38 1113/49/36 1109/47/38
f 3209/8042/38 1109/47/38 3205/8040/40
f 3205/8040/40 1109/47/38 1105/45/40
f 3205/8040/40 1105/45/40 3201/8038/42
f 3201/8038/42 1105/45/40 1101/43/42
f 3201/8038/42 1101/43/42 3197/8036/44
f 3197/8036/44 1101/43/42 1097/41/44
f 3197/8036/44 1097/41/44 3193/8034/46
f 3193/8034/46 1097/41/44 1093/38/46
f 3193/8034/46 1093/38/46 3189/8032/48
f 3189/8032/48 1093/38/46 1089/36/48
f 3189/8032/48 1089/36/48 3185/8030/50
f 3185/8030/50 1089/36/48 1085/34/50
f 3185/8030/50 1085/34/50 3181/8028/52
f 3181/8028/52 1085/34/50 1081/32/52
f 3181/8028/52 1081/32/52 3177/8026/55
f 3177/8026/55 1081/32/52 1077/30/55
f 3177/8026/55 1077/30/55 3179/8024/53
f 3179/8024/53 1077/30/55 1079/28/53
f 3179/8024/53 1079/28/53 3183/8022/51
f 3183/8022/51 1079/28/53 1083/26/51
f 3183/8022/51 1083/26/51 3187/8020/49
f 3187/8020/49 1083/26/51 1087/24/49
f 3187/8020/49 1087/24/49 3191/8018/47
f 3191/8018/47 1087/24/49 1091/22/47
f 3191/8018/47 1091/22/47 3195/8015/45
f 3195/8015/45 1091/22/47 1095/20/45
f 3195/8015/45 1095/20/45 3199/8013/43
f 3199/8013/43 1095/20/45 1099/18/43
f 3199/8013/43 1099/18/43 3203/8010/41
f 3203/8010/41 1099/18/43 1103/16/41
f 3203/8010/41 1103/16/41 3207/8008/39
f 3207/8008/39 1103/16/41 1107/14/39
f 3207/8008/39 1107/14/39 3211/8005/37
f 3211/8005/37 1107/14/39 1111/12/37
f 3211/8005/37 1111/12/37 3215/8003/35
f 3215/8003/35 1111/12/37 1115/9/35
f 3215/8003/35 1115/9/35 3219/8001/33
f 3219/8001/33 1115/9/35 1119/5/33
f 3219/8001/33 1119/5/33 3223/7999/31
f 3223/7999/31 1119/5/33 1123/2/31
f 3224/7999/31 1124/2/31 3228/7996/28
f 3228/7996/28 1124/2/31 1128/112/28
f 3228/7996/28 1128/112/28 3232/8104/26
f 3232/8104/26 1128/112/28 1132/111/26
f 3232/8104/26 1132/111/26 3236/8103/24
f 3236/8103/24 1132/111/26 1136/109/24
f 3236/8103/24 1136/109/24 3240/8101/22
f 3240/8101/22 1136/109/24 1140/107/22
f 3240/8101/22 1140/107/22 3244/8099/20
f 3244/8099/20 1140/107/22 1144/105/20
f 3244/8099/20 1144/105/20 3248/8096/18
f 3248/8096/18 1144/105/20 1148/103/18
f 3248/8096/18 1148/103/18 3252/8094/16
f 3252/8094/16 1148/103/18 1152/101/16
f 3252/8094/16 1152/101/16 3256/8091/14
f 3256/8091/14 1152/101/16 1156/99/14
f 3256/8091/14 1156/99/14 3260/8089/12
f 3260/8089/12 1156/99/14 1160/97/12
f 3260/8089/12 1160/97/12 3264/8085/10
f 3264/8085/10 1160/97/12 1164/94/10
f 3264/8085/10 1164/94/10 3268/8083/8
f 3268/8083/8 1164/94/10 1168/92/8
f 3268/8083/8 1168/92/8 3272/8081/6
f 3272/8081/6 1168/92/8 1172/90/6
f 3272/8081/6 1172/90/6 3276/8079/4
f 3276/8079/4 1172/90/6 1176/88/4
f 3276/8079/4 1176/88/4 3278/8077/3
f 3278/8077/3 1176/88/4 1178/86/3
f 3278/8077/3 1178/86/3 3274/8075/5
f 3274/8075/5 1178/86/3 1174/84/5
f 3274/8075/5 1174/84/5 3270/8072/7
f 3270/8072/7 1174/84/5 1170/81/7
f 3270/8072/7 1170/81/7 3266/8070/9
f 3266/8070/9 1170/81/7 1166/79/9
f 3266/8070/9 1166/79/9 3262/8068/11
f 3262/8068/11 1166/79/9 1162/77/11
f 3262/8068/11 1162/77/11 3258/8066/13
f 3258/8066/13 1162/77/11 1158/74/13
f 3258/8066/13 1158/74/13 3254/8064/15
f 3254/8064/15 1158/74/13 1154/72/15
f 3254/8064/15 1154/72/15 3250/8062/17
f 3250/8062/17 1154/72/15 1150/70/17
f 3250/8062/17 1150/70/17 3246/8060/19
f 3246/8060/19 1150/70/17 1146/68/19
f 3246/8060/19 1146/68/19 3242/8058/21
f 3242/8058/21 1146/68/19 1142/66/21
f 3242/8058/21 1142/66/21 3238/8056/23
f 3238/8056/23 1142/66/21 1138/64/23
f 3238/8056/23 1138/64/23 3234/8054/25
f 3234/8054/25 1138/64/23 1134/61/25
f 3234/8054/25 1134/61/25 3230/8052/27
f 3230/8052/27 1134/61/25 1130/59/27
f 3230/8052/27 1130/59/27 3226/8049/30
f 3226/8049/30 1130/59/27 1126/55/30
f 3226/8049/30 1126/55/30 3222/8047/32
f 3222/8047/32 1126/55/30 1122/53/32
f 3222/8047/32 1122/53/32 3218/8045/34
f 3218/8045/34 1122/53/32 1118/50/34
f 3218/8045/34 1118/50/34 3214/8043/36
f 3214/8043/36 1118/50/34 1114/48/36
f 3214/8043/36 1114/48/36 3210/8041/38
f 3210/8041/38 1114/48/36 1110/46/38
f 3210/8041/38 1110/46/38 3206/8039/40
f 3206/8039/40 1110/46/38 1106/44/40
f 3206/8039/40 1106/44/40 3202/8037/42
f 3202/8037/42 1106/44/40 1102/42/42
f 3202/8037/42 1102/42/42 3198/8035/44
f 3198/8035/44 1102/42/42 1098/40/44
f 3198/8035/44 1098/40/44 3194/8033/46
f 3194/8033/46 1098/40/44 1094/37/46
f 3194/8033/46 1094/37/46 3190/8031/48
f 3190/8031/48 1094/37/46 1090/35/48
f 3190/8031/48 1090/35/48 3186/8029/50
f 3186/8029/50 1090/35/48 1086/33/50
f 3186/8029/50 1086/33/50 3182/8027/52
f 3182/8027/52 1086/33/50 1082/31/52
f 3182/8027/52 1082/31/52 3178/8025/55
f 3178/8025/55 1082/31/52 1078/29/55
f 3178/8025/55 1078/29/55 3180/8023/53
f 3180/8023/53 1078/29/55 1080/27/53
f 3180/8023/53 1080/27/53 3184/8021/51
f 3184/8021/51 1080/27/53 1084/25/51
f 3184/8021/51 1084/25/51 3188/8019/49
f 3188/8019/49 1084/25/51 1088/23/49
f 3188/8019/49 1088/23/49 3192/8017/47
f 3192/8017/47 1088/23/49 1092/21/47
f 3192/8017/47 1092/21/47 3196/8014/45
f 3196/8014/45 1092/21/47 1096/19/45
f 3196/8014/45 1096/19/45 3200/8012/43
f 3200/8012/43 1096/19/45 1100/17/43
f 3200/8012/43 1100/17/43 3204/8009/41
f 3204/8009/41 1100/17/43 1104/15/41
f 3204/8009/41 1104/15/41 3208/8007/39
f 3208/8007/39 1104/15/41 1108/13/39
f 3208/8007/39 1108/13/39 3212/8004/37
f 3212/8004/37 1108/13/39 1112/11/37
f 3212/8004/37 1112/11/37 3216/8002/35
f 3216/8002/35 1112/11/37 1116/8/35
f 3216/8002/35 1116/8/35 3220/8001/33
f 3220/8001/33 1116/8/35 1120/5/33
f 3220/8001/33 1120/5/33 3224/7999/31
f 3224/7999/31 1120/5/33 1124/2/31
f 3121/7999/31 1021/2/31 3125/7996/28
f 3125/7996/28 1021/2/31 1025/1/28
f 3125/7996/28 1025/1/28 3129/8106/26
f 3129/8106/26 1025/1/28 1029/112/26
f 3129/8106/26 1029/112/26 3133/8104/24
f 3133/8104/24 1029/112/26 1033/111/24
f 3133/8104/24 1033/111/24 3137/8103/22
f 3137/8103/22 1033/111/24 1037/109/22
f 3137/8103/22 1037/109/22 3141/8100/20
f 3141/8100/20 1037/109/22 1041/106/20
f 3141/8100/20 1041/106/20 3145/8098/18
f 3145/8098/18 1041/106/20 1045/104/18
f 3145/8098/18 1045/104/18 3149/8095/16
f 3149/8095/16 1045/104/18 1049/102/16
f 3149/8095/16 1049/102/16 3153/8093/14
f 3153/8093/14 1049/102/16 1053/100/14
f 3153/8093/14 1053/100/14 3157/8090/12
f 3157/8090/12 1053/100/14 1057/98/12
f 3157/8090/12 1057/98/12 3161/8088/10
f 3161/8088/10 1057/98/12 1061/96/10
f 3161/8088/10 1061/96/10 3165/8084/8
f 3165/8084/8 1061/96/10 1065/93/8
f 3165/8084/8 1065/93/8 3169/8082/6
f 3169/8082/6 1065/93/8 1069/91/6
f 3169/8082/6 1069/91/6 3173/8080/4
f 3173/8080/4 1069/91/6 1073/89/4
f 3173/8080/4 1073/89/4 3175/8078/3
f 3175/8078/3 1073/89/4 1075/87/3
f 3175/8078/3 1075/87/3 3171/8076/5
f 3171/8076/5 1075/87/3 1071/85/5
f 3171/8076/5 1071/85/5 3167/8074/7
f 3167/8074/7 1071/85/5 1067/83/7
f 3167/8074/7 1067/83/7 3163/8071/9
f 3163/8071/9 1067/83/7 1063/80/9
f 3163/8071/9 1063/80/9 3159/8069/11
f 3159/8069/11 1063/80/9 1059/78/11
f 3159/8069/11 1059/78/11 3155/8067/13
f 3155/8067/13 1059/78/11 1055/76/13
f 3155/8067/13 1055/76/13 3151/8065/15
f 3151/8065/15 1055/76/13 1051/73/15
f 3151/8065/15 1051/73/15 3147/8063/17
f 3147/8063/17 1051/73/15 1047/71/17
f 3147/8063/17 1047/71/17 3143/8061/19
f 3143/8061/19 1047/71/17 1043/69/19
f 3143/8061/19 1043/69/19 3139/8059/21
f 3139/8059/21 1043/69/19 1039/67/21
f 3139/8059/21 1039/67/21 3135/8057/23
f 3135/8057/23 1039/67/21 1035/65/23
f 3135/8057/23 1035/65/23 3131/8055/25
f 3131/8055/25 1035/65/23 1031/63/25
f 3131/8055/25 1031/63/25 3127/8053/27
f 3127/8053/27 1031/63/25 1027/60/27
f 3127/8053/27 1027/60/27 3123/8051/30
f 3123/8051/30 1027/60/27 1023/57/30
f 3123/8051/30 1023/57/30 3119/8048/32
f 3119/8048/32 1023/57/30 1019/54/32
f 3119/8048/32 1019/54/32 3115/8046/34
f 3115/8046/34 1019/54/32 1015/51/34
f 3115/8046/34 1015/51/34 3111/8044/36
f 3111/8044/36 1015/51/34 1011/49/36
f 3111/8044/36 1011/49/36 3107/8042/38
f 3107/8042/38 1011/49/36 1007/47/38
f 3107/8042/38 1007/47/38 3103/8040/40
f 3103/8040/40 1007/47/38 1003/45/40
f 3103/8040/40 1003/45/40 3099/8038/42
f 3099/8038/42 1003/45/40 999/43/42
f 3099/8038/42 999/43/42 3095/8036/44
f 3095/8036/44 999/43/42 995/41/44
f 3095/8036/44 995/41/44 3091/8034/46
f 3091/8034/46 995/41/44 991/38/46
f 3091/8034/46 991/38/46 3087/8032/48
f 3087/8032/48 991/38/46 987/36/48
f 3087/8032/48 987/36/48 3083/8030/50
f 3083/8030/50 987/36/48 983/34/50
f 3083/8030/50 983/34/50 3079/8028/52
f 3079/8028/52 983/34/50 979/32/52
f 3079/8028/52 979/32/52 3075/8026/55
f 3075/8026/55 979/32/52 975/30/55
f 3075/8026/55 975/30/55 3077/8024/53
f 3077/8024/53 975/30/55 977/28/53
f 3077/8024/53 977/28/53 3081/8022/51
f 3081/8022/51 977/28/53 981/26/51
f 3081/8022/51 981/26/51 3085/8020/49
f 3085/8020/49 981/26/51 985/24/49
f 3085/8020/49 985/24/49 3089/8018/47
f 3089/8018/47 985/24/49 989/22/47
f 3089/8018/47 989/22/47 3093/8015/45
f 3093/8015/45 989/22/47 993/20/45
f 3093/8015/45 993/20/45 3097/8013/43
f 3097/8013/43 993/20/45 997/18/43
f 3097/8013/43 997/18/43 3101/8010/41
f 3101/8010/41 997/18/43 1001/16/41
f 3101/8010/41 1001/16/41 3105/8008/39
f 3105/8008/39 1001/16/41 1005/14/39
f 3105/8008/39 1005/14/39 3109/8005/37
f 3109/8005/37 1005/14/39 1009/12/37
f 3109/8005/37 1009/12/37 3113/8003/35
f 3113/8003/35 1009/12/37 1013/9/35
f 3113/8003/35 1013/9/35 3117/8001/33
f 3117/8001/33 1013/9/35 1017/5/33
f 3117/8001/33 1017/5/33 3121/7999/31
f 3121/7999/31 1017/5/33 1021/2/31
f 3122/7999/31 1022/2/31 3126/7996/28
f 3126/7996/28 1022/2/31 1026/112/28
f 3126/7996/28 1026/112/28 3130/8104/26
f 3130/8104/26 1026/112/28 1030/111/26
f 3130/8104/26 1030/111/26 3134/8103/24
f 3134/8103/24 1030/111/26 1034/109/24
f 3134/8103/24 1034/109/24 3138/8101/22
f 3138/8101/22 1034/109/24 1038/107/22
f 3138/8101/22 1038/107/22 3142/8099/20
f 3142/8099/20 1038/107/22 1042/105/20
f 3142/8099/20 1042/105/20 3146/8096/18
f 3146/8096/18 1042/105/20 1046/103/18
f 3146/8096/18 1046/103/18 3150/8094/16
f 3150/8094/16 1046/103/18 1050/101/16
f 3150/8094/16 1050/101/16 3154/8091/14
f 3154/8091/14 1050/101/16 1054/99/14
f 3154/8091/14 1054/99/14 3158/8089/12
f 3158/8089/12 1054/99/14 1058/97/12
f 3158/8089/12 1058/97/12 3162/8085/10
f 3162/8085/10 1058/97/12 1062/94/10
f 3162/8085/10 1062/94/10 3166/8083/8
f 3166/8083/8 1062/94/10 1066/92/8
f 3166/8083/8 1066/92/8 3170/8081/6
f 3170/8081/6 1066/92/8 1070/90/6
f 3170/8081/6 1070/90/6 3174/8079/4
f 3174/8079/4 1070/90/6 1074/88/4
f 3174/8079/4 1074/88/4 3176/8077/3
f 3176/8077/3 1074/88/4 1076/86/3
f 3176/8077/3 1076/86/3 3172/8075/5
f 3172/8075/5 1076/86/3 1072/84/5
f 3172/8075/5 1072/84/5 3168/8072/7
f 3168/8072/7 1072/84/5 1068/81/7
f 3168/8072/7 1068/81/7 3164/8070/9
f 3164/8070/9 1068/81/7 1064/79/9
f 3164/8070/9 1064/79/9 3160/8068/11
f 3160/8068/11 1064/79/9 1060/77/11
f 3160/8068/11 1060/77/11 3156/8066/13
f 3156/8066/13 1060/77/11 1056/74/13
f 3156/8066/13 1056/74/13 3152/8064/15
f 3152/8064/15 1056/74/13 1052/72/15
f 3152/8064/15 1052/72/15 3148/8062/17
f 3148/8062/17 1052/72/15 1048/70/17
f 3148/8062/17 1048/70/17 3144/8060/19
f 3144/8060/19 1048/70/17 1044/68/19
f 3144/8060/19 1044/68/19 3140/8058/21
f 3140/8058/21 1044/68/19 1040/66/21
f 3140/8058/21 1040/66/21 3136/8056/23
f 3136/8056/23 1040/66/21 1036/64/23
f 3136/8056/23 1036/64/23 3132/8054/25
f 3132/8054/25 1036/64/23 1032/61/25
f 3132/8054/25 1032/61/25 3128/8052/27
f 3128/8052/27 1032/61/25 1028/59/27
f 3128/8052/27 1028/59/27 3124/8049/30
f 3124/8049/30 1028/59/27 1024/55/30
f 3124/8049/30 1024/55/30 3120/8047/32
f 3120/8047/32 1024/55/30 1020/53/32
f 3120/8047/32 1020/53/32 3116/8045/34
f 3116/8045/34 1020/53/32 1016/50/34
f 3116/8045/34 1016/50/34 3112/8043/36
f 3112/8043/36 1016/50/34 1012/48/36
f 3112/8043/36 1012/48/36 3108/8041/38
f 3108/8041/38 1012/48/36 1008/46/38
f 3108/8041/38 1008/46/38 3104/8039/40
f 3104/8039/40 1008/46/38 1004/44/40
f 3104/8039/40 1004/44/40 3100/8037/42
f 3100/8037/42 1004/44/40 1000/42/42
f 3100/8037/42 1000/42/42 3096/8035/44
f 3096/8035/44 1000/42/42 996/40/44
f 3096/8035/44 996/40/44 3092/8033/46
f 3092/8033/46 996/40/44 992/37/46
f 3092/8033/46 992/37/46 3088/8031/48
f 3088/8031/48 992/37/46 988/35/48
f 3088/8031/48 988/35/48 3084/8029/50
f 3084/8029/50 988/35/48 984/33/50
f 3084/8029/50 984/33/50 3080/8027/52
f 3080/8027/52 984/33/50 980/31/52
f 3080/8027/52 980/31/52 3076/8025/55
f 3076/8025/55 980/31/52 976/29/55
f 3076/8025/55 976/29/55 3078/8023/53
f 3078/8023/53 976/29/55 978/27/53
f 3078/8023/53 978/27/53 3082/8021/51
f 3082/8021/51 978/27/53 982/25/51
f 3082/8021/51 982/25/51 3086/8019/49
f 3086/8019/49 982/25/51 986/23/49
f 3086/8019/49 986/23/49 3090/8017/47
f 3090/8017/47 986/23/49 990/21/47
f 3090/8017/47 990/21/47 3094/8014/45
f 3094/8014/45 990/21/47 994/19/45
f 3094/8014/45 994/19/45 3098/8012/43
f 3098/8012/43 994/19/45 998/17/43
f 3098/8012/43 998/17/43 3102/8009/41
f 3102/8009/41 998/17/43 1002/15/41
f 3102/8009/41 1002/15/41 3106/8007/39
f 3106/8007/39 1002/15/41 1006/13/39
f 3106/8007/39 1006/13/39 3110/8004/37
f 3110/8004/37 1006/13/39 1010/11/37
f 3110/8004/37 1010/11/37 3114/8002/35
f 3114/8002/35 1010/11/37 1014/8/35
f 3114/8002/35 1014/8/35 3118/8001/33
f 3118/8001/33 1014/8/35 1018/5/33
f 3118/8001/33 1018/5/33 3122/7999/31
f 3122/7999/31 1018/5/33 1022/2/31
f 3019/7999/31 919/2/31 3023/7996/28
f 3023/7996/28 919/2/31 923/112/28
f 3023/7996/28 923/112/28 3027/8104/26
f 3027/8104/26 923/112/28 927/111/26
f 3027/8104/26 927/111/26 3031/8103/24
f 3031/8103/24 927/111/26 931/109/24
f 3031/8103/24 931/109/24 3035/8101/22
f 3035/8101/22 931/109/24 935/107/22
f 3035/8101/22 935/107/22 3039/8099/20
f 3039/8099/20 935/107/22 939/105/20
f 3039/8099/20 939/105/20 3043/8096/18
f 3043/8096/18 939/105/20 943/103/18
f 3043/8096/18 943/103/18 3047/8094/16
f 3047/8094/16 943/103/18 947/101/16
f 3047/8094/16 947/101/16 3051/8091/14
f 3051/8091/14 947/101/16 951/99/14
f 3051/8091/14 951/99/14 3055/8089/12
f 3055/8089/12 951/99/14 955/97/12
f 3055/8089/12 955/97/12 3059/8085/10
f 3059/8085/10 955/97/12 959/94/10
f 3059/8085/10 959/94/10 3063/8083/8
f 3063/8083/8 959/94/10 963/92/8
f 3063/8083/8 963/92/8 3067/8081/6
f 3067/8081/6 963/92/8 967/90/6
f 3067/8081/6 967/90/6 3071/8079/4
f 3071/8079/4 967/90/6 971/88/4
f 3071/8079/4 971/88/4 3073/8077/3
f 3073/8077/3 971/88/4 973/86/3
f 3073/8077/3 973/86/3 3069/8075/5
f 3069/8075/5 973/86/3 969/84/5
f 3069/8075/5 969/84/5 3065/8072/7
f 3065/8072/7 969/84/5 965/81/7
f 3065/8072/7 965/81/7 3061/8070/9
f 3061/8070/9 965/81/7 961/79/9
f 3061/8070/9 961/79/9 3057/8068/11
f 3057/8068/11 961/79/9 957/77/11
f 3057/8068/11 957/77/11 3053/8066/13
f 3053/8066/13 957/77/11 953/74/13
f 3053/8066/13 953/74/13 3049/8064/15
f 3049/8064/15 953/74/13 949/72/15
f 3049/8064/15 949/72/15 3045/8062/17
f 3045/8062/17 949/72/15 945/70/17
f 3045/8062/17 945/70/17 3041/8060/19
f 3041/8060/19 945/70/17 941/68/19
f 3041/8060/19 941/68/19 3037/8058/21
f 3037/8058/21 941/68/19 937/66/21
f 3037/8058/21 937/66/21 3033/8056/23
f 3033/8056/23 937/66/21 933/64/23
f 3033/8056/23 933/64/23 3029/8054/25
f 3029/8054/25 933/64/23 929/61/25
f 3029/8054/25 929/61/25 3025/8052/27
f 3025/8052/27 929/61/25 925/59/27
f 3025/8052/27 925/59/27 3021/8049/30
f 3021/8049/30 925/59/27 921/55/30
f 3021/8049/30 921/55/30 3017/8047/32
f 3017/8047/32 921/55/30 917/53/32
f 3017/8047/32 917/53/32 3013/8045/34
f 3013/8045/34 917/53/32 913/50/34
f 3013/8045/34 913/50/34 3009/8043/36
f 3009/8043/36 913/50/34 909/48/36
f 3009/8043/36 909/48/36 3005/8041/38
f 3005/8041/38 909/48/36 905/46/38
f 3005/8041/38 905/46/38 3001/8039/40
f 3001/8039/40 905/46/38 901/44/40
f 3001/8039/40 901/44/40 2997/8037/42
f 2997/8037/42 901/44/40 897/42/42
f 2997/8037/42 897/42/42 2993/8035/44
f 2993/8035/44 897/42/42 893/40/44
f 2993/8035/44 893/40/44 2989/8033/46
f 2989/8033/46 893/40/44 889/37/46
f 2989/8033/46 889/37/46 2985/8031/48
f 2985/8031/48 889/37/46 885/35/48
f 2985/8031/48 885/35/48 2981/8029/50
f 2981/8029/50 885/35/48 881/33/50
f 2981/8029/50 881/33/50 2977/8027/52
f 2977/8027/52 881/33/50 877/31/52
f 2977/8027/52 877/31/52 2973/8025/55
f 2973/8025/55 877/31/52 873/29/55
f 2973/8025/55 873/29/55 2975/8023/53
f 2975/8023/53 873/29/55 875/27/53
f 2975/8023/53 875/27/53 2979/8021/51
f 2979/8021/51 875/27/53 879/25/51
f 2979/8021/51 879/25/51 2983/8019/49
f 2983/8019/49 879/25/51 883/23/49
f 2983/8019/49 883/23/49 2987/8017/47
f 2987/8017/47 883/23/49 887/21/47
f 2987/8017/47 887/21/47 2991/8014/45
f 2991/8014/45 887/21/47 891/19/45
f 2991/8014/45 891/19/45 2995/8012/43
f 2995/8012/43 891/19/45 895/17/43
f 2995/8012/43 895/17/43 2999/8009/41
f 2999/8009/41 895/17/43 899/15/41
f 2999/8009/41 899/15/41 3003/8007/39
f 3003/8007/39 899/15/41 903/13/39
f 3003/8007/39 903/13/39 3007/8004/37
f 3007/8004/37 903/13/39 907/11/37
f 3007/8004/37 907/11/37 3011/8002/35
f 3011/8002/35 907/11/37 911/8/35
f 3011/8002/35 911/8/35 3015/8001/33
f 3015/8001/33 911/8/35 915/5/33
f 3015/8001/33 915/5/33 3019/7999/31
f 3019/7999/31 915/5/33 919/2/31
f 3020/7999/31 920/2/31 3024/7996/28
f 3024/7996/28 920/2/31 924/112/28
f 3024/7996/28 924/112/28 3028/8104/26
f 3028/8104/26 924/112/28 928/111/26
f 3028/8104/26 928/111/26 3032/8103/24
f 3032/8103/24 928/111/26 932/109/24
f 3032/8103/24 932/109/24 3036/8101/22
f 3036/8101/22 932/109/24 936/107/22
f 3036/8101/22 936/107/22 3040/8099/20
f 3040/8099/20 936/107/22 940/105/20
f 3040/8099/20 940/105/20 3044/8096/18
f 3044/8096/18 940/105/20 944/103/18
f 3044/8096/18 944/103/18 3048/8094/16
f 3048/8094/16 944/103/18 948/101/16
f 3048/8094/16 948/101/16 3052/8091/14
f 3052/8091/14 948/101/16 952/99/14
f 3052/8091/14 952/99/14 3056/8089/12
f 3056/8089/12 952/99/14 956/97/12
f 3056/8089/12 956/97/12 3060/8085/10
f 3060/8085/10 956/97/12 960/94/10
f 3060/8085/10 960/94/10 3064/8083/8
f 3064/8083/8 960/94/10 964/92/8
f 3064/8083/8 964/92/8 3068/8081/6
f 3068/8081/6 964/92/8 968/90/6
f 3068/8081/6 968/90/6 3072/8079/4
f 3072/8079/4 968/90/6 972/88/4
f 3072/8079/4 972/88/4 3074/8077/3
f 3074/8077/3 972/88/4 974/86/3
f 3074/8077/3 974/86/3 3070/8075/5
f 3070/8075/5 974/86/3 970/84/5
f 3070/8075/5 970/84/5 3066/8072/7
f 3066/8072/7 970/84/5 966/81/7
f 3066/8072/7 966/81/7 3062/8070/9
f 3062/8070/9 966/81/7 962/79/9
f 3062/8070/9 962/79/9 3058/8068/11
f 3058/8068/11 962/79/9 958/77/11
f 3058/8068/11 958/77/11 3054/8066/13
f 3054/8066/13 958/77/11 954/74/13
f 3054/8066/13 954/74/13 3050/8064/15
f 3050/8064/15 954/74/13 950/72/15
f 3050/8064/15 950/72/15 3046/8062/17
f 3046/8062/17 950/72/15 946/70/17
f 3046/8062/17 946/70/17 3042/8060/19
f 3042/8060/19 946/70/17 942/68/19
f 3042/8060/19 942/68/19 3038/8058/21
f 3038/8058/21 942/68/19 938/66/21
f 3038/8058/21 938/66/21 3034/8056/23
f 3034/8056/23 938/66/21 934/64/23
f 3034/8056/23 934/64/23 3030/8054/25
f 3030/8054/25 934/64/23 930/61/25
f 3030/8054/25 930/61/25 3026/8052/27
f 3026/8052/27 930/61/25 926/59/27
f 3026/8052/27 926/59/27 3022/8049/30
f 3022/8049/30 926/59/27 922/55/30
f 3022/8049/30 922/55/30 3018/8047/32
f 3018/8047/32 922/55/30 918/53/32
f 3018/8047/32 918/53/32 3014/8045/34
f 3014/8045/34 918/53/32 914/50/34
f 3014/8045/34 914/50/34 3010/8043/36
f 3010/8043/36 914/50/34 910/48/36
f 3010/8043/36 910/48/36 3006/8041/38
f 3006/8041/38 910/48/36 906/46/38
f 3006/8041/38 906/46/38 3002/8039/40
f 3002/8039/40 906/46/38 902/44/40
f 3002/8039/40 902/44/40 2998/8037/42
f 2998/8037/42 902/44/40 898/42/42
f 2998/8037/42 898/42/42 2994/8035/44
f 2994/8035/44 898/42/42 894/40/44
f 2994/8035/44 894/40/44 2990/8033/46
f 2990/8033/46 894/40/44 890/37/46
f 2990/8033/46 890/37/46 2986/8031/48
f 2986/8031/48 890/37/46 886/35/48
f 2986/8031/48 886/35/48 2982/8029/50
f 2982/8029/50 886/35/48 882/33/50
f 2982/8029/50 882/33/50 2978/8027/52
f 2978/8027/52 882/33/50 878/31/52
f 2978/8027/52 878/31/52 2974/8025/55
f 2974/8025/55 878/31/52 874/29/55
f 2974/8025/55 874/29/55 2976/8023/53
f 2976/8023/53 874/29/55 876/27/53
f 2976/8023/53 876/27/53 2980/8021/51
f 2980/8021/51 876/27/53 880/25/51
f 2980/8021/51 880/25/51 2984/8019/49
f 2984/8019/49 880/25/51 884/23/49
f 2984/8019/49 884/23/49 2988/8017/47
f 2988/8017/47 884/23/49 888/21/47
f 2988/8017/47 888/21/47 2992/8014/45
f 2992/8014/45 888/21/47 892/19/45
f 2992/8014/45 892/19/45 2996/8012/43
f 2996/8012/43 892/19/45 896/17/43
f 2996/8012/43 896/17/43 3000/8009/41
f 3000/8009/41 896/17/43 900/15/41
f 3000/8009/41 900/15/41 3004/8007/39
f 3004/8007/39 900/15/41 904/13/39
f 3004/8007/39 904/13/39 3008/8004/37
f 3008/8004/37 904/13/39 908/11/37
f 3008/8004/37 908/11/37 3012/8002/35
f 3012/8002/35 908/11/37 912/8/35
f 3012/8002/35 912/8/35 3016/8001/33
f 3016/8001/33 912/8/35 916/5/33
f 3016/8001/33 916/5/33 3020/7999/31
f 3020/7999/31 916/5/33 920/2/31
f 3837/7999/31 1735/2/31 3841/7996/28
f 3841/7996/28 1735/2/31 1739/112/28
f 3841/7996/28 1739/112/28 3845/8104/26
f 3845/8104/26 1739/112/28 1743/111/26
f 3845/8104/26 1743/111/26 3849/8103/24
f 3849/8103/24 1743/111/26 1747/109/24
f 3849/8103/24 1747/109/24 3853/8101/22
f 3853/8101/22 1747/109/24 1751/107/22
f 3853/8101/22 1751/107/22 3857/8099/20
f 3857/8099/20 1751/107/22 1755/105/20
f 3857/8099/20 1755/105/20 3861/8096/18
f 3861/8096/18 1755/105/20 1759/103/18
f 3861/8096/18 1759/103/18 3865/8094/16
f 3865/8094/16 1759/103/18 1763/101/16
f 3865/8094/16 1763/101/16 3869/8091/14
f 3869/8091/14 1763/101/16 1767/99/14
f 3869/8091/14 1767/99/14 3873/8089/12
f 3873/8089/12 1767/99/14 1771/97/12
f 3873/8089/12 1771/97/12 3877/8085/10
f 3877/8085/10 1771/97/12 1775/94/10
f 3877/8085/10 1775/94/10 3881/8083/8
f 3881/8083/8 1775/94/10 1779/92/8
f 3881/8083/8 1779/92/8 3885/8081/6
f 3885/8081/6 1779/92/8 1783/90/6
f 3885/8081/6 1783/90/6 3889/8079/4
f 3889/8079/4 1783/90/6 1787/88/4
f 3889/8079/4 1787/88/4 3891/8077/3
f 3891/8077/3 1787/88/4 1789/86/3
f 3891/8077/3 1789/86/3 3887/8075/5
f 3887/8075/5 1789/86/3 1785/84/5
f 3887/8075/5 1785/84/5 3883/8072/7
f 3883/8072/7 1785/84/5 1781/81/7
f 3883/8072/7 1781/81/7 3879/8070/9
f 3879/8070/9 1781/81/7 1777/79/9
f 3879/8070/9 1777/79/9 3875/8068/11
f 3875/8068/11 1777/79/9 1773/77/11
f 3875/8068/11 1773/77/11 3871/8066/13
f 3871/8066/13 1773/77/11 1769/74/13
f 3871/8066/13 1769/74/13 3867/8064/15
f 3867/8064/15 1769/74/13 1765/72/15
f 3867/8064/15 1765/72/15 3863/8062/17
f 3863/8062/17 1765/72/15 1761/70/17
f 3863/8062/17 1761/70/17 3859/8060/19
f 3859/8060/19 1761/70/17 1757/68/19
f 3859/8060/19 1757/68/19 3855/8058/21
f 3855/8058/21 1757/68/19 1753/66/21
f 3855/8058/21 1753/66/21 3851/8056/23
f 3851/8056/23 1753/66/21 1749/64/23
f 3851/8056/23 1749/64/23 3847/8054/25
f 3847/8054/25 1749/64/23 1745/61/25
f 3847/8054/25 1745/61/25 3843/8052/27
f 3843/8052/27 1745/61/25 1741/59/27
f 3843/8052/27 1741/59/27 3839/8049/30
f 3839/8049/30 1741/59/27 1737/55/30
f 3839/8049/30 1737/55/30 3835/8047/32
f 3835/8047/32 1737/55/30 1733/53/32
f 3835/8047/32 1733/53/32 3831/8045/34
f 3831/8045/34 1733/53/32 1729/50/34
f 3831/8045/34 1729/50/34 3827/8043/36
f 3827/8043/36 1729/50/34 1725/48/36
f 3827/8043/36 1725/48/36 3823/8041/38
f 3823/8041/38 1725/48/36 1721/46/38
f 3823/8041/38 1721/46/38 3819/8039/40
f 3819/8039/40 1721/46/38 1717/44/40
f 3819/8039/40 1717/44/40 3815/8037/42
f 3815/8037/42 1717/44/40 1713/42/42
f 3815/8037/42 1713/42/42 3811/8035/44
f 3811/8035/44 1713/42/42 1709/40/44
f 3811/8035/44 1709/40/44 3807/8033/46
f 3807/8033/46 1709/40/44 1705/37/46
f 3807/8033/46 1705/37/46 3803/8031/48
f 3803/8031/48 1705/37/46 1701/35/48
f 3803/8031/48 1701/35/48 3799/8029/50
f 3799/8029/50 1701/35/48 1697/33/50
f 3799/8029/50 1697/33/50 3795/8027/52
f 3795/8027/52 1697/33/50 1693/31/52
f 3795/8027/52 1693/31/52 3791/8025/55
f 3791/8025/55 1693/31/52 1689/29/55
f 3791/8025/55 1689/29/55 3793/8023/53
f 3793/8023/53 1689/29/55 1691/27/53
f 3793/8023/53 1691/27/53 3797/8021/51
f 3797/8021/51 1691/27/53 1695/25/51
f 3797/8021/51 1695/25/51 3801/8019/49
f 3801/8019/49 1695/25/51 1699/23/49
f 3801/8019/49 1699/23/49 3805/8017/47
f 3805/8017/47 1699/23/49 1703/21/47
f 3805/8017/47 1703/21/47 3809/8014/45
f 3809/8014/45 1703/21/47 1707/19/45
f 3809/8014/45 1707/19/45 3813/8012/43
f 3813/8012/43 1707/19/45 1711/17/43
f 3813/8012/43 1711/17/43 3817/8009/41
f 3817/8009/41 1711/17/43 1715/15/41
f 3817/8009/41 1715/15/41 3821/8007/39
f 3821/8007/39 1715/15/41 1719/13/39
f 3821/8007/39 1719/13/39 3825/8004/37
f 3825/8004/37 1719/13/39 1723/11/37
f 3825/8004/37 1723/11/37 3829/8002/35
f 3829/8002/35 1723/11/37 1727/8/35
f 3829/8002/35 1727/8/35 3833/8001/33
f 3833/8001/33 1727/8/35 1731/5/33
f 3833/8001/33 1731/5/33 3837/7999/31
f 3837/7999/31 1731/5/33 1735/2/31
f 3838/7996/31 1736/1/31 3842/8106/28
f 3842/8106/28 1736/1/31 1740/112/28
f 3842/8106/28 1740/112/28 3846/8104/26
f 3846/8104/26 1740/112/28 1744/111/26
f 3846/8104/26 1744/111/26 3850/8103/24
f 3850/8103/24 1744/111/26 1748/109/24
f 3850/8103/24 1748/109/24 3854/8100/22
f 3854/8100/22 1748/109/24 1752/106/22
f 3854/8100/22 1752/106/22 3858/8098/20
f 3858/8098/20 1752/106/22 1756/104/20
f 3858/8098/20 1756/104/20 3862/8095/18
f 3862/8095/18 1756/104/20 1760/102/18
f 3862/8095/18 1760/102/18 3866/8093/16
f 3866/8093/16 1760/102/18 1764/100/16
f 3866/8093/16 1764/100/16 3870/8090/14
f 3870/8090/14 1764/100/16 1768/98/14
f 3870/8090/14 1768/98/14 3874/8088/12
f 3874/8088/12 1768/98/14 1772/96/12
f 3874/8088/12 1772/96/12 3878/8084/10
f 3878/8084/10 1772/96/12 1776/93/10
f 3878/8084/10 1776/93/10 3882/8082/8
f 3882/8082/8 1776/93/10 1780/91/8
f 3882/8082/8 1780/91/8 3886/8080/6
f 3886/8080/6 1780/91/8 1784/89/6
f 3886/8080/6 1784/89/6 3890/8078/4
f 3890/8078/4 1784/89/6 1788/87/4
f 3890/8078/4 1788/87/4 3892/8076/3
f 3892/8076/3 1788/87/4 1790/85/3
f 3892/8076/3 1790/85/3 3888/8074/5
f 3888/8074/5 1790/85/3 1786/83/5
f 3888/8074/5 1786/83/5 3884/8071/7
f 3884/8071/7 1786/83/5 1782/80/7
f 3884/8071/7 1782/80/7 3880/8069/9
f 3880/8069/9 1782/80/7 1778/78/9
f 3880/8069/9 1778/78/9 3876/8067/11
f 3876/8067/11 1778/78/9 1774/76/11
f 3876/8067/11 1774/76/11 3872/8065/13
f 3872/8065/13 1774/76/11 1770/73/13
f 3872/8065/13 1770/73/13 3868/8063/15
f 3868/8063/15 1770/73/13 1766/71/15
f 3868/8063/15 1766/71/15 3864/8061/17
f 3864/8061/17 1766/71/15 1762/69/17
f 3864/8061/17 1762/69/17 3860/8059/19
f 3860/8059/19 1762/69/17 1758/67/19
f 3860/8059/19 1758/67/19 3856/8057/21
f 3856/8057/21 1758/67/19 1754/65/21
f 3856/8057/21 1754/65/21 3852/8055/23
f 3852/8055/23 1754/65/21 1750/63/23
f 3852/8055/23 1750/63/23 3848/8053/25
f 3848/8053/25 1750/63/23 1746/60/25
f 3848/8053/25 1746/60/25 3844/8051/27
f 3844/8051/27 1746/60/25 1742/57/27
f 3844/8051/27 1742/57/27 3840/8048/30
f 3840/8048/30 1742/57/27 1738/54/30
f 3840/8048/30 1738/54/30 3836/8046/32
f 3836/8046/32 1738/54/30 1734/51/32
f 3836/8046/32 1734/51/32 3832/8044/34
f 3832/8044/34 1734/51/32 1730/49/34
f 3832/8044/34 1730/49/34 3828/8042/36
f 3828/8042/36 1730/49/34 1726/47/36
f 3828/8042/36 1726/47/36 3824/8040/38
f 3824/8040/38 1726/47/36 1722/45/38
f 3824/8040/38 1722/45/38 3820/8038/40
f 3820/8038/40 1722/45/38 1718/43/40
f 3820/8038/40 1718/43/40 3816/8036/42
f 3816/8036/42 1718/43/40 1714/41/42
f 3816/8036/42 1714/41/42 3812/8034/44
f 3812/8034/44 1714/41/42 1710/38/44
f 3812/8034/44 1710/38/44 3808/8032/46
f 3808/8032/46 1710/38/44 1706/36/46
f 3808/8032/46 1706/36/46 3804/8030/48
f 3804/8030/48 1706/36/46 1702/34/48
f 3804/8030/48 1702/34/48 3800/8028/50
f 3800/8028/50 1702/34/48 1698/32/50
f 3800/8028/50 1698/32/50 3796/8026/52
f 3796/8026/52 1698/32/50 1694/30/52
f 3796/8026/52 1694/30/52 3792/8024/55
f 3792/8024/55 1694/30/52 1690/28/55
f 3792/8024/55 1690/28/55 3794/8022/53
f 3794/8022/53 1690/28/55 1692/26/53
f 3794/8022/53 1692/26/53 3798/8020/51
f 3798/8020/51 1692/26/53 1696/24/51
f 3798/8020/51 1696/24/51 3802/8018/49
f 3802/8018/49 1696/24/51 1700/22/49
f 3802/8018/49 1700/22/49 3806/8015/47
f 3806/8015/47 1700/22/49 1704/20/47
f 3806/8015/47 1704/20/47 3810/8013/45
f 3810/8013/45 1704/20/47 1708/18/45
f 3810/8013/45 1708/18/45 3814/8010/43
f 3814/8010/43 1708/18/45 1712/16/43
f 3814/8010/43 1712/16/43 3818/8008/41
f 3818/8008/41 1712/16/43 1716/14/41
f 3818/8008/41 1716/14/41 3822/8005/39
f 3822/8005/39 1716/14/41 1720/12/39
f 3822/8005/39 1720/12/39 3826/8003/37
f 3826/8003/37 1720/12/39 1724/9/37
f 3826/8003/37 1724/9/37 3830/8001/35
f 3830/8001/35 1724/9/37 1728/5/35
f 3830/8001/35 1728/5/35 3834/7999/33
f 3834/7999/33 1728/5/35 1732/2/33
f 3834/7999/33 1732/2/33 3838/7996/31
f 3838/7996/31 1732/2/33 1736/1/31
f 3735/7996/31 1633/1/31 3739/8106/28
f 3739/8106/28 1633/1/31 1637/112/28
f 3739/8106/28 1637/112/28 3743/8104/26
f 3743/8104/26 1637/112/28 1641/111/26
f 3743/8104/26 1641/111/26 3747/8103/24
f 3747/8103/24 1641/111/26 1645/109/24
f 3747/8103/24 1645/109/24 3751/8100/22
f 3751/8100/22 1645/109/24 1649/106/22
f 3751/8100/22 1649/106/22 3755/8098/20
f 3755/8098/20 1649/106/22 1653/104/20
f 3755/8098/20 1653/104/20 3759/8095/18
f 3759/8095/18 1653/104/20 1657/102/18
f 3759/8095/18 1657/102/18 3763/8093/16
f 3763/8093/16 1657/102/18 1661/100/16
f 3763/8093/16 1661/100/16 3767/8090/14
f 3767/8090/14 1661/100/16 1665/98/14
f 3767/8090/14 1665/98/14 3771/8088/12
f 3771/8088/12 1665/98/14 1669/96/12
f 3771/8088/12 1669/96/12 3775/8084/10
f 3775/8084/10 1669/96/12 1673/93/10
f 3775/8084/10 1673/93/10 3779/8082/8
f 3779/8082/8 1673/93/10 1677/91/8
f 3779/8082/8 1677/91/8 3783/8080/6
f 3783/8080/6 1677/91/8 1681/89/6
f 3783/8080/6 1681/89/6 3787/8078/4
f 3787/8078/4 1681/89/6 1685/87/4
f 3787/8078/4 1685/87/4 3789/8076/3
f 3789/8076/3 1685/87/4 1687/85/3
f 3789/8076/3 1687/85/3 3785/8074/5
f 3785/8074/5 1687/85/3 1683/83/5
f 3785/8074/5 1683/83/5 3781/8071/7
f 3781/8071/7 1683/83/5 1679/80/7
f 3781/8071/7 1679/80/7 3777/8069/9
f 3777/8069/9 1679/80/7 1675/78/9
f 3777/8069/9 1675/78/9 3773/8067/11
f 3773/8067/11 1675/78/9 1671/76/11
f 3773/8067/11 1671/76/11 3769/8065/13
f 3769/8065/13 1671/76/11 1667/73/13
f 3769/8065/13 1667/73/13 3765/8063/15
f 3765/8063/15 1667/73/13 1663/71/15
f 3765/8063/15 1663/71/15 3761/8061/17
f 3761/8061/17 1663/71/15 1659/69/17
f 3761/8061/17 1659/69/17 3757/8059/19
f 3757/8059/19 1659/69/17 1655/67/19
f 3757/8059/19 1655/67/19 3753/8057/21
f 3753/8057/21 1655/67/19 1651/65/21
f 3753/8057/21 1651/65/21 3749/8055/23
f 3749/8055/23 1651/65/21 1647/63/23
f 3749/8055/23 1647/63/23 3745/8053/25
f 3745/8053/25 1647/63/23 1643/60/25
f 3745/8053/25 1643/60/25 3741/8051/27
f 3741/8051/27 1643/60/25 1639/57/27
f 3741/8051/27 1639/57/27 3737/8048/30
f 3737/8048/30 1639/57/27 1635/54/30
f 3737/8048/30 1635/54/30 3733/8046/32
f 3733/8046/32 1635/54/30 1631/51/32
f 3733/8046/32 1631/51/32 3729/8044/34
f 3729/8044/34 1631/51/32 1627/49/34
f 3729/8044/34 1627/49/34 3725/8042/36
f 3725/8042/36 1627/49/34 1623/47/36
f 3725/8042/36 1623/47/36 3721/8040/38
f 3721/8040/38 1623/47/36 1619/45/38
f 3721/8040/38 1619/45/38 3717/8038/40
f 3717/8038/40 1619/45/38 1615/43/40
f 3717/8038/40 1615/43/40 3713/8036/42
f 3713/8036/42 1615/43/40 1611/41/42
f 3713/8036/42 1611/41/42 3709/8034/44
f 3709/8034/44 1611/41/42 1607/38/44
f 3709/8034/44 1607/38/44 3705/8032/46
f 3705/8032/46 1607/38/44 1603/36/46
f 3705/8032/46 1603/36/46 3701/8030/48
f 3701/8030/48 1603/36/46 1599/34/48
f 3701/8030/48 1599/34/48 3697/8028/50
f 3697/8028/50 1599/34/48 1595/32/50
f 3697/8028/50 1595/32/50 3693/8026/52
f 3693/8026/52 1595/32/50 1591/30/52
f 3693/8026/52 1591/30/52 3689/8024/55
f 3689/8024/55 1591/30/52 1587/28/55
f 3689/8024/55 1587/28/55 3691/8022/53
f 3691/8022/53 1587/28/55 1589/26/53
f 3691/8022/53 1589/26/53 3695/8020/51
f 3695/8020/51 1589/26/53 1593/24/51
f 3695/8020/51 1593/24/51 3699/8018/49
f 3699/8018/49 1593/24/51 1597/22/49
f 3699/8018/49 1597/22/49 3703/8015/47
f 3703/8015/47 1597/22/49 1601/20/47
f 3703/8015/47 1601/20/47 3707/8013/45
f 3707/8013/45 1601/20/47 1605/18/45
f 3707/8013/45 1605/18/45 3711/8010/43
f 3711/8010/43 1605/18/45 1609/16/43
f 3711/8010/43 1609/16/43 3715/8008/41
f 3715/8008/41 1609/16/43 1613/14/41
f 3715/8008/41 1613/14/41 3719/8005/39
f 3719/8005/39 1613/14/41 1617/12/39
f 3719/8005/39 1617/12/39 3723/8003/37
f 3723/8003/37 1617/12/39 1621/9/37
f 3723/8003/37 1621/9/37 3727/8001/35
f 3727/8001/35 1621/9/37 1625/5/35
f 3727/8001/35 1625/5/35 3731/7999/33
f 3731/7999/33 1625/5/35 1629/2/33
f 3731/7999/33 1629/2/33 3735/7996/31
f 3735/7996/31 1629/2/33 1633/1/31
f 3736/7996/31 1634/1/31 3740/8106/28
f 3740/8106/28 1634/1/31 1638/112/28
f 3740/8106/28 1638/112/28 3744/8104/26
f 3744/8104/26 1638/112/28 1642/111/26
f 3744/8104/26 1642/111/26 3748/8103/24
f 3748/8103/24 1642/111/26 1646/109/24
f 3748/8103/24 1646/109/24 3752/8100/22
f 3752/8100/22 1646/109/24 1650/106/22
f 3752/8100/22 1650/106/22 3756/8098/20
f 3756/8098/20 1650/106/22 1654/104/20
f 3756/8098/20 1654/104/20 3760/8095/18
f 3760/8095/18 1654/104/20 1658/102/18
f 3760/8095/18 1658/102/18 3764/8093/16
f 3764/8093/16 1658/102/18 1662/100/16
f 3764/8093/16 1662/100/16 3768/8090/14
f 3768/8090/14 1662/100/16 1666/98/14
f 3768/8090/14 1666/98/14 3772/8088/12
f 3772/8088/12 1666/98/14 1670/96/12
f 3772/8088/12 1670/96/12 3776/8084/10
f 3776/8084/10 1670/96/12 1674/93/10
f 3776/8084/10 1674/93/10 3780/8082/8
f 3780/8082/8 1674/93/10 1678/91/8
f 3780/8082/8 1678/91/8 3784/8080/6
f 3784/8080/6 1678/91/8 1682/89/6
f 3784/8080/6 1682/89/6 3788/8078/4
f 3788/8078/4 1682/89/6 1686/87/4
f 3788/8078/4 1686/87/4 3790/8076/3
f 3790/8076/3 1686/87/4 1688/85/3
f 3790/8076/3 1688/85/3 3786/8074/5
f 3786/8074/5 1688/85/3 1684/83/5
f 3786/8074/5 1684/83/5 3782/8071/7
f 3782/8071/7 1684/83/5 1680/80/7
f 3782/8071/7 1680/80/7 3778/8069/9
f 3778/8069/9 1680/80/7 1676/78/9
f 3778/8069/9 1676/78/9 3774/8067/11
f 3774/8067/11 1676/78/9 1672/76/11
f 3774/8067/11 1672/76/11 3770/8065/13
f 3770/8065/13 1672/76/11 1668/73/13
f 3770/8065/13 1668/73/13 3766/8063/15
f 3766/8063/15 1668/73/13 1664/71/15
f 3766/8063/15 1664/71/15 3762/8061/17
f 3762/8061/17 1664/71/15 1660/69/17
f 3762/8061/17 1660/69/17 3758/8059/19
f 3758/8059/19 1660/69/17 1656/67/19
f 3758/8059/19 1656/67/19 3754/8057/21
f 3754/8057/21 1656/67/19 1652/65/21
f 3754/8057/21 1652/65/21 3750/8055/23
f 3750/8055/23 1652/65/21 1648/63/23
f 3750/8055/23 1648/63/23 3746/8053/25
f 3746/8053/25 1648/63/23 1644/60/25
f 3746/8053/25 1644/60/25 3742/8051/27
f 3742/8051/27 1644/60/25 1640/57/27
f 3742/8051/27 1640/57/27 3738/8048/30
f 3738/8048/30 1640/57/27 1636/54/30
f 3738/8048/30 1636/54/30 3734/8046/32
f 3734/8046/32 1636/54/30 1632/51/32
f 3734/8046/32 1632/51/32 3730/8044/34
f 3730/8044/34 1632/51/32 1628/49/34
f 3730/8044/34 1628/49/34 3726/8042/36
f 3726/8042/36 1628/49/34 1624/47/36
f 3726/8042/36 1624/47/36 3722/8040/38
f 3722/8040/38 1624/47/36 1620/45/38
f 3722/8040/38 1620/45/38 3718/8038/40
f 3718/8038/40 1620/45/38 1616/43/40
f 3718/8038/40 1616/43/40 3714/8036/42
f 3714/8036/42 1616/43/40 1612/41/42
f 3714/8036/42 1612/41/42 3710/8034/44
f 3710/8034/44 1612/41/42 1608/38/44
f 3710/8034/44 1608/38/44 3706/8032/46
f 3706/8032/46 1608/38/44 1604/36/46
f 3706/8032/46 1604/36/46 3702/8030/48
f 3702/8030/48 1604/36/46 1600/34/48
f 3702/8030/48 1600/34/48 3698/8028/50
f 3698/8028/50 1600/34/48 1596/32/50
f 3698/8028/50 1596/32/50 3694/8026/52
f 3694/8026/52 1596/32/50 1592/30/52
f 3694/8026/52 1592/30/52 3690/8024/55
f 3690/8024/55 1592/30/52 1588/28/55
f 3690/8024/55 1588/28/55 3692/8022/53
f 3692/8022/53 1588/28/55 1590/26/53
f 3692/8022/53 1590/26/53 3696/8020/51
f 3696/8020/51 1590/26/53 1594/24/51
f 3696/8020/51 1594/24/51 3700/8018/49
f 3700/8018/49 1594/24/51 1598/22/49
f 3700/8018/49 1598/22/49 3704/8015/47
f 3704/8015/47 1598/22/49 1602/20/47
f 3704/8015/47 1602/20/47 3708/8013/45
f 3708/8013/45 1602/20/47 1606/18/45
f 3708/8013/45 1606/18/45 3712/8010/43
f 3712/8010/43 1606/18/45 1610/16/43
f 3712/8010/43 1610/16/43 3716/8008/41
f 3716/8008/41 1610/16/43 1614/14/41
f 3716/8008/41 1614/14/41 3720/8005/39
f 3720/8005/39 1614/14/41 1618/12/39
f 3720/8005/39 1618/12/39 3724/8003/37
f 3724/8003/37 1618/12/39 1622/9/37
f 3724/8003/37 1622/9/37 3728/8001/35
f 3728/8001/35 1622/9/37 1626/5/35
f 3728/8001/35 1626/5/35 3732/7999/33
f 3732/7999/33 1626/5/35 1630/2/33
f 3732/7999/33 1630/2/33 3736/7996/31
f 3736/7996/31 1630/2/33 1634/1/31
f 3633/7999/31 1531/2/31 3637/7996/28
f 3637/7996/28 1531/2/31 1535/112/28
f 3637/7996/28 1535/112/28 3641/8104/26
f 3641/8104/26 1535/112/28 1539/111/26
f 3641/8104/26 1539/111/26 3645/8103/24
f 3645/8103/24 1539/111/26 1543/109/24
f 3645/8103/24 1543/109/24 3649/8101/22
f 3649/8101/22 1543/109/24 1547/107/22
f 3649/8101/22 1547/107/22 3653/8099/20
f 3653/8099/20 1547/107/22 1551/105/20
f 3653/8099/20 1551/105/20 3657/8096/18
f 3657/8096/18 1551/105/20 1555/103/18
f 3657/8096/18 1555/103/18 3661/8094/16
f 3661/8094/16 1555/103/18 1559/101/16
f 3661/8094/16 1559/101/16 3665/8091/14
f 3665/8091/14 1559/101/16 1563/99/14
f 3665/8091/14 1563/99/14 3669/8089/12
f 3669/8089/12 1563/99/14 1567/97/12
f 3669/8089/12 1567/97/12 3673/8085/10
f 3673/8085/10 1567/97/12 1571/94/10
f 3673/8085/10 1571/94/10 3677/8083/8
f 3677/8083/8 1571/94/10 1575/92/8
f 3677/8083/8 1575/92/8 3681/8081/6
f 3681/8081/6 1575/92/8 1579/90/6
f 3681/8081/6 1579/90/6 3685/8079/4
f 3685/8079/4 1579/90/6 1583/88/4
f 3685/8079/4 1583/88/4 3687/8077/3
f 3687/8077/3 1583/88/4 1585/86/3
f 3687/8077/3 1585/86/3 3683/8075/5
f 3683/8075/5 1585/86/3 1581/84/5
f 3683/8075/5 1581/84/5 3679/8072/7
f 3679/8072/7 1581/84/5 1577/81/7
f 3679/8072/7 1577/81/7 3675/8070/9
f 3675/8070/9 1577/81/7 1573/79/9
f 3675/8070/9 1573/79/9 3671/8068/11
f 3671/8068/11 1573/79/9 1569/77/11
f 3671/8068/11 1569/77/11 3667/8066/13
f 3667/8066/13 1569/77/11 1565/74/13
f 3667/8066/13 1565/74/13 3663/8064/15
f 3663/8064/15 1565/74/13 1561/72/15
f 3663/8064/15 1561/72/15 3659/8062/17
f 3659/8062/17 1561/72/15 1557/70/17
f 3659/8062/17 1557/70/17 3655/8060/19
f 3655/8060/19 1557/70/17 1553/68/19
f 3655/8060/19 1553/68/19 3651/8058/21
f 3651/8058/21 1553/68/19 1549/66/21
f 3651/8058/21 1549/66/21 3647/8056/23
f 3647/8056/23 1549/66/21 1545/64/23
f 3647/8056/23 1545/64/23 3643/8054/25
f 3643/8054/25 1545/64/23 1541/61/25
f 3643/8054/25 1541/61/25 3639/8052/27
f 3639/8052/27 1541/61/25 1537/59/27
f 3639/8052/27 1537/59/27 3635/8049/30
f 3635/8049/30 1537/59/27 1533/55/30
f 3635/8049/30 1533/55/30 3631/8047/32
f 3631/8047/32 1533/55/30 1529/53/32
f 3631/8047/32 1529/53/32 3627/8045/34
f 3627/8045/34 1529/53/32 1525/50/34
f 3627/8045/34 1525/50/34 3623/8043/36
f 3623/8043/36 1525/50/34 1521/48/36
f 3623/8043/36 1521/48/36 3619/8041/38
f 3619/8041/38 1521/48/36 1517/46/38
f 3619/8041/38 1517/46/38 3615/8039/40
f 3615/8039/40 1517/46/38 1513/44/40
f 3615/8039/40 1513/44/40 3611/8037/42
f 3611/8037/42 1513/44/40 1509/42/42
f 3611/8037/42 1509/42/42 3607/8035/44
f 3607/8035/44 1509/42/42 1505/40/44
f 3607/8035/44 1505/40/44 3603/8033/46
f 3603/8033/46 1505/40/44 1501/37/46
f 3603/8033/46 1501/37/46 3599/8031/48
f 3599/8031/48 1501/37/46 1497/35/48
f 3599/8031/48 1497/35/48 3595/8029/50
f 3595/8029/50 1497/35/48 1493/33/50
f 3595/8029/50 1493/33/50 3591/8027/52
f 3591/8027/52 1493/33/50 1489/31/52
f 3591/8027/52 1489/31/52 3587/8025/55
f 3587/8025/55 1489/31/52 1485/29/55
f 3587/8025/55 1485/29/55 3589/8023/53
f 3589/8023/53 1485/29/55 1487/27/53
f 3589/8023/53 1487/27/53 3593/8021/51
f 3593/8021/51 1487/27/53 1491/25/51
f 3593/8021/51 1491/25/51 3597/8019/49
f 3597/8019/49 1491/25/51 1495/23/49
f 3597/8019/49 1495/23/49 3601/8017/47
f 3601/8017/47 1495/23/49 1499/21/47
f 3601/8017/47 1499/21/47 3605/8014/45
f 3605/8014/45 1499/21/47 1503/19/45
f 3605/8014/45 1503/19/45 3609/8012/43
f 3609/8012/43 1503/19/45 1507/17/43
f 3609/8012/43 1507/17/43 3613/8009/41
f 3613/8009/41 1507/17/43 1511/15/41
f 3613/8009/41 1511/15/41 3617/8007/39
f 3617/8007/39 1511/15/41 1515/13/39
f 3617/8007/39 1515/13/39 3621/8004/37
f 3621/8004/37 1515/13/39 1519/11/37
f 3621/8004/37 1519/11/37 3625/8002/35
f 3625/8002/35 1519/11/37 1523/8/35
f 3625/8002/35 1523/8/35 3629/8001/33
f 3629/8001/33 1523/8/35 1527/5/33
f 3629/8001/33 1527/5/33 3633/7999/31
f 3633/7999/31 1527/5/33 1531/2/31
f 3634/7996/31 1532/1/31 3638/8106/28
f 3638/8106/28 1532/1/31 1536/112/28
f 3638/8106/28 1536/112/28 3642/8104/26
f 3642/8104/26 1536/112/28 1540/111/26
f 3642/8104/26 1540/111/26 3646/8103/24
f 3646/8103/24 1540/111/26 1544/109/24
f 3646/8103/24 1544/109/24 3650/8100/22
f 3650/8100/22 1544/109/24 1548/106/22
f 3650/8100/22 1548/106/22 3654/8098/20
f 3654/8098/20 1548/106/22 1552/104/20
f 3654/8098/20 1552/104/20 3658/8095/18
f 3658/8095/18 1552/104/20 1556/102/18
f 3658/8095/18 1556/102/18 3662/8093/16
f 3662/8093/16 1556/102/18 1560/100/16
f 3662/8093/16 1560/100/16 3666/8090/14
f 3666/8090/14 1560/100/16 1564/98/14
f 3666/8090/14 1564/98/14 3670/8088/12
f 3670/8088/12 1564/98/14 1568/96/12
f 3670/8088/12 1568/96/12 3674/8084/10
f 3674/8084/10 1568/96/12 1572/93/10
f 3674/8084/10 1572/93/10 3678/8082/8
f 3678/8082/8 1572/93/10 1576/91/8
f 3678/8082/8 1576/91/8 3682/8080/6
f 3682/8080/6 1576/91/8 1580/89/6
f 3682/8080/6 1580/89/6 3686/8078/4
f 3686/8078/4 1580/89/6 1584/87/4
f 3686/8078/4 1584/87/4 3688/8076/3
f 3688/8076/3 1584/87/4 1586/85/3
f 3688/8076/3 1586/85/3 3684/8074/5
f 3684/8074/5 1586/85/3 1582/83/5
f 3684/8074/5 1582/83/5 3680/8071/7
f 3680/8071/7 1582/83/5 1578/80/7
f 3680/8071/7 1578/80/7 3676/8069/9
f 3676/8069/9 1578/80/7 1574/78/9
f 3676/8069/9 1574/78/9 3672/8067/11
f 3672/8067/11 1574/78/9 1570/76/11
f 3672/8067/11 1570/76/11 3668/8065/13
f 3668/8065/13 1570/76/11 1566/73/13
f 3668/8065/13 1566/73/13 3664/8063/15
f 3664/8063/15 1566/73/13 1562/71/15
f 3664/8063/15 1562/71/15 3660/8061/17
f 3660/8061/17 1562/71/15 1558/69/17
f 3660/8061/17 1558/69/17 3656/8059/19
f 3656/8059/19 1558/69/17 1554/67/19
f 3656/8059/19 1554/67/19 3652/8057/21
f 3652/8057/21 1554/67/19 1550/65/21
f 3652/8057/21 1550/65/21 3648/8055/23
f 3648/8055/23 1550/65/21 1546/63/23
f 3648/8055/23 1546/63/23 3644/8053/25
f 3644/8053/25 1546/63/23 1542/60/25
f 3644/8053/25 1542/60/25 3640/8051/27
f 3640/8051/27 1542/60/25 1538/57/27
f 3640/8051/27 1538/57/27 3636/8048/30
f 3636/8048/30 1538/57/27 1534/54/30
f 3636/8048/30 1534/54/30 3632/8046/32
f 3632/8046/32 1534/54/30 1530/51/32
f 3632/8046/32 1530/51/32 3628/8044/34
f 3628/8044/34 1530/51/32 1526/49/34
f 3628/8044/34 1526/49/34 3624/8042/36
f 3624/8042/36 1526/49/34 1522/47/36
f 3624/8042/36 1522/47/36 3620/8040/38
f 3620/8040/38 1522/47/36 1518/45/38
f 3620/8040/38 1518/45/38 3616/8038/40
f 3616/8038/40 1518/45/38 1514/43/40
f 3616/8038/40 1514/43/40 3612/8036/42
f 3612/8036/42 1514/43/40 1510/41/42
f 3612/8036/42 1510/41/42 3608/8034/44
f 3608/8034/44 1510/41/42 1506/38/44
f 3608/8034/44 1506/38/44 3604/8032/46
f 3604/8032/46 1506/38/44 1502/36/46
f 3604/8032/46 1502/36/46 3600/8030/48
f 3600/8030/48 1502/36/46 1498/34/48
f 3600/8030/48 1498/34/48 3596/8028/50
f 3596/8028/50 1498/34/48 1494/32/50
f 3596/8028/50 1494/32/50 3592/8026/52
f 3592/8026/52 1494/32/50 1490/30/52
f 3592/8026/52 1490/30/52 3588/8024/55
f 3588/8024/55 1490/30/52 1486/28/55
f 3588/8024/55 1486/28/55 3590/8022/53
f 3590/8022/53 1486/28/55 1488/26/53
f 3590/8022/53 1488/26/53 3594/8020/51
f 3594/8020/51 1488/26/53 1492/24/51
f 3594/8020/51 1492/24/51 3598/8018/49
f 3598/8018/49 1492/24/51 1496/22/49
f 3598/8018/49 1496/22/49 3602/8015/47
f 3602/8015/47 1496/22/49 1500/20/47
f 3602/8015/47 1500/20/47 3606/8013/45
f 3606/8013/45 1500/20/47 1504/18/45
f 3606/8013/45 1504/18/45 3610/8010/43
f 3610/8010/43 1504/18/45 1508/16/43
f 3610/8010/43 1508/16/43 3614/8008/41
f 3614/8008/41 1508/16/43 1512/14/41
f 3614/8008/41 1512/14/41 3618/8005/39
f 3618/8005/39 1512/14/41 1516/12/39
f 3618/8005/39 1516/12/39 3622/8003/37
f 3622/8003/37 1516/12/39 1520/9/37
f 3622/8003/37 1520/9/37 3626/8001/35
f 3626/8001/35 1520/9/37 1524/5/35
f 3626/8001/35 1524/5/35 3630/7999/33
f 3630/7999/33 1524/5/35 1528/2/33
f 3630/7999/33 1528/2/33 3634/7996/31
f 3634/7996/31 1528/2/33 1532/1/31
f 3531/7999/31 1429/2/31 3535/7996/28
f 3535/7996/28 1429/2/31 1433/112/28
f 3535/7996/28 1433/112/28 3539/8104/26
f 3539/8104/26 1433/112/28 1437/111/26
f 3539/8104/26 1437/111/26 3543/8103/24
f 3543/8103/24 1437/111/26 1441/109/24
f 3543/8103/24 1441/109/24 3547/8101/22
f 3547/8101/22 1441/109/24 1445/107/22
f 3547/8101/22 1445/107/22 3551/8099/20
f 3551/8099/20 1445/107/22 1449/105/20
f 3551/8099/20 1449/105/20 3555/8096/18
f 3555/8096/18 1449/105/20 1453/103/18
f 3555/8096/18 1453/103/18 3559/8094/16
f 3559/8094/16 1453/103/18 1457/101/16
f 3559/8094/16 1457/101/16 3563/8091/14
f 3563/8091/14 1457/101/16 1461/99/14
f 3563/8091/14 1461/99/14 3567/8089/12
f 3567/8089/12 1461/99/14 1465/97/12
f 3567/8089/12 1465/97/12 3571/8085/10
f 3571/8085/10 1465/97/12 1469/94/10
f 3571/8085/10 1469/94/10 3575/8083/8
f 3575/8083/8 1469/94/10 1473/92/8
f 3575/8083/8 1473/92/8 3579/8081/6
f 3579/8081/6 1473/92/8 1477/90/6
f 3579/8081/6 1477/90/6 3583/8079/4
f 3583/8079/4 1477/90/6 1481/88/4
f 3583/8079/4 1481/88/4 3585/8077/3
f 3585/8077/3 1481/88/4 1483/86/3
f 3585/8077/3 1483/86/3 3581/8075/5
f 3581/8075/5 1483/86/3 1479/84/5
f 3581/8075/5 1479/84/5 3577/8072/7
f 3577/8072/7 1479/84/5 1475/81/7
f 3577/8072/7 1475/81/7 3573/8070/9
f 3573/8070/9 1475/81/7 1471/79/9
f 3573/8070/9 1471/79/9 3569/8068/11
f 3569/8068/11 1471/79/9 1467/77/11
f 3569/8068/11 1467/77/11 3565/8066/13
f 3565/8066/13 1467/77/11 1463/74/13
f 3565/8066/13 1463/74/13 3561/8064/15
f 3561/8064/15 1463/74/13 1459/72/15
f 3561/8064/15 1459/72/15 3557/8062/17
f 3557/8062/17 1459/72/15 1455/70/17
f 3557/8062/17 1455/70/17 3553/8060/19
f 3553/8060/19 1455/70/17 1451/68/19
f 3553/8060/19 1451/68/19 3549/8058/21
f 3549/8058/21 1451/68/19 1447/66/21
f 3549/8058/21 1447/66/21 3545/8056/23
f 3545/8056/23 1447/66/21 1443/64/23
f 3545/8056/23 1443/64/23 3541/8054/25
f 3541/8054/25 1443/64/23 1439/61/25
f 3541/8054/25 1439/61/25 3537/8052/27
f 3537/8052/27 1439/61/25 1435/59/27
f 3537/8052/27 1435/59/27 3533/8049/30
f 3533/8049/30 1435/59/27 1431/55/30
f 3533/8049/30 1431/55/30 3529/8047/32
f 3529/8047/32 1431/55/30 1427/53/32
f 3529/8047/32 1427/53/32 3525/8045/34
f 3525/8045/34 1427/53/32 1423/50/34
f 3525/8045/34 1423/50/34 3521/8043/36
f 3521/8043/36 1423/50/34 1419/48/36
f 3521/8043/36 1419/48/36 3517/8041/38
f 3517/8041/38 1419/48/36 1415/46/38
f 3517/8041/38 1415/46/38 3513/8039/40
f 3513/8039/40 1415/46/38 1411/44/40
f 3513/8039/40 1411/44/40 3509/8037/42
f 3509/8037/42 1411/44/40 1407/42/42
f 3509/8037/42 1407/42/42 3505/8035/44
f 3505/8035/44 1407/42/42 1403/40/44
f 3505/8035/44 1403/40/44 3501/8033/46
f 3501/8033/46 1403/40/44 1399/37/46
f 3501/8033/46 1399/37/46 3497/8031/48
f 3497/8031/48 1399/37/46 1395/35/48
f 3497/8031/48 1395/35/48 3493/8029/50
f 3493/8029/50 1395/35/48 1391/33/50
f 3493/8029/50 1391/33/50 3489/8027/52
f 3489/8027/52 1391/33/50 1387/31/52
f 3489/8027/52 1387/31/52 3485/8025/55
f 3485/8025/55 1387/31/52 1383/29/55
f 3485/8025/55 1383/29/55 3487/8023/53
f 3487/8023/53 1383/29/55 1385/27/53
f 3487/8023/53 1385/27/53 3491/8021/51
f 3491/8021/51 1385/27/53 1389/25/51
f 3491/8021/51 1389/25/51 3495/8019/49
f 3495/8019/49 1389/25/51 1393/23/49
f 3495/8019/49 1393/23/49 3499/8017/47
f 3499/8017/47 1393/23/49 1397/21/47
f 3499/8017/47 1397/21/47 3503/8014/45
f 3503/8014/45 1397/21/47 1401/19/45
f 3503/8014/45 1401/19/45 3507/8012/43
f 3507/8012/43 1401/19/45 1405/17/43
f 3507/8012/43 1405/17/43 3511/8009/41
f 3511/8009/41 1405/17/43 1409/15/41
f 3511/8009/41 1409/15/41 3515/8007/39
f 3515/8007/39 1409/15/41 1413/13/39
f 3515/8007/39 1413/13/39 3519/8004/37
f 3519/8004/37 1413/13/39 1417/11/37
f 3519/8004/37 1417/11/37 3523/8002/35
f 3523/8002/35 1417/11/37 1421/8/35
f 3523/8002/35 1421/8/35 3527/8001/33
f 3527/8001/33 1421/8/35 1425/5/33
f 3527/8001/33 1425/5/33 3531/7999/31
f 3531/7999/31 1425/5/33 1429/2/31
f 3532/7999/31 1430/2/31 3536/7996/28
f 3536/7996/28 1430/2/31 1434/112/28
f 3536/7996/28 1434/112/28 3540/8104/26
f 3540/8104/26 1434/112/28 1438/111/26
f 3540/8104/26 1438/111/26 3544/8103/24
f 3544/8103/24 1438/111/26 1442/109/24
f 3544/8103/24 1442/109/24 3548/8101/22
f 3548/8101/22 1442/109/24 1446/107/22
f 3548/8101/22 1446/107/22 3552/8099/20
f 3552/8099/20 1446/107/22 1450/105/20
f 3552/8099/20 1450/105/20 3556/8096/18
f 3556/8096/18 1450/105/20 1454/103/18
f 3556/8096/18 1454/103/18 3560/8094/16
f 3560/8094/16 1454/103/18 1458/101/16
f 3560/8094/16 1458/101/16 3564/8091/14
f 3564/8091/14 1458/101/16 1462/99/14
f 3564/8091/14 1462/99/14 3568/8089/12
f 3568/8089/12 1462/99/14 1466/97/12
f 3568/8089/12 1466/97/12 3572/8085/10
f 3572/8085/10 1466/97/12 1470/94/10
f 3572/8085/10 1470/94/10 3576/8083/8
f 3576/8083/8 1470/94/10 1474/92/8
f 3576/8083/8 1474/92/8 3580/8081/6
f 3580/8081/6 1474/92/8 1478/90/6
f 3580/8081/6 1478/90/6 3584/8079/4
f 3584/8079/4 1478/90/6 1482/88/4
f 3584/8079/4 1482/88/4 3586/8077/3
f 3586/8077/3 1482/88/4 1484/86/3
f 3586/8077/3 1484/86/3 3582/8075/5
f 3582/8075/5 1484/86/3 1480/84/5
f 3582/8075/5 1480/84/5 3578/8072/7
f 3578/8072/7 1480/84/5 1476/81/7
f 3578/8072/7 1476/81/7 3574/8070/9
f 3574/8070/9 1476/81/7 1472/79/9
f 3574/8070/9 1472/79/9 3570/8068/11
f 3570/8068/11 1472/79/9 1468/77/11
f 3570/8068/11 1468/77/11 3566/8066/13
f 3566/8066/13 1468/77/11 1464/74/13
f 3566/8066/13 1464/74/13 3562/8064/15
f 3562/8064/15 1464/74/13 1460/72/15
f 3562/8064/15 1460/72/15 3558/8062/17
f 3558/8062/17 1460/72/15 1456/70/17
f 3558/8062/17 1456/70/17 3554/8060/19
f 3554/8060/19 1456/70/17 1452/68/19
f 3554/8060/19 1452/68/19 3550/8058/21
f 3550/8058/21 1452/68/19 1448/66/21
f 3550/8058/21 1448/66/21 3546/8056/23
f 3546/8056/23 1448/66/21 1444/64/23
f 3546/8056/23 1444/64/23 3542/8054/25
f 3542/8054/25 1444/64/23 1440/61/25
f 3542/8054/25 1440/61/25 3538/8052/27
f 3538/8052/27 1440/61/25 1436/59/27
f 3538/8052/27 1436/59/27 3534/8049/30
f 3534/8049/30 1436/59/27 1432/55/30
f 3534/8049/30 1432/55/30 3530/8047/32
f 3530/8047/32 1432/55/30 1428/53/32
f 3530/8047/32 1428/53/32 3526/8045/34
f 3526/8045/34 1428/53/32 1424/50/34
f 3526/8045/34 1424/50/34 3522/8043/36
f 3522/8043/36 1424/50/34 1420/48/36
f 3522/8043/36 1420/48/36 3518/8041/38
f 3518/8041/38 1420/48/36 1416/46/38
f 3518/8041/38 1416/46/38 3514/8039/40
f 3514/8039/40 1416/46/38 1412/44/40
f 3514/8039/40 1412/44/40 3510/8037/42
f 3510/8037/42 1412/44/40 1408/42/42
f 3510/8037/42 1408/42/42 3506/8035/44
f 3506/8035/44 1408/42/42 1404/40/44
f 3506/8035/44 1404/40/44 3502/8033/46
f 3502/8033/46 1404/40/44 1400/37/46
f 3502/8033/46 1400/37/46 3498/8031/48
f 3498/8031/48 1400/37/46 1396/35/48
f 3498/8031/48 1396/35/48 3494/8029/50
f 3494/8029/50 1396/35/48 1392/33/50
f 3494/8029/50 1392/33/50 3490/8027/52
f 3490/8027/52 1392/33/50 1388/31/52
f 3490/8027/52 1388/31/52 3486/8025/55
f 3486/8025/55 1388/31/52 1384/29/55
f 3486/8025/55 1384/29/55 3488/8023/53
f 3488/8023/53 1384/29/55 1386/27/53
f 3488/8023/53 1386/27/53 3492/8021/51
f 3492/8021/51 1386/27/53 1390/25/51
f 3492/8021/51 1390/25/51 3496/8019/49
f 3496/8019/49 1390/25/51 1394/23/49
f 3496/8019/49 1394/23/49 3500/8017/47
f 3500/8017/47 1394/23/49 1398/21/47
f 3500/8017/47 1398/21/47 3504/8014/45
f 3504/8014/45 1398/21/47 1402/19/45
f 3504/8014/45 1402/19/45 3508/8012/43
f 3508/8012/43 1402/19/45 1406/17/43
f 3508/8012/43 1406/17/43 3512/8009/41
f 3512/8009/41 1406/17/43 1410/15/41
f 3512/8009/41 1410/15/41 3516/8007/39
f 3516/8007/39 1410/15/41 1414/13/39
f 3516/8007/39 1414/13/39 3520/8004/37
f 3520/8004/37 1414/13/39 1418/11/37
f 3520/8004/37 1418/11/37 3524/8002/35
f 3524/8002/35 1418/11/37 1422/8/35
f 3524/8002/35 1422/8/35 3528/8001/33
f 3528/8001/33 1422/8/35 1426/5/33
f 3528/8001/33 1426/5/33 3532/7999/31
f 3532/7999/31 1426/5/33 1430/2/31
f 3429/7999/31 1327/2/31 3433/7996/28
f 3433/7996/28 1327/2/31 1331/112/28
f 3433/7996/28 1331/112/28 3437/8104/26
f 3437/8104/26 1331/112/28 1335/111/26
f 3437/8104/26 1335/111/26 3441/8103/24
f 3441/8103/24 1335/111/26 1339/109/24
f 3441/8103/24 1339/109/24 3445/8101/22
f 3445/8101/22 1339/109/24 1343/107/22
f 3445/8101/22 1343/107/22 3449/8099/20
f 3449/8099/20 1343/107/22 1347/105/20
f 3449/8099/20 1347/105/20 3453/8096/18
f 3453/8096/18 1347/105/20 1351/103/18
f 3453/8096/18 1351/103/18 3457/8094/16
f 3457/8094/16 1351/103/18 1355/101/16
f 3457/8094/16 1355/101/16 3461/8091/14
f 3461/8091/14 1355/101/16 1359/99/14
f 3461/8091/14 1359/99/14 3465/8089/12
f 3465/8089/12 1359/99/14 1363/97/12
f 3465/8089/12 1363/97/12 3469/8085/10
f 3469/8085/10 1363/97/12 1367/94/10
f 3469/8085/10 1367/94/10 3473/8083/8
f 3473/8083/8 1367/94/10 1371/92/8
f 3473/8083/8 1371/92/8 3477/8081/6
f 3477/8081/6 1371/92/8 1375/90/6
f 3477/8081/6 1375/90/6 3481/8079/4
f 3481/8079/4 1375/90/6 1379/88/4
f 3481/8079/4 1379/88/4 3483/8077/3
f 3483/8077/3 1379/88/4 1381/86/3
f 3483/8077/3 1381/86/3 3479/8075/5
f 3479/8075/5 1381/86/3 1377/84/5
f 3479/8075/5 1377/84/5 3475/8072/7
f 3475/8072/7 1377/84/5 1373/81/7
f 3475/8072/7 1373/81/7 3471/8070/9
f 3471/8070/9 1373/81/7 1369/79/9
f 3471/8070/9 1369/79/9 3467/8068/11
f 3467/8068/11 1369/79/9 1365/77/11
f 3467/8068/11 1365/77/11 3463/8066/13
f 3463/8066/13 1365/77/11 1361/74/13
f 3463/8066/13 1361/74/13 3459/8064/15
f 3459/8064/15 1361/74/13 1357/72/15
f 3459/8064/15 1357/72/15 3455/8062/17
f 3455/8062/17 1357/72/15 1353/70/17
f 3455/8062/17 1353/70/17 3451/8060/19
f 3451/8060/19 1353/70/17 1349/68/19
f 3451/8060/19 1349/68/19 3447/8058/21
f 3447/8058/21 1349/68/19 1345/66/21
f 3447/8058/21 1345/66/21 3443/8056/23
f 3443/8056/23 1345/66/21 1341/64/23
f 3443/8056/23 1341/64/23 3439/8054/25
f 3439/8054/25 1341/64/23 1337/61/25
f 3439/8054/25 1337/61/25 3435/8052/27
f 3435/8052/27 1337/61/25 1333/59/27
f 3435/8052/27 1333/59/27 3431/8049/30
f 3431/8049/30 1333/59/27 1329/55/30
f 3431/8049/30 1329/55/30 3427/8047/32
f 3427/8047/32 1329/55/30 1325/53/32
f 3427/8047/32 1325/53/32 3423/8045/34
f 3423/8045/34 1325/53/32 1321/50/34
f 3423/8045/34 1321/50/34 3419/8043/36
f 3419/8043/36 1321/50/34 1317/48/36
f 3419/8043/36 1317/48/36 3415/8041/38
f 3415/8041/38 1317/48/36 1313/46/38
f 3415/8041/38 1313/46/38 3411/8039/40
f 3411/8039/40 1313/46/38 1309/44/40
f 3411/8039/40 1309/44/40 3407/8037/42
f 3407/8037/42 1309/44/40 1305/42/42
f 3407/8037/42 1305/42/42 3403/8035/44
f 3403/8035/44 1305/42/42 1301/40/44
f 3403/8035/44 1301/40/44 3397/8033/46
f 3397/8033/46 1301/40/44 1297/37/46
f 3397/8033/46 1297/37/46 3393/8031/48
f 3393/8031/48 1297/37/46 1293/35/48
f 3393/8031/48 1293/35/48 3389/8029/50
f 3389/8029/50 1293/35/48 1289/33/50
f 3389/8029/50 1289/33/50 3385/8027/52
f 3385/8027/52 1289/33/50 1285/31/52
f 3385/8027/52 1285/31/52 3381/8025/55
f 3381/8025/55 1285/31/52 1281/29/55
f 3381/8025/55 1281/29/55 3383/8023/53
f 3383/8023/53 1281/29/55 1283/27/53
f 3383/8023/53 1283/27/53 3387/8021/51
f 3387/8021/51 1283/27/53 1287/25/51
f 3387/8021/51 1287/25/51 3391/8019/49
f 3391/8019/49 1287/25/51 1291/23/49
f 3391/8019/49 1291/23/49 3395/8017/47
f 3395/8017/47 1291/23/49 1295/21/47
f 3395/8017/47 1295/21/47 3401/8014/45
f 3401/8014/45 1295/21/47 1299/19/45
f 3401/8014/45 1299/19/45 3405/8012/43
f 3405/8012/43 1299/19/45 1303/17/43
f 3405/8012/43 1303/17/43 3409/8009/41
f 3409/8009/41 1303/17/43 1307/15/41
f 3409/8009/41 1307/15/41 3413/8007/39
f 3413/8007/39 1307/15/41 1311/13/39
f 3413/8007/39 1311/13/39 3417/8004/37
f 3417/8004/37 1311/13/39 1315/11/37
f 3417/8004/37 1315/11/37 3421/8002/35
f 3421/8002/35 1315/11/37 1319/8/35
f 3421/8002/35 1319/8/35 3425/8001/33
f 3425/8001/33 1319/8/35 1323/5/33
f 3425/8001/33 1323/5/33 3429/7999/31
f 3429/7999/31 1323/5/33 1327/2/31
f 3430/7999/31 1328/2/31 3434/7996/28
f 3434/7996/28 1328/2/31 1332/112/28
f 3434/7996/28 1332/112/28 3438/8104/26
f 3438/8104/26 1332/112/28 1336/111/26
f 3438/8104/26 1336/111/26 3442/8103/24
f 3442/8103/24 1336/111/26 1340/109/24
f 3442/8103/24 1340/109/24 3446/8101/22
f 3446/8101/22 1340/109/24 1344/107/22
f 3446/8101/22 1344/107/22 3450/8099/20
f 3450/8099/20 1344/107/22 1348/105/20
f 3450/8099/20 1348/105/20 3454/8096/18
f 3454/8096/18 1348/105/20 1352/103/18
f 3454/8096/18 1352/103/18 3458/8094/16
f 3458/8094/16 1352/103/18 1356/101/16
f 3458/8094/16 1356/101/16 3462/8091/14
f 3462/8091/14 1356/101/16 1360/99/14
f 3462/8091/14 1360/99/14 3466/8089/12
f 3466/8089/12 1360/99/14 1364/97/12
f 3466/8089/12 1364/97/12 3470/8085/10
f 3470/8085/10 1364/97/12 1368/94/10
f 3470/8085/10 1368/94/10 3474/8083/8
f 3474/8083/8 1368/94/10 1372/92/8
f 3474/8083/8 1372/92/8 3478/8081/6
f 3478/8081/6 1372/92/8 1376/90/6
f 3478/8081/6 1376/90/6 3482/8079/4
f 3482/8079/4 1376/90/6 1380/88/4
f 3482/8079/4 1380/88/4 3484/8077/3
f 3484/8077/3 1380/88/4 1382/86/3
f 3484/8077/3 1382/86/3 3480/8075/5
f 3480/8075/5 1382/86/3 1378/84/5
f 3480/8075/5 1378/84/5 3476/8072/7
f 3476/8072/7 1378/84/5 1374/81/7
f 3476/8072/7 1374/81/7 3472/8070/9
f 3472/8070/9 1374/81/7 1370/79/9
f 3472/8070/9 1370/79/9 3468/8068/11
f 3468/8068/11 1370/79/9 1366/77/11
f 3468/8068/11 1366/77/11 3464/8066/13
f 3464/8066/13 1366/77/11 1362/74/13
f 3464/8066/13 1362/74/13 3460/8064/15
f 3460/8064/15 1362/74/13 1358/72/15
f 3460/8064/15 1358/72/15 3456/8062/17
f 3456/8062/17 1358/72/15 1354/70/17
f 3456/8062/17 1354/70/17 3452/8060/19
f 3452/8060/19 1354/70/17 1350/68/19
f 3452/8060/19 1350/68/19 3448/8058/21
f 3448/8058/21 1350/68/19 1346/66/21
f 3448/8058/21 1346/66/21 3444/8056/23
f 3444/8056/23 1346/66/21 1342/64/23
f 3444/8056/23 1342/64/23 3440/8054/25
f 3440/8054/25 1342/64/23 1338/61/25
f 3440/8054/25 1338/61/25 3436/8052/27
f 3436/8052/27 1338/61/25 1334/59/27
f 3436/8052/27 1334/59/27 3432/8049/30
f 3432/8049/30 1334/59/27 1330/55/30
f 3432/8049/30 1330/55/30 3428/8047/32
f 3428/8047/32 1330/55/30 1326/53/32
f 3428/8047/32 1326/53/32 3424/8045/34
f 3424/8045/34 1326/53/32 1322/50/34
f 3424/8045/34 1322/50/34 3420/8043/36
f 3420/8043/36 1322/50/34 1318/48/36
f 3420/8043/36 1318/48/36 3416/8041/38
f 3416/8041/38 1318/48/36 1314/46/38
f 3416/8041/38 1314/46/38 3412/8039/40
f 3412/8039/40 1314/46/38 1310/44/40
f 3412/8039/40 1310/44/40 3408/8037/42
f 3408/8037/42 1310/44/40 1306/42/42
f 3408/8037/42 1306/42/42 3404/8035/44
f 3404/8035/44 1306/42/42 1302/40/44
f 3404/8035/44 1302/40/44 3398/8033/46
f 3398/8033/46 1302/40/44 1298/37/46
f 3398/8033/46 1298/37/46 3394/8031/48
f 3394/8031/48 1298/37/46 1294/35/48
f 3394/8031/48 1294/35/48 3390/8029/50
f 3390/8029/50 1294/35/48 1290/33/50
f 3390/8029/50 1290/33/50 3386/8027/52
f 3386/8027/52 1290/33/50 1286/31/52
f 3386/8027/52 1286/31/52 3382/8025/55
f 3382/8025/55 1286/31/52 1282/29/55
f 3382/8025/55 1282/29/55 3384/8023/53
f 3384/8023/53 1282/29/55 1284/27/53
f 3384/8023/53 1284/27/53 3388/8021/51
f 3388/8021/51 1284/27/53 1288/25/51
f 3388/8021/51 1288/25/51 3392/8019/49
f 3392/8019/49 1288/25/51 1292/23/49
f 3392/8019/49 1292/23/49 3396/8017/47
f 3396/8017/47 1292/23/49 1296/21/47
f 3396/8017/47 1296/21/47 3402/8014/45
f 3402/8014/45 1296/21/47 1300/19/45
f 3402/8014/45 1300/19/45 3406/8012/43
f 3406/8012/43 1300/19/45 1304/17/43
f 3406/8012/43 1304/17/43 3410/8009/41
f 3410/8009/41 1304/17/43 1308/15/41
f 3410/8009/41 1308/15/41 3414/8007/39
f 3414/8007/39 1308/15/41 1312/13/39
f 3414/8007/39 1312/13/39 3418/8004/37
f 3418/8004/37 1312/13/39 1316/11/37
f 3418/8004/37 1316/11/37 3422/8002/35
f 3422/8002/35 1316/11/37 1320/8/35
f 3422/8002/35 1320/8/35 3426/8001/33
f 3426/8001/33 1320/8/35 1324/5/33
f 3426/8001/33 1324/5/33 3430/7999/31
f 3430/7999/31 1324/5/33 1328/2/31
f 3325/7996/31 1225/1/31 3329/8106/28
f 3329/8106/28 1225/1/31 1229/112/28
f 3329/8106/28 1229/112/28 3333/8104/26
f 3333/8104/26 1229/112/28 1233/111/26
f 3333/8104/26 1233/111/26 3337/8103/24
f 3337/8103/24 1233/111/26 1237/109/24
f 3337/8103/24 1237/109/24 3341/8100/22
f 3341/8100/22 1237/109/24 1241/106/22
f 3341/8100/22 1241/106/22 3345/8098/20
f 3345/8098/20 1241/106/22 1245/104/20
f 3345/8098/20 1245/104/20 3349/8095/18
f 3349/8095/18 1245/104/20 1249/102/18
f 3349/8095/18 1249/102/18 3353/8093/16
f 3353/8093/16 1249/102/18 1253/100/16
f 3353/8093/16 1253/100/16 3357/8090/14
f 3357/8090/14 1253/100/16 1257/98/14
f 3357/8090/14 1257/98/14 3361/8088/12
f 3361/8088/12 1257/98/14 1261/96/12
f 3361/8088/12 1261/96/12 3365/8084/10
f 3365/8084/10 1261/96/12 1265/93/10
f 3365/8084/10 1265/93/10 3369/8082/8
f 3369/8082/8 1265/93/10 1269/91/8
f 3369/8082/8 1269/91/8 3373/8080/6
f 3373/8080/6 1269/91/8 1273/89/6
f 3373/8080/6 1273/89/6 3377/8078/4
f 3377/8078/4 1273/89/6 1277/87/4
f 3377/8078/4 1277/87/4 3379/8076/3
f 3379/8076/3 1277/87/4 1279/85/3
f 3379/8076/3 1279/85/3 3375/8074/5
f 3375/8074/5 1279/85/3 1275/83/5
f 3375/8074/5 1275/83/5 3371/8071/7
f 3371/8071/7 1275/83/5 1271/80/7
f 3371/8071/7 1271/80/7 3367/8069/9
f 3367/8069/9 1271/80/7 1267/78/9
f 3367/8069/9 1267/78/9 3363/8067/11
f 3363/8067/11 1267/78/9 1263/76/11
f 3363/8067/11 1263/76/11 3359/8065/13
f 3359/8065/13 1263/76/11 1259/73/13
f 3359/8065/13 1259/73/13 3355/8063/15
f 3355/8063/15 1259/73/13 1255/71/15
f 3355/8063/15 1255/71/15 3351/8061/17
f 3351/8061/17 1255/71/15 1251/69/17
f 3351/8061/17 1251/69/17 3347/8059/19
f 3347/8059/19 1251/69/17 1247/67/19
f 3347/8059/19 1247/67/19 3343/8057/21
f 3343/8057/21 1247/67/19 1243/65/21
f 3343/8057/21 1243/65/21 3339/8055/23
f 3339/8055/23 1243/65/21 1239/63/23
f 3339/8055/23 1239/63/23 3335/8053/25
f 3335/8053/25 1239/63/23 1235/60/25
f 3335/8053/25 1235/60/25 3331/8051/27
f 3331/8051/27 1235/60/25 1231/57/27
f 3331/8051/27 1231/57/27 3327/8048/30
f 3327/8048/30 1231/57/27 1227/54/30
f 3327/8048/30 1227/54/30 3323/8046/32
f 3323/8046/32 1227/54/30 1223/51/32
f 3323/8046/32 1223/51/32 3319/8044/34
f 3319/8044/34 1223/51/32 1219/49/34
f 3319/8044/34 1219/49/34 3315/8042/36
f 3315/8042/36 1219/49/34 1215/47/36
f 3315/8042/36 1215/47/36 3311/8040/38
f 3311/8040/38 1215/47/36 1211/45/38
f 3311/8040/38 1211/45/38 3307/8038/40
f 3307/8038/40 1211/45/38 1207/43/40
f 3307/8038/40 1207/43/40 3303/8036/42
f 3303/8036/42 1207/43/40 1203/41/42
f 3303/8036/42 1203/41/42 3299/8034/44
f 3299/8034/44 1203/41/42 1199/38/44
f 3299/8034/44 1199/38/44 3295/8032/46
f 3295/8032/46 1199/38/44 1195/36/46
f 3295/8032/46 1195/36/46 3291/8030/48
f 3291/8030/48 1195/36/46 1191/34/48
f 3291/8030/48 1191/34/48 3287/8028/50
f 3287/8028/50 1191/34/48 1187/32/50
f 3287/8028/50 1187/32/50 3283/8026/52
f 3283/8026/52 1187/32/50 1183/30/52
f 3283/8026/52 1183/30/52 3279/8024/55
f 3279/8024/55 1183/30/52 1179/28/55
f 3279/8024/55 1179/28/55 3281/8022/53
f 3281/8022/53 1179/28/55 1181/26/53
f 3281/8022/53 1181/26/53 3285/8020/51
f 3285/8020/51 1181/26/53 1185/24/51
f 3285/8020/51 1185/24/51 3289/8018/49
f 3289/8018/49 1185/24/51 1189/22/49
f 3289/8018/49 1189/22/49 3293/8015/47
f 3293/8015/47 1189/22/49 1193/20/47
f 3293/8015/47 1193/20/47 3297/8013/45
f 3297/8013/45 1193/20/47 1197/18/45
f 3297/8013/45 1197/18/45 3301/8010/43
f 3301/8010/43 1197/18/45 1201/16/43
f 3301/8010/43 1201/16/43 3305/8008/41
f 3305/8008/41 1201/16/43 1205/14/41
f 3305/8008/41 1205/14/41 3309/8005/39
f 3309/8005/39 1205/14/41 1209/12/39
f 3309/8005/39 1209/12/39 3313/8003/37
f 3313/8003/37 1209/12/39 1213/9/37
f 3313/8003/37 1213/9/37 3317/8001/35
f 3317/8001/35 1213/9/37 1217/5/35
f 3317/8001/35 1217/5/35 3321/7999/33
f 3321/7999/33 1217/5/35 1221/2/33
f 3321/7999/33 1221/2/33 3325/7996/31
f 3325/7996/31 1221/2/33 1225/1/31
f 3326/7999/31 1226/2/31 3330/7996/28
f 3330/7996/28 1226/2/31 1230/112/28
f 3330/7996/28 1230/112/28 3334/8104/26
f 3334/8104/26 1230/112/28 1234/111/26
f 3334/8104/26 1234/111/26 3338/8103/24
f 3338/8103/24 1234/111/26 1238/109/24
f 3338/8103/24 1238/109/24 3342/8101/22
f 3342/8101/22 1238/109/24 1242/107/22
f 3342/8101/22 1242/107/22 3346/8099/20
f 3346/8099/20 1242/107/22 1246/105/20
f 3346/8099/20 1246/105/20 3350/8096/18
f 3350/8096/18 1246/105/20 1250/103/18
f 3350/8096/18 1250/103/18 3354/8094/16
f 3354/8094/16 1250/103/18 1254/101/16
f 3354/8094/16 1254/101/16 3358/8091/14
f 3358/8091/14 1254/101/16 1258/99/14
f 3358/8091/14 1258/99/14 3362/8089/12
f 3362/8089/12 1258/99/14 1262/97/12
f 3362/8089/12 1262/97/12 3366/8085/10
f 3366/8085/10 1262/97/12 1266/94/10
f 3366/8085/10 1266/94/10 3370/8083/8
f 3370/8083/8 1266/94/10 1270/92/8
f 3370/8083/8 1270/92/8 3374/8081/6
f 3374/8081/6 1270/92/8 1274/90/6
f 3374/8081/6 1274/90/6 3378/8079/4
f 3378/8079/4 1274/90/6 1278/88/4
f 3378/8079/4 1278/88/4 3380/8077/3
f 3380/8077/3 1278/88/4 1280/86/3
f 3380/8077/3 1280/86/3 3376/8075/5
f 3376/8075/5 1280/86/3 1276/84/5
f 3376/8075/5 1276/84/5 3372/8072/7
f 3372/8072/7 1276/84/5 1272/81/7
f 3372/8072/7 1272/81/7 3368/8070/9
f 3368/8070/9 1272/81/7 1268/79/9
f 3368/8070/9 1268/79/9 3364/8068/11
f 3364/8068/11 1268/79/9 1264/77/11
f 3364/8068/11 1264/77/11 3360/8066/13
f 3360/8066/13 1264/77/11 1260/74/13
f 3360/8066/13 1260/74/13 3356/8064/15
f 3356/8064/15 1260/74/13 1256/72/15
f 3356/8064/15 1256/72/15 3352/8062/17
f 3352/8062/17 1256/72/15 1252/70/17
f 3352/8062/17 1252/70/17 3348/8060/19
f 3348/8060/19 1252/70/17 1248/68/19
f 3348/8060/19 1248/68/19 3344/8058/21
f 3344/8058/21 1248/68/19 1244/66/21
f 3344/8058/21 1244/66/21 3340/8056/23
f 3340/8056/23 1244/66/21 1240/64/23
f 3340/8056/23 1240/64/23 3336/8054/25
f 3336/8054/25 1240/64/23 1236/61/25
f 3336/8054/25 1236/61/25 3332/8052/27
f 3332/8052/27 1236/61/25 1232/59/27
f 3332/8052/27 1232/59/27 3328/8049/30
f 3328/8049/30 1232/59/27 1228/55/30
f 3328/8049/30 1228/55/30 3324/8047/32
f 3324/8047/32 1228/55/30 1224/53/32
f 3324/8047/32 1224/53/32 3320/8045/34
f 3320/8045/34 1224/53/32 1220/50/34
f 3320/8045/34 1220/50/34 3316/8043/36
f 3316/8043/36 1220/50/34 1216/48/36
f 3316/8043/36 1216/48/36 3312/8041/38
f 3312/8041/38 1216/48/36 1212/46/38
f 3312/8041/38 1212/46/38 3308/8039/40
f 3308/8039/40 1212/46/38 1208/44/40
f 3308/8039/40 1208/44/40 3304/8037/42
f 3304/8037/42 1208/44/40 1204/42/42
f 3304/8037/42 1204/42/42 3300/8035/44
f 3300/8035/44 1204/42/42 1200/40/44
f 3300/8035/44 1200/40/44 3296/8033/46
f 3296/8033/46 1200/40/44 1196/37/46
f 3296/8033/46 1196/37/46 3292/8031/48
f 3292/8031/48 1196/37/46 1192/35/48
f 3292/8031/48 1192/35/48 3288/8029/50
f 3288/8029/50 1192/35/48 1188/33/50
f 3288/8029/50 1188/33/50 3284/8027/52
f 3284/8027/52 1188/33/50 1184/31/52
f 3284/8027/52 1184/31/52 3280/8025/55
f 3280/8025/55 1184/31/52 1180/29/55
f 3280/8025/55 1180/29/55 3282/8023/53
f 3282/8023/53 1180/29/55 1182/27/53
f 3282/8023/53 1182/27/53 3286/8021/51
f 3286/8021/51 1182/27/53 1186/25/51
f 3286/8021/51 1186/25/51 3290/8019/49
f 3290/8019/49 1186/25/51 1190/23/49
f 3290/8019/49 1190/23/49 3294/8017/47
f 3294/8017/47 1190/23/49 1194/21/47
f 3294/8017/47 1194/21/47 3298/8014/45
f 3298/8014/45 1194/21/47 1198/19/45
f 3298/8014/45 1198/19/45 3302/8012/43
f 3302/8012/43 1198/19/45 1202/17/43
f 3302/8012/43 1202/17/43 3306/8009/41
f 3306/8009/41 1202/17/43 1206/15/41
f 3306/8009/41 1206/15/41 3310/8007/39
f 3310/8007/39 1206/15/41 1210/13/39
f 3310/8007/39 1210/13/39 3314/8004/37
f 3314/8004/37 1210/13/39 1214/11/37
f 3314/8004/37 1214/11/37 3318/8002/35
f 3318/8002/35 1214/11/37 1218/8/35
f 3318/8002/35 1218/8/35 3322/8001/33
f 3322/8001/33 1218/8/35 1222/5/33
f 3322/8001/33 1222/5/33 3326/7999/31
f 3326/7999/31 1222/5/33 1226/2/31
f 2917/7999/31 817/2/31 2921/7996/28
f 2921/7996/28 817/2/31 821/1/28
f 2921/7996/28 821/1/28 2925/8106/26
f 2925/8106/26 821/1/28 825/112/26
f 2925/8106/26 825/112/26 2929/8104/24
f 2929/8104/24 825/112/26 829/111/24
f 2929/8104/24 829/111/24 2933/8103/22
f 2933/8103/22 829/111/24 833/109/22
f 2933/8103/22 833/109/22 2937/8100/20
f 2937/8100/20 833/109/22 837/106/20
f 2937/8100/20 837/106/20 2941/8098/18
f 2941/8098/18 837/106/20 841/104/18
f 2941/8098/18 841/104/18 2945/8095/16
f 2945/8095/16 841/104/18 845/102/16
f 2945/8095/16 845/102/16 2949/8093/14
f 2949/8093/14 845/102/16 849/100/14
f 2949/8093/14 849/100/14 2953/8090/12
f 2953/8090/12 849/100/14 853/98/12
f 2953/8090/12 853/98/12 2957/8088/10
f 2957/8088/10 853/98/12 857/96/10
f 2957/8088/10 857/96/10 2961/8084/8
f 2961/8084/8 857/96/10 861/93/8
f 2961/8084/8 861/93/8 2965/8082/6
f 2965/8082/6 861/93/8 865/91/6
f 2965/8082/6 865/91/6 2969/8080/4
f 2969/8080/4 865/91/6 869/89/4
f 2969/8080/4 869/89/4 2971/8078/3
f 2971/8078/3 869/89/4 871/87/3
f 2971/8078/3 871/87/3 2967/8076/5
f 2967/8076/5 871/87/3 867/85/5
f 2967/8076/5 867/85/5 2963/8074/7
f 2963/8074/7 867/85/5 863/83/7
f 2963/8074/7 863/83/7 2959/8071/9
f 2959/8071/9 863/83/7 859/80/9
f 2959/8071/9 859/80/9 2955/8069/11
f 2955/8069/11 859/80/9 855/78/11
f 2955/8069/11 855/78/11 2951/8067/13
f 2951/8067/13 855/78/11 851/76/13
f 2951/8067/13 851/76/13 2947/8065/15
f 2947/8065/15 851/76/13 847/73/15
f 2947/8065/15 847/73/15 2943/8063/17
f 2943/8063/17 847/73/15 843/71/17
f 2943/8063/17 843/71/17 2939/8061/19
f 2939/8061/19 843/71/17 839/69/19
f 2939/8061/19 839/69/19 2935/8059/21
f 2935/8059/21 839/69/19 835/67/21
f 2935/8059/21 835/67/21 2931/8057/23
f 2931/8057/23 835/67/21 831/65/23
f 2931/8057/23 831/65/23 2927/8055/25
f 2927/8055/25 831/65/23 827/63/25
f 2927/8055/25 827/63/25 2923/8053/27
f 2923/8053/27 827/63/25 823/60/27
f 2923/8053/27 823/60/27 2919/8051/30
f 2919/8051/30 823/60/27 819/57/30
f 2919/8051/30 819/57/30 2915/8048/32
f 2915/8048/32 819/57/30 815/54/32
f 2915/8048/32 815/54/32 2911/8046/34
f 2911/8046/34 815/54/32 811/51/34
f 2911/8046/34 811/51/34 2907/8044/36
f 2907/8044/36 811/51/34 807/49/36
f 2907/8044/36 807/49/36 2903/8042/38
f 2903/8042/38 807/49/36 803/47/38
f 2903/8042/38 803/47/38 2899/8040/40
f 2899/8040/40 803/47/38 799/45/40
f 2899/8040/40 799/45/40 2895/8038/42
f 2895/8038/42 799/45/40 795/43/42
f 2895/8038/42 795/43/42 2891/8036/44
f 2891/8036/44 795/43/42 791/41/44
f 2891/8036/44 791/41/44 2887/8034/46
f 2887/8034/46 791/41/44 787/38/46
f 2887/8034/46 787/38/46 2883/8032/48
f 2883/8032/48 787/38/46 783/36/48
f 2883/8032/48 783/36/48 2879/8030/50
f 2879/8030/50 783/36/48 779/34/50
f 2879/8030/50 779/34/50 2875/8028/52
f 2875/8028/52 779/34/50 775/32/52
f 2875/8028/52 775/32/52 2871/8026/55
f 2871/8026/55 775/32/52 771/30/55
f 2871/8026/55 771/30/55 2873/8024/53
f 2873/8024/53 771/30/55 773/28/53
f 2873/8024/53 773/28/53 2877/8022/51
f 2877/8022/51 773/28/53 777/26/51
f 2877/8022/51 777/26/51 2881/8020/49
f 2881/8020/49 777/26/51 781/24/49
f 2881/8020/49 781/24/49 2885/8018/47
f 2885/8018/47 781/24/49 785/22/47
f 2885/8018/47 785/22/47 2889/8015/45
f 2889/8015/45 785/22/47 789/20/45
f 2889/8015/45 789/20/45 2893/8013/43
f 2893/8013/43 789/20/45 793/18/43
f 2893/8013/43 793/18/43 2897/8010/41
f 2897/8010/41 793/18/43 797/16/41
f 2897/8010/41 797/16/41 2901/8008/39
f 2901/8008/39 797/16/41 801/14/39
f 2901/8008/39 801/14/39 2905/8005/37
f 2905/8005/37 801/14/39 805/12/37
f 2905/8005/37 805/12/37 2909/8003/35
f 2909/8003/35 805/12/37 809/9/35
f 2909/8003/35 809/9/35 2913/8001/33
f 2913/8001/33 809/9/35 813/5/33
f 2913/8001/33 813/5/33 2917/7999/31
f 2917/7999/31 813/5/33 817/2/31
f 2918/7996/31 818/1/31 2922/8106/28
f 2922/8106/28 818/1/31 822/112/28
f 2922/8106/28 822/112/28 2926/8104/26
f 2926/8104/26 822/112/28 826/111/26
f 2926/8104/26 826/111/26 2930/8103/24
f 2930/8103/24 826/111/26 830/109/24
f 2930/8103/24 830/109/24 2934/8100/22
f 2934/8100/22 830/109/24 834/106/22
f 2934/8100/22 834/106/22 2938/8098/20
f 2938/8098/20 834/106/22 838/104/20
f 2938/8098/20 838/104/20 2942/8095/18
f 2942/8095/18 838/104/20 842/102/18
f 2942/8095/18 842/102/18 2946/8093/16
f 2946/8093/16 842/102/18 846/100/16
f 2946/8093/16 846/100/16 2950/8090/14
f 2950/8090/14 846/100/16 850/98/14
f 2950/8090/14 850/98/14 2954/8088/12
f 2954/8088/12 850/98/14 854/96/12
f 2954/8088/12 854/96/12 2958/8084/10
f 2958/8084/10 854/96/12 858/93/10
f 2958/8084/10 858/93/10 2962/8082/8
f 2962/8082/8 858/93/10 862/91/8
f 2962/8082/8 862/91/8 2966/8080/6
f 2966/8080/6 862/91/8 866/89/6
f 2966/8080/6 866/89/6 2970/8078/4
f 2970/8078/4 866/89/6 870/87/4
f 2970/8078/4 870/87/4 2972/8076/3
f 2972/8076/3 870/87/4 872/85/3
f 2972/8076/3 872/85/3 2968/8074/5
f 2968/8074/5 872/85/3 868/83/5
f 2968/8074/5 868/83/5 2964/8071/7
f 2964/8071/7 868/83/5 864/80/7
f 2964/8071/7 864/80/7 2960/8069/9
f 2960/8069/9 864/80/7 860/78/9
f 2960/8069/9 860/78/9 2956/8067/11
f 2956/8067/11 860/78/9 856/76/11
f 2956/8067/11 856/76/11 2952/8065/13
f 2952/8065/13 856/76/11 852/73/13
f 2952/8065/13 852/73/13 2948/8063/15
f 2948/8063/15 852/73/13 848/71/15
f 2948/8063/15 848/71/15 2944/8061/17
f 2944/8061/17 848/71/15 844/69/17
f 2944/8061/17 844/69/17 2940/8059/19
f 2940/8059/19 844/69/17 840/67/19
f 2940/8059/19 840/67/19 2936/8057/21
f 2936/8057/21 840/67/19 836/65/21
f 2936/8057/21 836/65/21 2932/8055/23
f 2932/8055/23 836/65/21 832/63/23
f 2932/8055/23 832/63/23 2928/8053/25
f 2928/8053/25 832/63/23 828/60/25
f 2928/8053/25 828/60/25 2924/8051/27
f 2924/8051/27 828/60/25 824/57/27
f 2924/8051/27 824/57/27 2920/8048/30
f 2920/8048/30 824/57/27 820/54/30
f 2920/8048/30 820/54/30 2916/8046/32
f 2916/8046/32 820/54/30 816/51/32
f 2916/8046/32 816/51/32 2912/8044/34
f 2912/8044/34 816/51/32 812/49/34
f 2912/8044/34 812/49/34 2908/8042/36
f 2908/8042/36 812/49/34 808/47/36
f 2908/8042/36 808/47/36 2904/8040/38
f 2904/8040/38 808/47/36 804/45/38
f 2904/8040/38 804/45/38 2900/8038/40
f 2900/8038/40 804/45/38 800/43/40
f 2900/8038/40 800/43/40 2896/8036/42
f 2896/8036/42 800/43/40 796/41/42
f 2896/8036/42 796/41/42 2892/8034/44
f 2892/8034/44 796/41/42 792/38/44
f 2892/8034/44 792/38/44 2888/8032/46
f 2888/8032/46 792/38/44 788/36/46
f 2888/8032/46 788/36/46 2884/8030/48
f 2884/8030/48 788/36/46 784/34/48
f 2884/8030/48 784/34/48 2880/8028/50
f 2880/8028/50 784/34/48 780/32/50
f 2880/8028/50 780/32/50 2876/8026/52
f 2876/8026/52 780/32/50 776/30/52
f 2876/8026/52 776/30/52 2872/8024/55
f 2872/8024/55 776/30/52 772/28/55
f 2872/8024/55 772/28/55 2874/8022/53
f 2874/8022/53 772/28/55 774/26/53
f 2874/8022/53 774/26/53 2878/8020/51
f 2878/8020/51 774/26/53 778/24/51
f 2878/8020/51 778/24/51 2882/8018/49
f 2882/8018/49 778/24/51 782/22/49
f 2882/8018/49 782/22/49 2886/8015/47
f 2886/8015/47 782/22/49 786/20/47
f 2886/8015/47 786/20/47 2890/8013/45
f 2890/8013/45 786/20/47 790/18/45
f 2890/8013/45 790/18/45 2894/8010/43
f 2894/8010/43 790/18/45 794/16/43
f 2894/8010/43 794/16/43 2898/8008/41
f 2898/8008/41 794/16/43 798/14/41
f 2898/8008/41 798/14/41 2902/8005/39
f 2902/8005/39 798/14/41 802/12/39
f 2902/8005/39 802/12/39 2906/8003/37
f 2906/8003/37 802/12/39 806/9/37
f 2906/8003/37 806/9/37 2910/8001/35
f 2910/8001/35 806/9/37 810/5/35
f 2910/8001/35 810/5/35 2914/7999/33
f 2914/7999/33 810/5/35 814/2/33
f 2914/7999/33 814/2/33 2918/7996/31
f 2918/7996/31 814/2/33 818/1/31
f 2815/7999/31 715/2/31 2819/7996/28
f 2819/7996/28 715/2/31 719/112/28
f 2819/7996/28 719/112/28 2823/8104/26
f 2823/8104/26 719/112/28 723/111/26
f 2823/8104/26 723/111/26 2827/8103/24
f 2827/8103/24 723/111/26 727/109/24
f 2827/8103/24 727/109/24 2831/8101/22
f 2831/8101/22 727/109/24 731/107/22
f 2831/8101/22 731/107/22 2835/8099/20
f 2835/8099/20 731/107/22 735/105/20
f 2835/8099/20 735/105/20 2839/8096/18
f 2839/8096/18 735/105/20 739/103/18
f 2839/8096/18 739/103/18 2843/8094/16
f 2843/8094/16 739/103/18 743/101/16
f 2843/8094/16 743/101/16 2847/8091/14
f 2847/8091/14 743/101/16 747/99/14
f 2847/8091/14 747/99/14 2851/8089/12
f 2851/8089/12 747/99/14 751/97/12
f 2851/8089/12 751/97/12 2855/8085/10
f 2855/8085/10 751/97/12 755/94/10
f 2855/8085/10 755/94/10 2859/8083/8
f 2859/8083/8 755/94/10 759/92/8
f 2859/8083/8 759/92/8 2863/8081/6
f 2863/8081/6 759/92/8 763/90/6
f 2863/8081/6 763/90/6 2867/8079/4
f 2867/8079/4 763/90/6 767/88/4
f 2867/8079/4 767/88/4 2869/8077/3
f 2869/8077/3 767/88/4 769/86/3
f 2869/8077/3 769/86/3 2865/8075/5
f 2865/8075/5 769/86/3 765/84/5
f 2865/8075/5 765/84/5 2861/8072/7
f 2861/8072/7 765/84/5 761/81/7
f 2861/8072/7 761/81/7 2857/8070/9
f 2857/8070/9 761/81/7 757/79/9
f 2857/8070/9 757/79/9 2853/8068/11
f 2853/8068/11 757/79/9 753/77/11
f 2853/8068/11 753/77/11 2849/8066/13
f 2849/8066/13 753/77/11 749/74/13
f 2849/8066/13 749/74/13 2845/8064/15
f 2845/8064/15 749/74/13 745/72/15
f 2845/8064/15 745/72/15 2841/8062/17
f 2841/8062/17 745/72/15 741/70/17
f 2841/8062/17 741/70/17 2837/8060/19
f 2837/8060/19 741/70/17 737/68/19
f 2837/8060/19 737/68/19 2833/8058/21
f 2833/8058/21 737/68/19 733/66/21
f 2833/8058/21 733/66/21 2829/8056/23
f 2829/8056/23 733/66/21 729/64/23
f 2829/8056/23 729/64/23 2825/8054/25
f 2825/8054/25 729/64/23 725/61/25
f 2825/8054/25 725/61/25 2821/8052/27
f 2821/8052/27 725/61/25 721/59/27
f 2821/8052/27 721/59/27 2817/8049/30
f 2817/8049/30 721/59/27 717/55/30
f 2817/8049/30 717/55/30 2813/8047/32
f 2813/8047/32 717/55/30 713/53/32
f 2813/8047/32 713/53/32 2809/8045/34
f 2809/8045/34 713/53/32 709/50/34
f 2809/8045/34 709/50/34 2805/8043/36
f 2805/8043/36 709/50/34 705/48/36
f 2805/8043/36 705/48/36 2801/8041/38
f 2801/8041/38 705/48/36 701/46/38
f 2801/8041/38 701/46/38 2797/8039/40
f 2797/8039/40 701/46/38 697/44/40
f 2797/8039/40 697/44/40 2793/8037/42
f 2793/8037/42 697/44/40 693/42/42
f 2793/8037/42 693/42/42 2789/8035/44
f 2789/8035/44 693/42/42 689/40/44
f 2789/8035/44 689/40/44 2785/8033/46
f 2785/8033/46 689/40/44 685/37/46
f 2785/8033/46 685/37/46 2781/8031/48
f 2781/8031/48 685/37/46 681/35/48
f 2781/8031/48 681/35/48 2777/8029/50
f 2777/8029/50 681/35/48 677/33/50
f 2777/8029/50 677/33/50 2773/8027/52
f 2773/8027/52 677/33/50 673/31/52
f 2773/8027/52 673/31/52 2769/8025/55
f 2769/8025/55 673/31/52 669/29/55
f 2769/8025/55 669/29/55 2771/8023/53
f 2771/8023/53 669/29/55 671/27/53
f 2771/8023/53 671/27/53 2775/8021/51
f 2775/8021/51 671/27/53 675/25/51
f 2775/8021/51 675/25/51 2779/8019/49
f 2779/8019/49 675/25/51 679/23/49
f 2779/8019/49 679/23/49 2783/8017/47
f 2783/8017/47 679/23/49 683/21/47
f 2783/8017/47 683/21/47 2787/8014/45
f 2787/8014/45 683/21/47 687/19/45
f 2787/8014/45 687/19/45 2791/8012/43
f 2791/8012/43 687/19/45 691/17/43
f 2791/8012/43 691/17/43 2795/8009/41
f 2795/8009/41 691/17/43 695/15/41
f 2795/8009/41 695/15/41 2799/8007/39
f 2799/8007/39 695/15/41 699/13/39
f 2799/8007/39 699/13/39 2803/8004/37
f 2803/8004/37 699/13/39 703/11/37
f 2803/8004/37 703/11/37 2807/8002/35
f 2807/8002/35 703/11/37 707/8/35
f 2807/8002/35 707/8/35 2811/8001/33
f 2811/8001/33 707/8/35 711/5/33
f 2811/8001/33 711/5/33 2815/7999/31
f 2815/7999/31 711/5/33 715/2/31
f 2816/7999/31 716/2/31 2820/7996/28
f 2820/7996/28 716/2/31 720/112/28
f 2820/7996/28 720/112/28 2824/8104/26
f 2824/8104/26 720/112/28 724/111/26
f 2824/8104/26 724/111/26 2828/8103/24
f 2828/8103/24 724/111/26 728/109/24
f 2828/8103/24 728/109/24 2832/8101/22
f 2832/8101/22 728/109/24 732/107/22
f 2832/8101/22 732/107/22 2836/8099/20
f 2836/8099/20 732/107/22 736/105/20
f 2836/8099/20 736/105/20 2840/8096/18
f 2840/8096/18 736/105/20 740/103/18
f 2840/8096/18 740/103/18 2844/8094/16
f 2844/8094/16 740/103/18 744/101/16
f 2844/8094/16 744/101/16 2848/8091/14
f 2848/8091/14 744/101/16 748/99/14
f 2848/8091/14 748/99/14 2852/8089/12
f 2852/8089/12 748/99/14 752/97/12
f 2852/8089/12 752/97/12 2856/8085/10
f 2856/8085/10 752/97/12 756/94/10
f 2856/8085/10 756/94/10 2860/8083/8
f 2860/8083/8 756/94/10 760/92/8
f 2860/8083/8 760/92/8 2864/8081/6
f 2864/8081/6 760/92/8 764/90/6
f 2864/8081/6 764/90/6 2868/8079/4
f 2868/8079/4 764/90/6 768/88/4
f 2868/8079/4 768/88/4 2870/8077/3
f 2870/8077/3 768/88/4 770/86/3
f 2870/8077/3 770/86/3 2866/8075/5
f 2866/8075/5 770/86/3 766/84/5
f 2866/8075/5 766/84/5 2862/8072/7
f 2862/8072/7 766/84/5 762/81/7
f 2862/8072/7 762/81/7 2858/8070/9
f 2858/8070/9 762/81/7 758/79/9
f 2858/8070/9 758/79/9 2854/8068/11
f 2854/8068/11 758/79/9 754/77/11
f 2854/8068/11 754/77/11 2850/8066/13
f 2850/8066/13 754/77/11 750/74/13
f 2850/8066/13 750/74/13 2846/8064/15
f 2846/8064/15 750/74/13 746/72/15
f 2846/8064/15 746/72/15 2842/8062/17
f 2842/8062/17 746/72/15 742/70/17
f 2842/8062/17 742/70/17 2838/8060/19
f 2838/8060/19 742/70/17 738/68/19
f 2838/8060/19 738/68/19 2834/8058/21
f 2834/8058/21 738/68/19 734/66/21
f 2834/8058/21 734/66/21 2830/8056/23
f 2830/8056/23 734/66/21 730/64/23
f 2830/8056/23 730/64/23 2826/8054/25
f 2826/8054/25 730/64/23 726/61/25
f 2826/8054/25 726/61/25 2822/8052/27
f 2822/8052/27 726/61/25 722/59/27
f 2822/8052/27 722/59/27 2818/8049/30
f 2818/8049/30 722/59/27 718/55/30
f 2818/8049/30 718/55/30 2814/8047/32
f 2814/8047/32 718/55/30 714/53/32
f 2814/8047/32 714/53/32 2810/8045/34
f 2810/8045/34 714/53/32 710/50/34
f 2810/8045/34 710/50/34 2806/8043/36
f 2806/8043/36 710/50/34 706/48/36
f 2806/8043/36 706/48/36 2802/8041/38
f 2802/8041/38 706/48/36 702/46/38
f 2802/8041/38 702/46/38 2798/8039/40
f 2798/8039/40 702/46/38 698/44/40
f 2798/8039/40 698/44/40 2794/8037/42
f 2794/8037/42 698/44/40 694/42/42
f 2794/8037/42 694/42/42 2790/8035/44
f 2790/8035/44 694/42/42 690/40/44
f 2790/8035/44 690/40/44 2786/8033/46
f 2786/8033/46 690/40/44 686/37/46
f 2786/8033/46 686/37/46 2782/8031/48
f 2782/8031/48 686/37/46 682/35/48
f 2782/8031/48 682/35/48 2778/8029/50
f 2778/8029/50 682/35/48 678/33/50
f 2778/8029/50 678/33/50 2774/8027/52
f 2774/8027/52 678/33/50 674/31/52
f 2774/8027/52 674/31/52 2770/8025/55
f 2770/8025/55 674/31/52 670/29/55
f 2770/8025/55 670/29/55 2772/8023/53
f 2772/8023/53 670/29/55 672/27/53
f 2772/8023/53 672/27/53 2776/8021/51
f 2776/8021/51 672/27/53 676/25/51
f 2776/8021/51 676/25/51 2780/8019/49
f 2780/8019/49 676/25/51 680/23/49
f 2780/8019/49 680/23/49 2784/8017/47
f 2784/8017/47 680/23/49 684/21/47
f 2784/8017/47 684/21/47 2788/8014/45
f 2788/8014/45 684/21/47 688/19/45
f 2788/8014/45 688/19/45 2792/8012/43
f 2792/8012/43 688/19/45 692/17/43
f 2792/8012/43 692/17/43 2796/8009/41
f 2796/8009/41 692/17/43 696/15/41
f 2796/8009/41 696/15/41 2800/8007/39
f 2800/8007/39 696/15/41 700/13/39
f 2800/8007/39 700/13/39 2804/8004/37
f 2804/8004/37 700/13/39 704/11/37
f 2804/8004/37 704/11/37 2808/8002/35
f 2808/8002/35 704/11/37 708/8/35
f 2808/8002/35 708/8/35 2812/8001/33
f 2812/8001/33 708/8/35 712/5/33
f 2812/8001/33 712/5/33 2816/7999/31
f 2816/7999/31 712/5/33 716/2/31
f 2713/7999/31 613/2/31 2717/7996/28
f 2717/7996/28 613/2/31 617/112/28
f 2717/7996/28 617/112/28 2721/8104/26
f 2721/8104/26 617/112/28 621/111/26
f 2721/8104/26 621/111/26 2725/8103/24
f 2725/8103/24 621/111/26 625/109/24
f 2725/8103/24 625/109/24 2729/8101/22
f 2729/8101/22 625/109/24 629/107/22
f 2729/8101/22 629/107/22 2733/8099/20
f 2733/8099/20 629/107/22 633/105/20
f 2733/8099/20 633/105/20 2737/8096/18
f 2737/8096/18 633/105/20 637/103/18
f 2737/8096/18 637/103/18 2741/8094/16
f 2741/8094/16 637/103/18 641/101/16
f 2741/8094/16 641/101/16 2745/8091/14
f 2745/8091/14 641/101/16 645/99/14
f 2745/8091/14 645/99/14 2749/8089/12
f 2749/8089/12 645/99/14 649/97/12
f 2749/8089/12 649/97/12 2753/8085/10
f 2753/8085/10 649/97/12 653/94/10
f 2753/8085/10 653/94/10 2757/8083/8
f 2757/8083/8 653/94/10 657/92/8
f 2757/8083/8 657/92/8 2761/8081/6
f 2761/8081/6 657/92/8 661/90/6
f 2761/8081/6 661/90/6 2765/8079/4
f 2765/8079/4 661/90/6 665/88/4
f 2765/8079/4 665/88/4 2767/8077/3
f 2767/8077/3 665/88/4 667/86/3
f 2767/8077/3 667/86/3 2763/8075/5
f 2763/8075/5 667/86/3 663/84/5
f 2763/8075/5 663/84/5 2759/8072/7
f 2759/8072/7 663/84/5 659/81/7
f 2759/8072/7 659/81/7 2755/8070/9
f 2755/8070/9 659/81/7 655/79/9
f 2755/8070/9 655/79/9 2751/8068/11
f 2751/8068/11 655/79/9 651/77/11
f 2751/8068/11 651/77/11 2747/8066/13
f 2747/8066/13 651/77/11 647/74/13
f 2747/8066/13 647/74/13 2743/8064/15
f 2743/8064/15 647/74/13 643/72/15
f 2743/8064/15 643/72/15 2739/8062/17
f 2739/8062/17 643/72/15 639/70/17
f 2739/8062/17 639/70/17 2735/8060/19
f 2735/8060/19 639/70/17 635/68/19
f 2735/8060/19 635/68/19 2731/8058/21
f 2731/8058/21 635/68/19 631/66/21
f 2731/8058/21 631/66/21 2727/8056/23
f 2727/8056/23 631/66/21 627/64/23
f 2727/8056/23 627/64/23 2723/8054/25
f 2723/8054/25 627/64/23 623/61/25
f 2723/8054/25 623/61/25 2719/8052/27
f 2719/8052/27 623/61/25 619/59/27
f 2719/8052/27 619/59/27 2715/8049/30
f 2715/8049/30 619/59/27 615/55/30
f 2715/8049/30 615/55/30 2711/8047/32
f 2711/8047/32 615/55/30 611/53/32
f 2711/8047/32 611/53/32 2707/8045/34
f 2707/8045/34 611/53/32 607/50/34
f 2707/8045/34 607/50/34 2703/8043/36
f 2703/8043/36 607/50/34 603/48/36
f 2703/8043/36 603/48/36 2699/8041/38
f 2699/8041/38 603/48/36 599/46/38
f 2699/8041/38 599/46/38 2695/8039/40
f 2695/8039/40 599/46/38 595/44/40
f 2695/8039/40 595/44/40 2691/8037/42
f 2691/8037/42 595/44/40 591/42/42
f 2691/8037/42 591/42/42 2687/8035/44
f 2687/8035/44 591/42/42 587/40/44
f 2687/8035/44 587/40/44 2683/8033/46
f 2683/8033/46 587/40/44 583/37/46
f 2683/8033/46 583/37/46 2679/8031/48
f 2679/8031/48 583/37/46 579/35/48
f 2679/8031/48 579/35/48 2675/8029/50
f 2675/8029/50 579/35/48 575/33/50
f 2675/8029/50 575/33/50 2671/8027/52
f 2671/8027/52 575/33/50 571/31/52
f 2671/8027/52 571/31/52 2667/8025/55
f 2667/8025/55 571/31/52 567/29/55
f 2667/8025/55 567/29/55 2669/8023/53
f 2669/8023/53 567/29/55 569/27/53
f 2669/8023/53 569/27/53 2673/8021/51
f 2673/8021/51 569/27/53 573/25/51
f 2673/8021/51 573/25/51 2677/8019/49
f 2677/8019/49 573/25/51 577/23/49
f 2677/8019/49 577/23/49 2681/8017/47
f 2681/8017/47 577/23/49 581/21/47
f 2681/8017/47 581/21/47 2685/8014/45
f 2685/8014/45 581/21/47 585/19/45
f 2685/8014/45 585/19/45 2689/8012/43
f 2689/8012/43 585/19/45 589/17/43
f 2689/8012/43 589/17/43 2693/8009/41
f 2693/8009/41 589/17/43 593/15/41
f 2693/8009/41 593/15/41 2697/8007/39
f 2697/8007/39 593/15/41 597/13/39
f 2697/8007/39 597/13/39 2701/8004/37
f 2701/8004/37 597/13/39 601/11/37
f 2701/8004/37 601/11/37 2705/8002/35
f 2705/8002/35 601/11/37 605/8/35
f 2705/8002/35 605/8/35 2709/8001/33
f 2709/8001/33 605/8/35 609/5/33
f 2709/8001/33 609/5/33 2713/7999/31
f 2713/7999/31 609/5/33 613/2/31
f 2714/7996/31 614/1/31 2718/8106/28
f 2718/8106/28 614/1/31 618/112/28
f 2718/8106/28 618/112/28 2722/8104/26
f 2722/8104/26 618/112/28 622/111/26
f 2722/8104/26 622/111/26 2726/8103/24
f 2726/8103/24 622/111/26 626/109/24
f 2726/8103/24 626/109/24 2730/8100/22
f 2730/8100/22 626/109/24 630/106/22
f 2730/8100/22 630/106/22 2734/8098/20
f 2734/8098/20 630/106/22 634/104/20
f 2734/8098/20 634/104/20 2738/8095/18
f 2738/8095/18 634/104/20 638/102/18
f 2738/8095/18 638/102/18 2742/8093/16
f 2742/8093/16 638/102/18 642/100/16
f 2742/8093/16 642/100/16 2746/8090/14
f 2746/8090/14 642/100/16 646/98/14
f 2746/8090/14 646/98/14 2750/8088/12
f 2750/8088/12 646/98/14 650/96/12
f 2750/8088/12 650/96/12 2754/8084/10
f 2754/8084/10 650/96/12 654/93/10
f 2754/8084/10 654/93/10 2758/8082/8
f 2758/8082/8 654/93/10 658/91/8
f 2758/8082/8 658/91/8 2762/8080/6
f 2762/8080/6 658/91/8 662/89/6
f 2762/8080/6 662/89/6 2766/8078/4
f 2766/8078/4 662/89/6 666/87/4
f 2766/8078/4 666/87/4 2768/8076/3
f 2768/8076/3 666/87/4 668/85/3
f 2768/8076/3 668/85/3 2764/8074/5
f 2764/8074/5 668/85/3 664/83/5
f 2764/8074/5 664/83/5 2760/8071/7
f 2760/8071/7 664/83/5 660/80/7
f 2760/8071/7 660/80/7 2756/8069/9
f 2756/8069/9 660/80/7 656/78/9
f 2756/8069/9 656/78/9 2752/8067/11
f 2752/8067/11 656/78/9 652/76/11
f 2752/8067/11 652/76/11 2748/8065/13
f 2748/8065/13 652/76/11 648/73/13
f 2748/8065/13 648/73/13 2744/8063/15
f 2744/8063/15 648/73/13 644/71/15
f 2744/8063/15 644/71/15 2740/8061/17
f 2740/8061/17 644/71/15 640/69/17
f 2740/8061/17 640/69/17 2736/8059/19
f 2736/8059/19 640/69/17 636/67/19
f 2736/8059/19 636/67/19 2732/8057/21
f 2732/8057/21 636/67/19 632/65/21
f 2732/8057/21 632/65/21 2728/8055/23
f 2728/8055/23 632/65/21 628/63/23
f 2728/8055/23 628/63/23 2724/8053/25
f 2724/8053/25 628/63/23 624/60/25
f 2724/8053/25 624/60/25 2720/8051/27
f 2720/8051/27 624/60/25 620/57/27
f 2720/8051/27 620/57/27 2716/8048/30
f 2716/8048/30 620/57/27 616/54/30
f 2716/8048/30 616/54/30 2712/8046/32
f 2712/8046/32 616/54/30 612/51/32
f 2712/8046/32 612/51/32 2708/8044/34
f 2708/8044/34 612/51/32 608/49/34
f 2708/8044/34 608/49/34 2704/8042/36
f 2704/8042/36 608/49/34 604/47/36
f 2704/8042/36 604/47/36 2700/8040/38
f 2700/8040/38 604/47/36 600/45/38
f 2700/8040/38 600/45/38 2696/8038/40
f 2696/8038/40 600/45/38 596/43/40
f 2696/8038/40 596/43/40 2692/8036/42
f 2692/8036/42 596/43/40 592/41/42
f 2692/8036/42 592/41/42 2688/8034/44
f 2688/8034/44 592/41/42 588/38/44
f 2688/8034/44 588/38/44 2684/8032/46
f 2684/8032/46 588/38/44 584/36/46
f 2684/8032/46 584/36/46 2680/8030/48
f 2680/8030/48 584/36/46 580/34/48
f 2680/8030/48 580/34/48 2676/8028/50
f 2676/8028/50 580/34/48 576/32/50
f 2676/8028/50 576/32/50 2672/8026/52
f 2672/8026/52 576/32/50 572/30/52
f 2672/8026/52 572/30/52 2668/8024/55
f 2668/8024/55 572/30/52 568/28/55
f 2668/8024/55 568/28/55 2670/8022/53
f 2670/8022/53 568/28/55 570/26/53
f 2670/8022/53 570/26/53 2674/8020/51
f 2674/8020/51 570/26/53 574/24/51
f 2674/8020/51 574/24/51 2678/8018/49
f 2678/8018/49 574/24/51 578/22/49
f 2678/8018/49 578/22/49 2682/8015/47
f 2682/8015/47 578/22/49 582/20/47
f 2682/8015/47 582/20/47 2686/8013/45
f 2686/8013/45 582/20/47 586/18/45
f 2686/8013/45 586/18/45 2690/8010/43
f 2690/8010/43 586/18/45 590/16/43
f 2690/8010/43 590/16/43 2694/8008/41
f 2694/8008/41 590/16/43 594/14/41
f 2694/8008/41 594/14/41 2698/8005/39
f 2698/8005/39 594/14/41 598/12/39
f 2698/8005/39 598/12/39 2702/8003/37
f 2702/8003/37 598/12/39 602/9/37
f 2702/8003/37 602/9/37 2706/8001/35
f 2706/8001/35 602/9/37 606/5/35
f 2706/8001/35 606/5/35 2710/7999/33
f 2710/7999/33 606/5/35 610/2/33
f 2710/7999/33 610/2/33 2714/7996/31
f 2714/7996/31 610/2/33 614/1/31
f 2611/7999/31 511/2/31 2615/7996/28
f 2615/7996/28 511/2/31 515/112/28
f 2615/7996/28 515/112/28 2619/8104/26
f 2619/8104/26 515/112/28 519/111/26
f 2619/8104/26 519/111/26 2623/8103/24
f 2623/8103/24 519/111/26 523/109/24
f 2623/8103/24 523/109/24 2627/8101/22
f 2627/8101/22 523/109/24 527/107/22
f 2627/8101/22 527/107/22 2631/8099/20
f 2631/8099/20 527/107/22 531/105/20
f 2631/8099/20 531/105/20 2635/8096/18
f 2635/8096/18 531/105/20 535/103/18
f 2635/8096/18 535/103/18 2639/8094/16
f 2639/8094/16 535/103/18 539/101/16
f 2639/8094/16 539/101/16 2643/8091/14
f 2643/8091/14 539/101/16 543/99/14
f 2643/8091/14 543/99/14 2647/8089/12
f 2647/8089/12 543/99/14 547/97/12
f 2647/8089/12 547/97/12 2651/8085/10
f 2651/8085/10 547/97/12 551/94/10
f 2651/8085/10 551/94/10 2655/8083/8
f 2655/8083/8 551/94/10 555/92/8
f 2655/8083/8 555/92/8 2659/8081/6
f 2659/8081/6 555/92/8 559/90/6
f 2659/8081/6 559/90/6 2663/8079/4
f 2663/8079/4 559/90/6 563/88/4
f 2663/8079/4 563/88/4 2665/8077/3
f 2665/8077/3 563/88/4 565/86/3
f 2665/8077/3 565/86/3 2661/8075/5
f 2661/8075/5 565/86/3 561/84/5
f 2661/8075/5 561/84/5 2657/8072/7
f 2657/8072/7 561/84/5 557/81/7
f 2657/8072/7 557/81/7 2653/8070/9
f 2653/8070/9 557/81/7 553/79/9
f 2653/8070/9 553/79/9 2649/8068/11
f 2649/8068/11 553/79/9 549/77/11
f 2649/8068/11 549/77/11 2645/8066/13
f 2645/8066/13 549/77/11 545/74/13
f 2645/8066/13 545/74/13 2641/8064/15
f 2641/8064/15 545/74/13 541/72/15
f 2641/8064/15 541/72/15 2637/8062/17
f 2637/8062/17 541/72/15 537/70/17
f 2637/8062/17 537/70/17 2633/8060/19
f 2633/8060/19 537/70/17 533/68/19
f 2633/8060/19 533/68/19 2629/8058/21
f 2629/8058/21 533/68/19 529/66/21
f 2629/8058/21 529/66/21 2625/8056/23
f 2625/8056/23 529/66/21 525/64/23
f 2625/8056/23 525/64/23 2621/8054/25
f 2621/8054/25 525/64/23 521/61/25
f 2621/8054/25 521/61/25 2617/8052/27
f 2617/8052/27 521/61/25 517/59/27
f 2617/8052/27 517/59/27 2613/8049/30
f 2613/8049/30 517/59/27 513/55/30
f 2613/8049/30 513/55/30 2609/8047/32
f 2609/8047/32 513/55/30 509/53/32
f 2609/8047/32 509/53/32 2605/8045/34
f 2605/8045/34 509/53/32 505/50/34
f 2605/8045/34 505/50/34 2601/8043/36
f 2601/8043/36 505/50/34 501/48/36
f 2601/8043/36 501/48/36 2597/8041/38
f 2597/8041/38 501/48/36 497/46/38
f 2597/8041/38 497/46/38 2593/8039/40
f 2593/8039/40 497/46/38 493/44/40
f 2593/8039/40 493/44/40 2589/8037/42
f 2589/8037/42 493/44/40 489/42/42
f 2589/8037/42 489/42/42 2585/8035/44
f 2585/8035/44 489/42/42 485/40/44
f 2585/8035/44 485/40/44 2581/8033/46
f 2581/8033/46 485/40/44 481/37/46
f 2581/8033/46 481/37/46 2577/8031/48
f 2577/8031/48 481/37/46 477/35/48
f 2577/8031/48 477/35/48 2573/8029/50
f 2573/8029/50 477/35/48 473/33/50
f 2573/8029/50 473/33/50 2569/8027/52
f 2569/8027/52 473/33/50 469/31/52
f 2569/8027/52 469/31/52 2565/8025/55
f 2565/8025/55 469/31/52 465/29/55
f 2565/8025/55 465/29/55 2567/8023/53
f 2567/8023/53 465/29/55 467/27/53
f 2567/8023/53 467/27/53 2571/8021/51
f 2571/8021/51 467/27/53 471/25/51
f 2571/8021/51 471/25/51 2575/8019/49
f 2575/8019/49 471/25/51 475/23/49
f 2575/8019/49 475/23/49 2579/8017/47
f 2579/8017/47 475/23/49 479/21/47
f 2579/8017/47 479/21/47 2583/8014/45
f 2583/8014/45 479/21/47 483/19/45
f 2583/8014/45 483/19/45 2587/8012/43
f 2587/8012/43 483/19/45 487/17/43
f 2587/8012/43 487/17/43 2591/8009/41
f 2591/8009/41 487/17/43 491/15/41
f 2591/8009/41 491/15/41 2595/8007/39
f 2595/8007/39 491/15/41 495/13/39
f 2595/8007/39 495/13/39 2599/8004/37
f 2599/8004/37 495/13/39 499/11/37
f 2599/8004/37 499/11/37 2603/8002/35
f 2603/8002/35 499/11/37 503/8/35
f 2603/8002/35 503/8/35 2607/8001/33
f 2607/8001/33 503/8/35 507/5/33
f 2607/8001/33 507/5/33 2611/7999/31
f 2611/7999/31 507/5/33 511/2/31
f 2612/7999/31 512/2/31 2616/7996/28
f 2616/7996/28 512/2/31 516/112/28
f 2616/7996/28 516/112/28 2620/8104/26
f 2620/8104/26 516/112/28 520/111/26
f 2620/8104/26 520/111/26 2624/8103/24
f 2624/8103/24 520/111/26 524/109/24
f 2624/8103/24 524/109/24 2628/8101/22
f 2628/8101/22 524/109/24 528/107/22
f 2628/8101/22 528/107/22 2632/8099/20
f 2632/8099/20 528/107/22 532/105/20
f 2632/8099/20 532/105/20 2636/8096/18
f 2636/8096/18 532/105/20 536/103/18
f 2636/8096/18 536/103/18 2640/8094/16
f 2640/8094/16 536/103/18 540/101/16
f 2640/8094/16 540/101/16 2644/8091/14
f 2644/8091/14 540/101/16 544/99/14
f 2644/8091/14 544/99/14 2648/8089/12
f 2648/8089/12 544/99/14 548/97/12
f 2648/8089/12 548/97/12 2652/8085/10
f 2652/8085/10 548/97/12 552/94/10
f 2652/8085/10 552/94/10 2656/8083/8
f 2656/8083/8 552/94/10 556/92/8
f 2656/8083/8 556/92/8 2660/8081/6
f 2660/8081/6 556/92/8 560/90/6
f 2660/8081/6 560/90/6 2664/8079/4
f 2664/8079/4 560/90/6 564/88/4
f 2664/8079/4 564/88/4 2666/8077/3
f 2666/8077/3 564/88/4 566/86/3
f 2666/8077/3 566/86/3 2662/8075/5
f 2662/8075/5 566/86/3 562/84/5
f 2662/8075/5 562/84/5 2658/8072/7
f 2658/8072/7 562/84/5 558/81/7
f 2658/8072/7 558/81/7 2654/8070/9
f 2654/8070/9 558/81/7 554/79/9
f 2654/8070/9 554/79/9 2650/8068/11
f 2650/8068/11 554/79/9 550/77/11
f 2650/8068/11 550/77/11 2646/8066/13
f 2646/8066/13 550/77/11 546/74/13
f 2646/8066/13 546/74/13 2642/8064/15
f 2642/8064/15 546/74/13 542/72/15
f 2642/8064/15 542/72/15 2638/8062/17
f 2638/8062/17 542/72/15 538/70/17
f 2638/8062/17 538/70/17 2634/8060/19
f 2634/8060/19 538/70/17 534/68/19
f 2634/8060/19 534/68/19 2630/8058/21
f 2630/8058/21 534/68/19 530/66/21
f 2630/8058/21 530/66/21 2626/8056/23
f 2626/8056/23 530/66/21 526/64/23
f 2626/8056/23 526/64/23 2622/8054/25
f 2622/8054/25 526/64/23 522/61/25
f 2622/8054/25 522/61/25 2618/8052/27
f 2618/8052/27 522/61/25 518/59/27
f 2618/8052/27 518/59/27 2614/8049/30
f 2614/8049/30 518/59/27 514/55/30
f 2614/8049/30 514/55/30 2610/8047/32
f 2610/8047/32 514/55/30 510/53/32
f 2610/8047/32 510/53/32 2606/8045/34
f 2606/8045/34 510/53/32 506/50/34
f 2606/8045/34 506/50/34 2602/8043/36
f 2602/8043/36 506/50/34 502/48/36
f 2602/8043/36 502/48/36 2598/8041/38
f 2598/8041/38 502/48/36 498/46/38
f 2598/8041/38 498/46/38 2594/8039/40
f 2594/8039/40 498/46/38 494/44/40
f 2594/8039/40 494/44/40 2590/8037/42
f 2590/8037/42 494/44/40 490/42/42
f 2590/8037/42 490/42/42 2586/8035/44
f 2586/8035/44 490/42/42 486/40/44
f 2586/8035/44 486/40/44 2582/8033/46
f 2582/8033/46 486/40/44 482/37/46
f 2582/8033/46 482/37/46 2578/8031/48
f 2578/8031/48 482/37/46 478/35/48
f 2578/8031/48 478/35/48 2574/8029/50
f 2574/8029/50 478/35/48 474/33/50
f 2574/8029/50 474/33/50 2570/8027/52
f 2570/8027/52 474/33/50 470/31/52
f 2570/8027/52 470/31/52 2566/8025/55
f 2566/8025/55 470/31/52 466/29/55
f 2566/8025/55 466/29/55 2568/8023/53
f 2568/8023/53 466/29/55 468/27/53
f 2568/8023/53 468/27/53 2572/8021/51
f 2572/8021/51 468/27/53 472/25/51
f 2572/8021/51 472/25/51 2576/8019/49
f 2576/8019/49 472/25/51 476/23/49
f 2576/8019/49 476/23/49 2580/8017/47
f 2580/8017/47 476/23/49 480/21/47
f 2580/8017/47 480/21/47 2584/8014/45
f 2584/8014/45 480/21/47 484/19/45
f 2584/8014/45 484/19/45 2588/8012/43
f 2588/8012/43 484/19/45 488/17/43
f 2588/8012/43 488/17/43 2592/8009/41
f 2592/8009/41 488/17/43 492/15/41
f 2592/8009/41 492/15/41 2596/8007/39
f 2596/8007/39 492/15/41 496/13/39
f 2596/8007/39 496/13/39 2600/8004/37
f 2600/8004/37 496/13/39 500/11/37
f 2600/8004/37 500/11/37 2604/8002/35
f 2604/8002/35 500/11/37 504/8/35
f 2604/8002/35 504/8/35 2608/8001/33
f 2608/8001/33 504/8/35 508/5/33
f 2608/8001/33 508/5/33 2612/7999/31
f 2612/7999/31 508/5/33 512/2/31
f 2509/7999/31 409/2/31 2513/7996/28
f 2513/7996/28 409/2/31 413/112/28
f 2513/7996/28 413/112/28 2517/8104/26
f 2517/8104/26 413/112/28 417/111/26
f 2517/8104/26 417/111/26 2521/8103/24
f 2521/8103/24 417/111/26 421/109/24
f 2521/8103/24 421/109/24 2525/8101/22
f 2525/8101/22 421/109/24 425/107/22
f 2525/8101/22 425/107/22 2529/8099/20
f 2529/8099/20 425/107/22 429/105/20
f 2529/8099/20 429/105/20 2533/8096/18
f 2533/8096/18 429/105/20 433/103/18
f 2533/8096/18 433/103/18 2537/8094/16
f 2537/8094/16 433/103/18 437/101/16
f 2537/8094/16 437/101/16 2541/8091/14
f 2541/8091/14 437/101/16 441/99/14
f 2541/8091/14 441/99/14 2545/8089/12
f 2545/8089/12 441/99/14 445/97/12
f 2545/8089/12 445/97/12 2549/8085/10
f 2549/8085/10 445/97/12 449/94/10
f 2549/8085/10 449/94/10 2553/8083/8
f 2553/8083/8 449/94/10 453/92/8
f 2553/8083/8 453/92/8 2557/8081/6
f 2557/8081/6 453/92/8 457/90/6
f 2557/8081/6 457/90/6 2561/8079/4
f 2561/8079/4 457/90/6 461/88/4
f 2561/8079/4 461/88/4 2563/8077/3
f 2563/8077/3 461/88/4 463/86/3
f 2563/8077/3 463/86/3 2559/8075/5
f 2559/8075/5 463/86/3 459/84/5
f 2559/8075/5 459/84/5 2555/8072/7
f 2555/8072/7 459/84/5 455/81/7
f 2555/8072/7 455/81/7 2551/8070/9
f 2551/8070/9 455/81/7 451/79/9
f 2551/8070/9 451/79/9 2547/8068/11
f 2547/8068/11 451/79/9 447/77/11
f 2547/8068/11 447/77/11 2543/8066/13
f 2543/8066/13 447/77/11 443/74/13
f 2543/8066/13 443/74/13 2539/8064/15
f 2539/8064/15 443/74/13 439/72/15
f 2539/8064/15 439/72/15 2535/8062/17
f 2535/8062/17 439/72/15 435/70/17
f 2535/8062/17 435/70/17 2531/8060/19
f 2531/8060/19 435/70/17 431/68/19
f 2531/8060/19 431/68/19 2527/8058/21
f 2527/8058/21 431/68/19 427/66/21
f 2527/8058/21 427/66/21 2523/8056/23
f 2523/8056/23 427/66/21 423/64/23
f 2523/8056/23 423/64/23 2519/8054/25
f 2519/8054/25 423/64/23 419/61/25
f 2519/8054/25 419/61/25 2515/8052/27
f 2515/8052/27 419/61/25 415/59/27
f 2515/8052/27 415/59/27 2511/8049/30
f 2511/8049/30 415/59/27 411/55/30
f 2511/8049/30 411/55/30 2507/8047/32
f 2507/8047/32 411/55/30 407/53/32
f 2507/8047/32 407/53/32 2503/8045/34
f 2503/8045/34 407/53/32 403/50/34
f 2503/8045/34 403/50/34 2499/8043/36
f 2499/8043/36 403/50/34 399/48/36
f 2499/8043/36 399/48/36 2495/8041/38
f 2495/8041/38 399/48/36 395/46/38
f 2495/8041/38 395/46/38 2491/8039/40
f 2491/8039/40 395/46/38 391/44/40
f 2491/8039/40 391/44/40 2487/8037/42
f 2487/8037/42 391/44/40 387/42/42
f 2487/8037/42 387/42/42 2483/8035/44
f 2483/8035/44 387/42/42 383/40/44
f 2483/8035/44 383/40/44 2479/8033/46
f 2479/8033/46 383/40/44 379/37/46
f 2479/8033/46 379/37/46 2475/8031/48
f 2475/8031/48 379/37/46 375/35/48
f 2475/8031/48 375/35/48 2471/8029/50
f 2471/8029/50 375/35/48 371/33/50
f 2471/8029/50 371/33/50 2467/8027/52
f 2467/8027/52 371/33/50 367/31/52
f 2467/8027/52 367/31/52 2463/8025/55
f 2463/8025/55 367/31/52 363/29/55
f 2463/8025/55 363/29/55 2465/8023/53
f 2465/8023/53 363/29/55 365/27/53
f 2465/8023/53 365/27/53 2469/8021/51
f 2469/8021/51 365/27/53 369/25/51
f 2469/8021/51 369/25/51 2473/8019/49
f 2473/8019/49 369/25/51 373/23/49
f 2473/8019/49 373/23/49 2477/8017/47
f 2477/8017/47 373/23/49 377/21/47
f 2477/8017/47 377/21/47 2481/8014/45
f 2481/8014/45 377/21/47 381/19/45
f 2481/8014/45 381/19/45 2485/8012/43
f 2485/8012/43 381/19/45 385/17/43
f 2485/8012/43 385/17/43 2489/8009/41
f 2489/8009/41 385/17/43 389/15/41
f 2489/8009/41 389/15/41 2493/8007/39
f 2493/8007/39 389/15/41 393/13/39
f 2493/8007/39 393/13/39 2497/8004/37
f 2497/8004/37 393/13/39 397/11/37
f 2497/8004/37 397/11/37 2501/8002/35
f 2501/8002/35 397/11/37 401/8/35
f 2501/8002/35 401/8/35 2505/8001/33
f 2505/8001/33 401/8/35 405/5/33
f 2505/8001/33 405/5/33 2509/7999/31
f 2509/7999/31 405/5/33 409/2/31
f 2510/7999/31 410/2/31 2514/7996/28
f 2514/7996/28 410/2/31 414/112/28
f 2514/7996/28 414/112/28 2518/8104/26
f 2518/8104/26 414/112/28 418/111/26
f 2518/8104/26 418/111/26 2522/8103/24
f 2522/8103/24 418/111/26 422/109/24
f 2522/8103/24 422/109/24 2526/8101/22
f 2526/8101/22 422/109/24 426/107/22
f 2526/8101/22 426/107/22 2530/8099/20
f 2530/8099/20 426/107/22 430/105/20
f 2530/8099/20 430/105/20 2534/8096/18
f 2534/8096/18 430/105/20 434/103/18
f 2534/8096/18 434/103/18 2538/8094/16
f 2538/8094/16 434/103/18 438/101/16
f 2538/8094/16 438/101/16 2542/8091/14
f 2542/8091/14 438/101/16 442/99/14
f 2542/8091/14 442/99/14 2546/8089/12
f 2546/8089/12 442/99/14 446/97/12
f 2546/8089/12 446/97/12 2550/8085/10
f 2550/8085/10 446/97/12 450/94/10
f 2550/8085/10 450/94/10 2554/8083/8
f 2554/8083/8 450/94/10 454/92/8
f 2554/8083/8 454/92/8 2558/8081/6
f 2558/8081/6 454/92/8 458/90/6
f 2558/8081/6 458/90/6 2562/8079/4
f 2562/8079/4 458/90/6 462/88/4
f 2562/8079/4 462/88/4 2564/8077/3
f 2564/8077/3 462/88/4 464/86/3
f 2564/8077/3 464/86/3 2560/8075/5
f 2560/8075/5 464/86/3 460/84/5
f 2560/8075/5 460/84/5 2556/8072/7
f 2556/8072/7 460/84/5 456/81/7
f 2556/8072/7 456/81/7 2552/8070/9
f 2552/8070/9 456/81/7 452/79/9
f 2552/8070/9 452/79/9 2548/8068/11
f 2548/8068/11 452/79/9 448/77/11
f 2548/8068/11 448/77/11 2544/8066/13
f 2544/8066/13 448/77/11 444/74/13
f 2544/8066/13 444/74/13 2540/8064/15
f 2540/8064/15 444/74/13 440/72/15
f 2540/8064/15 440/72/15 2536/8062/17
f 2536/8062/17 440/72/15 436/70/17
f 2536/8062/17 436/70/17 2532/8060/19
f 2532/8060/19 436/70/17 432/68/19
f 2532/8060/19 432/68/19 2528/8058/21
f 2528/8058/21 432/68/19 428/66/21
f 2528/8058/21 428/66/21 2524/8056/23
f 2524/8056/23 428/66/21 424/64/23
f 2524/8056/23 424/64/23 2520/8054/25
f 2520/8054/25 424/64/23 420/61/25
f 2520/8054/25 420/61/25 2516/8052/27
f 2516/8052/27 420/61/25 416/59/27
f 2516/8052/27 416/59/27 2512/8049/30
f 2512/8049/30 416/59/27 412/55/30
f 2512/8049/30 412/55/30 2508/8047/32
f 2508/8047/32 412/55/30 408/53/32
f 2508/8047/32 408/53/32 2504/8045/34
f 2504/8045/34 408/53/32 404/50/34
f 2504/8045/34 404/50/34 2500/8043/36
f 2500/8043/36 404/50/34 400/48/36
f 2500/8043/36 400/48/36 2496/8041/38
f 2496/8041/38 400/48/36 396/46/38
f 2496/8041/38 396/46/38 2492/8039/40
f 2492/8039/40 396/46/38 392/44/40
f 2492/8039/40 392/44/40 2488/8037/42
f 2488/8037/42 392/44/40 388/42/42
f 2488/8037/42 388/42/42 2484/8035/44
f 2484/8035/44 388/42/42 384/40/44
f 2484/8035/44 384/40/44 2480/8033/46
f 2480/8033/46 384/40/44 380/37/46
f 2480/8033/46 380/37/46 2476/8031/48
f 2476/8031/48 380/37/46 376/35/48
f 2476/8031/48 376/35/48 2472/8029/50
f 2472/8029/50 376/35/48 372/33/50
f 2472/8029/50 372/33/50 2468/8027/52
f 2468/8027/52 372/33/50 368/31/52
f 2468/8027/52 368/31/52 2464/8025/55
f 2464/8025/55 368/31/52 364/29/55
f 2464/8025/55 364/29/55 2466/8023/53
f 2466/8023/53 364/29/55 366/27/53
f 2466/8023/53 366/27/53 2470/8021/51
f 2470/8021/51 366/27/53 370/25/51
f 2470/8021/51 370/25/51 2474/8019/49
f 2474/8019/49 370/25/51 374/23/49
f 2474/8019/49 374/23/49 2478/8017/47
f 2478/8017/47 374/23/49 378/21/47
f 2478/8017/47 378/21/47 2482/8014/45
f 2482/8014/45 378/21/47 382/19/45
f 2482/8014/45 382/19/45 2486/8012/43
f 2486/8012/43 382/19/45 386/17/43
f 2486/8012/43 386/17/43 2490/8009/41
f 2490/8009/41 386/17/43 390/15/41
f 2490/8009/41 390/15/41 2494/8007/39
f 2494/8007/39 390/15/41 394/13/39
f 2494/8007/39 394/13/39 2498/8004/37
f 2498/8004/37 394/13/39 398/11/37
f 2498/8004/37 398/11/37 2502/8002/35
f 2502/8002/35 398/11/37 402/8/35
f 2502/8002/35 402/8/35 2506/8001/33
f 2506/8001/33 402/8/35 406/5/33
f 2506/8001/33 406/5/33 2510/7999/31
f 2510/7999/31 406/5/33 410/2/31
f 106/7996/29 53/1/29 2204/8106/29
f 2204/8106/29 53/1/29 2151/112/29
f 54/7996/28 107/1/28 2152/8106/28
f 2152/8106/28 107/1/28 2205/112/28
f 1966/6430/1 2024/6432/1 2025/5668/1
f 2025/5668/1 2024/6432/1 2028/6360/1
f 2025/5668/1 2028/6360/1 2029/5748/1
f 2029/5748/1 2028/6360/1 2032/6276/1
f 2029/5748/1 2032/6276/1 2033/5828/1
f 2033/5828/1 2032/6276/1 2036/6192/1
f 2033/5828/1 2036/6192/1 2037/5908/1
f 2037/5908/1 2036/6192/1 2040/6108/1
f 2037/5908/1 2040/6108/1 2041/5976/1
f 2041/5976/1 2040/6108/1 2044/6026/1
f 2041/5976/1 2044/6026/1 2045/5977/1
f 2045/5977/1 2044/6026/1 2048/6026/1
f 2045/5977/1 2048/6026/1 2049/5977/1
f 2049/5977/1 2048/6026/1 2052/6109/1
f 2049/5977/1 2052/6109/1 2053/5909/1
f 2053/5909/1 2052/6109/1 2056/6193/1
f 2053/5909/1 2056/6193/1 2057/5829/1
f 2057/5829/1 2056/6193/1 2060/6277/1
f 2057/5829/1 2060/6277/1 2061/5749/1
f 2061/5749/1 2060/6277/1 2064/6361/1
f 2061/5749/1 2064/6361/1 2065/5669/1
f 2065/5669/1 2064/6361/1 2068/6433/1
f 2065/5669/1 2068/6433/1 2069/5599/1
f 2069/5599/1 2068/6433/1 2072/6517/1
f 2069/5599/1 2072/6517/1 2073/5529/1
f 2073/5529/1 2072/6517/1 2076/6592/1
f 2073/5529/1 2076/6592/1 2077/5453/1
f 2077/5453/1 2076/6592/1 2080/6676/1
f 2077/5453/1 2080/6676/1 2081/5278/1
f 2081/5278/1 2080/6676/1 2084/6762/1
f 2081/5278/1 2084/6762/1 2085/4976/1
f 2085/4976/1 2084/6762/1 2088/6847/1
f 2085/4976/1 2088/6847/1 2098/8106/1
f 2098/8106/1 2088/6847/1 2092/6931/1
f 2098/8106/1 2092/6931/1 2096/7015/1
f 2005/4975/1 1983/4974/1 2009/5275/1
f 2009/5275/1 1983/4974/1 1979/5274/1
f 2009/5275/1 1979/5274/1 2013/5452/1
f 2013/5452/1 1979/5274/1 1975/5451/1
f 2013/5452/1 1975/5451/1 2017/5528/1
f 2017/5528/1 1975/5451/1 1971/5527/1
f 2017/5528/1 1971/5527/1 2021/5598/1
f 2021/5598/1 1971/5527/1 1967/5596/1
f 2021/5598/1 1967/5596/1 2025/5668/1
f 2025/5668/1 1967/5596/1 1963/5666/1
f 2025/5668/1 1963/5666/1 1966/6430/1
f 1966/6430/1 1963/5666/1 1962/6357/1
f 2005/4975/1 2001/4775/1 1983/4974/1
f 1983/4974/1 2001/4775/1 1987/4774/1
f 2001/4775/1 1997/4614/1 1987/4774/1
f 1987/4774/1 1997/4614/1 1991/4613/1
f 1997/4614/1 1995/4452/1 1991/4613/1
f 1991/4613/1 1995/4452/1 1993/4451/1
f 1993/4451/1 1995/4452/1 1989/4252/1
f 1989/4252/1 1995/4452/1 1999/4253/1
f 1989/4252/1 1999/4253/1 1985/4092/1
f 1985/4092/1 1999/4253/1 2003/4093/1
f 1985/4092/1 2003/4093/1 1981/3972/1
f 1981/3972/1 2003/4093/1 2007/3973/1
f 1981/3972/1 2007/3973/1 1977/3851/1
f 1977/3851/1 2007/3973/1 2011/3852/1
f 1977/3851/1 2011/3852/1 1973/3692/1
f 1973/3692/1 2011/3852/1 2015/3693/1
f 1973/3692/1 2015/3693/1 1969/3539/1
f 1969/3539/1 2015/3693/1 2019/3541/1
f 1969/3539/1 2019/3541/1 1965/3458/1
f 1965/3458/1 2019/3541/1 2023/3460/1
f 1965/3458/1 2023/3460/1 1961/3317/1
f 1961/3317/1 2023/3460/1 2027/3319/1
f 1961/3317/1 2027/3319/1 1957/3195/1
f 1957/3195/1 2027/3319/1 2031/3197/1
f 1957/3195/1 2031/3197/1 1953/3073/1
f 1953/3073/1 2031/3197/1 2035/3075/1
f 1953/3073/1 2035/3075/1 1949/2993/1
f 1949/2993/1 2035/3075/1 2039/2995/1
f 1949/2993/1 2039/2995/1 2097/112/1
f 2097/112/1 2039/2995/1 2043/2916/1
f 2097/112/1 2043/2916/1 2047/2916/1
f 2047/2916/1 2051/2996/1 2097/112/1
f 2097/112/1 2051/2996/1 2055/3076/1
f 2097/112/1 2055/3076/1 2059/3198/1
f 2059/3198/1 2063/3320/1 2097/112/1
f 2097/112/1 2063/3320/1 2067/3461/1
f 2097/112/1 2067/3461/1 2071/3542/1
f 2071/3542/1 2075/3694/1 2097/112/1
f 2097/112/1 2075/3694/1 2079/3853/1
f 2097/112/1 2079/3853/1 2083/3974/1
f 2083/3974/1 2087/4094/1 2097/112/1
f 2097/112/1 2087/4094/1 2091/4254/1
f 2097/112/1 2091/4254/1 2095/4453/1
f 2097/112/1 2095/4453/1 2098/8106/1
f 2098/8106/1 2095/4453/1 2093/4615/1
f 2098/8106/1 2093/4615/1 2089/4776/1
f 2089/4776/1 2085/4976/1 2098/8106/1
f 2050/7972/1 2046/7973/1 2098/8106/1
f 2098/8106/1 2046/7973/1 2042/7973/1
f 2098/8106/1 2042/7973/1 2038/7897/1
f 2098/8106/1 2038/7897/1 1952/7894/1
f 1952/7894/1 2038/7897/1 2034/7813/1
f 1952/7894/1 2034/7813/1 1956/7810/1
f 1956/7810/1 2034/7813/1 2030/7729/1
f 1956/7810/1 2030/7729/1 1960/7726/1
f 1960/7726/1 2030/7729/1 2026/7645/1
f 1960/7726/1 2026/7645/1 1964/7643/1
f 1964/7643/1 2026/7645/1 2022/7573/1
f 1964/7643/1 2022/7573/1 1968/7571/1
f 1968/7571/1 2022/7573/1 2018/7501/1
f 1968/7571/1 2018/7501/1 1972/7500/1
f 1972/7500/1 2018/7501/1 2014/7427/1
f 1972/7500/1 2014/7427/1 1976/7426/1
f 1976/7426/1 2014/7427/1 2010/7352/1
f 1976/7426/1 2010/7352/1 1980/7351/1
f 1980/7351/1 2010/7352/1 2006/7268/1
f 1980/7351/1 2006/7268/1 1984/7267/1
f 1984/7267/1 2006/7268/1 2002/7184/1
f 1984/7267/1 2002/7184/1 1988/7183/1
f 1988/7183/1 2002/7184/1 1998/7100/1
f 1988/7183/1 1998/7100/1 1992/7099/1
f 1992/7099/1 1998/7100/1 1996/7012/1
f 1992/7099/1 1996/7012/1 1994/7011/1
f 1994/7011/1 1996/7012/1 2000/6928/1
f 1994/7011/1 2000/6928/1 1990/6927/1
f 1990/6927/1 2000/6928/1 2004/6844/1
f 1990/6927/1 2004/6844/1 1986/6843/1
f 1986/6843/1 2004/6844/1 2008/6759/1
f 1986/6843/1 2008/6759/1 1982/6758/1
f 1982/6758/1 2008/6759/1 2012/6673/1
f 1982/6758/1 2012/6673/1 1978/6672/1
f 1978/6672/1 2012/6673/1 2016/6590/1
f 1978/6672/1 2016/6590/1 1974/6589/1
f 1974/6589/1 2016/6590/1 2020/6515/1
f 1974/6589/1 2020/6515/1 1970/6513/1
f 1970/6513/1 2020/6515/1 2024/6432/1
f 1970/6513/1 2024/6432/1 1966/6430/1
f 2096/7015/1 2094/7103/1 2098/8106/1
f 2098/8106/1 2094/7103/1 2090/7187/1
f 2098/8106/1 2090/7187/1 2086/7271/1
f 2086/7271/1 2082/7355/1 2098/8106/1
f 2098/8106/1 2082/7355/1 2078/7429/1
f 2098/8106/1 2078/7429/1 2074/7503/1
f 2074/7503/1 2070/7574/1 2098/8106/1
f 2098/8106/1 2070/7574/1 2066/7646/1
f 2098/8106/1 2066/7646/1 2062/7730/1
f 2062/7730/1 2058/7814/1 2098/8106/1
f 2098/8106/1 2058/7814/1 2054/7898/1
f 2098/8106/1 2054/7898/1 2050/7972/1
f 1864/6427/1 1922/6429/1 1923/5665/1
f 1923/5665/1 1922/6429/1 1926/6356/1
f 1923/5665/1 1926/6356/1 1927/5745/1
f 1927/5745/1 1926/6356/1 1930/6272/1
f 1927/5745/1 1930/6272/1 1931/5825/1
f 1931/5825/1 1930/6272/1 1934/6188/1
f 1931/5825/1 1934/6188/1 1935/5905/1
f 1935/5905/1 1934/6188/1 1938/6104/1
f 1935/5905/1 1938/6104/1 1939/5974/1
f 1939/5974/1 1938/6104/1 1942/6024/1
f 1939/5974/1 1942/6024/1 1943/5973/1
f 1943/5973/1 1942/6024/1 1946/6024/1
f 1943/5973/1 1946/6024/1 1947/5973/1
f 1947/5973/1 1946/6024/1 1950/6105/1
f 1947/5973/1 1950/6105/1 1951/5906/1
f 1951/5906/1 1950/6105/1 1954/6189/1
f 1951/5906/1 1954/6189/1 1955/5826/1
f 1955/5826/1 1954/6189/1 1958/6273/1
f 1955/5826/1 1958/6273/1 1959/5746/1
f 1959/5746/1 1958/6273/1 1962/6357/1
f 1959/5746/1 1962/6357/1 1963/5666/1
f 1903/4971/1 1881/4970/1 1907/5269/1
f 1907/5269/1 1881/4970/1 1877/5268/1
f 1907/5269/1 1877/5268/1 1911/5449/1
f 1911/5449/1 1877/5268/1 1873/5448/1
f 1911/5449/1 1873/5448/1 1915/5525/1
f 1915/5525/1 1873/5448/1 1869/5524/1
f 1915/5525/1 1869/5524/1 1919/5595/1
f 1919/5595/1 1869/5524/1 1865/5593/1
f 1919/5595/1 1865/5593/1 1923/5665/1
f 1923/5665/1 1865/5593/1 1861/5663/1
f 1923/5665/1 1861/5663/1 1864/6427/1
f 1864/6427/1 1861/5663/1 1860/6353/1
f 1903/4971/1 1899/4771/1 1881/4970/1
f 1881/4970/1 1899/4771/1 1885/4770/1
f 1899/4771/1 1895/4608/1 1885/4770/1
f 1885/4770/1 1895/4608/1 1889/4607/1
f 1895/4608/1 1893/4446/1 1889/4607/1
f 1889/4607/1 1893/4446/1 1891/4445/1
f 1891/4445/1 1893/4446/1 1887/4248/1
f 1887/4248/1 1893/4446/1 1897/4249/1
f 1887/4248/1 1897/4249/1 1883/4088/1
f 1883/4088/1 1897/4249/1 1901/4089/1
f 1883/4088/1 1901/4089/1 1879/3968/1
f 1879/3968/1 1901/4089/1 1905/3969/1
f 1879/3968/1 1905/3969/1 1875/3845/1
f 1875/3845/1 1905/3969/1 1909/3846/1
f 1875/3845/1 1909/3846/1 1871/3689/1
f 1871/3689/1 1909/3846/1 1913/3690/1
f 1871/3689/1 1913/3690/1 1867/3535/1
f 1867/3535/1 1913/3690/1 1917/3537/1
f 1867/3535/1 1917/3537/1 1863/3454/1
f 1863/3454/1 1917/3537/1 1921/3456/1
f 1863/3454/1 1921/3456/1 1859/3313/1
f 1859/3313/1 1921/3456/1 1925/3316/1
f 1859/3313/1 1925/3316/1 1855/3191/1
f 1855/3191/1 1925/3316/1 1929/3194/1
f 1855/3191/1 1929/3194/1 1851/3069/1
f 1851/3069/1 1929/3194/1 1933/3072/1
f 1851/3069/1 1933/3072/1 1847/2989/1
f 1847/2989/1 1933/3072/1 1937/2992/1
f 1847/2989/1 1937/2992/1 2097/112/1
f 2097/112/1 1937/2992/1 1941/2914/1
f 2097/112/1 1941/2914/1 1945/2914/1
f 1945/2914/1 1949/2993/1 2097/112/1
f 1948/7969/1 1944/7969/1 2098/8106/1
f 2098/8106/1 1944/7969/1 1940/7969/1
f 2098/8106/1 1940/7969/1 1846/7966/1
f 1846/7966/1 1940/7969/1 1936/7893/1
f 1846/7966/1 1936/7893/1 1850/7890/1
f 1850/7890/1 1936/7893/1 1932/7809/1
f 1850/7890/1 1932/7809/1 1854/7806/1
f 1854/7806/1 1932/7809/1 1928/7725/1
f 1854/7806/1 1928/7725/1 1858/7722/1
f 1858/7722/1 1928/7725/1 1924/7642/1
f 1858/7722/1 1924/7642/1 1862/7640/1
f 1862/7640/1 1924/7642/1 1920/7570/1
f 1862/7640/1 1920/7570/1 1866/7568/1
f 1866/7568/1 1920/7570/1 1916/7498/1
f 1866/7568/1 1916/7498/1 1870/7497/1
f 1870/7497/1 1916/7498/1 1912/7424/1
f 1870/7497/1 1912/7424/1 1874/7423/1
f 1874/7423/1 1912/7424/1 1908/7348/1
f 1874/7423/1 1908/7348/1 1878/7347/1
f 1878/7347/1 1908/7348/1 1904/7264/1
f 1878/7347/1 1904/7264/1 1882/7263/1
f 1882/7263/1 1904/7264/1 1900/7180/1
f 1882/7263/1 1900/7180/1 1886/7179/1
f 1886/7179/1 1900/7180/1 1896/7096/1
f 1886/7179/1 1896/7096/1 1890/7095/1
f 1890/7095/1 1896/7096/1 1894/7008/1
f 1890/7095/1 1894/7008/1 1892/7007/1
f 1892/7007/1 1894/7008/1 1898/6924/1
f 1892/7007/1 1898/6924/1 1888/6923/1
f 1888/6923/1 1898/6924/1 1902/6840/1
f 1888/6923/1 1902/6840/1 1884/6839/1
f 1884/6839/1 1902/6840/1 1906/6755/1
f 1884/6839/1 1906/6755/1 1880/6754/1
f 1880/6754/1 1906/6755/1 1910/6669/1
f 1880/6754/1 1910/6669/1 1876/6668/1
f 1876/6668/1 1910/6669/1 1914/6587/1
f 1876/6668/1 1914/6587/1 1872/6586/1
f 1872/6586/1 1914/6587/1 1918/6511/1
f 1872/6586/1 1918/6511/1 1868/6509/1
f 1868/6509/1 1918/6511/1 1922/6429/1
f 1868/6509/1 1922/6429/1 1864/6427/1
f 1952/7894/1 1948/7969/1 2098/8106/1
f 1783/4761/1 1782/6830/1 1797/4767/1
f 1797/4767/1 1782/6830/1 1800/6836/1
f 1797/4767/1 1800/6836/1 1801/4967/1
f 1801/4967/1 1800/6836/1 1804/6751/1
f 1801/4967/1 1804/6751/1 1805/5263/1
f 1805/5263/1 1804/6751/1 1808/6665/1
f 1805/5263/1 1808/6665/1 1809/5446/1
f 1809/5446/1 1808/6665/1 1812/6584/1
f 1809/5446/1 1812/6584/1 1813/5522/1
f 1813/5522/1 1812/6584/1 1816/6507/1
f 1813/5522/1 1816/6507/1 1817/5592/1
f 1817/5592/1 1816/6507/1 1820/6426/1
f 1817/5592/1 1820/6426/1 1821/5662/1
f 1821/5662/1 1820/6426/1 1824/6352/1
f 1821/5662/1 1824/6352/1 1825/5741/1
f 1825/5741/1 1824/6352/1 1828/6268/1
f 1825/5741/1 1828/6268/1 1829/5821/1
f 1829/5821/1 1828/6268/1 1832/6184/1
f 1829/5821/1 1832/6184/1 1833/5901/1
f 1833/5901/1 1832/6184/1 1836/6100/1
f 1833/5901/1 1836/6100/1 1837/5969/1
f 1837/5969/1 1836/6100/1 1840/6022/1
f 1837/5969/1 1840/6022/1 1841/5969/1
f 1841/5969/1 1840/6022/1 1844/6022/1
f 1841/5969/1 1844/6022/1 1845/5970/1
f 1845/5970/1 1844/6022/1 1848/6101/1
f 1845/5970/1 1848/6101/1 1849/5902/1
f 1849/5902/1 1848/6101/1 1852/6185/1
f 1849/5902/1 1852/6185/1 1853/5822/1
f 1853/5822/1 1852/6185/1 1856/6269/1
f 1853/5822/1 1856/6269/1 1857/5742/1
f 1857/5742/1 1856/6269/1 1860/6353/1
f 1857/5742/1 1860/6353/1 1861/5663/1
f 1797/4767/1 1793/4602/1 1783/4761/1
f 1783/4761/1 1793/4602/1 1787/4591/1
f 1793/4602/1 1791/4440/1 1787/4591/1
f 1787/4591/1 1791/4440/1 1789/4429/1
f 1789/4429/1 1791/4440/1 1785/4239/1
f 1785/4239/1 1791/4440/1 1795/4245/1
f 1785/4239/1 1795/4245/1 1781/4079/1
f 1781/4079/1 1795/4245/1 1799/4085/1
f 1781/4079/1 1799/4085/1 1777/3959/1
f 1777/3959/1 1799/4085/1 1803/3965/1
f 1777/3959/1 1803/3965/1 1773/3829/1
f 1773/3829/1 1803/3965/1 1807/3840/1
f 1773/3829/1 1807/3840/1 1769/3681/1
f 1769/3681/1 1807/3840/1 1811/3687/1
f 1769/3681/1 1811/3687/1 1765/3527/1
f 1765/3527/1 1811/3687/1 1815/3533/1
f 1765/3527/1 1815/3533/1 1761/3441/1
f 1761/3441/1 1815/3533/1 1819/3452/1
f 1761/3441/1 1819/3452/1 1757/3305/1
f 1757/3305/1 1819/3452/1 1823/3312/1
f 1757/3305/1 1823/3312/1 1753/3183/1
f 1753/3183/1 1823/3312/1 1827/3190/1
f 1753/3183/1 1827/3190/1 1749/3061/1
f 1749/3061/1 1827/3190/1 1831/3068/1
f 1749/3061/1 1831/3068/1 2097/112/1
f 2097/112/1 1831/3068/1 1835/2988/1
f 2097/112/1 1835/2988/1 1839/2912/1
f 1839/2912/1 1843/2912/1 2097/112/1
f 2097/112/1 1843/2912/1 1847/2989/1
f 1846/7966/1 1842/7965/1 2098/8106/1
f 2098/8106/1 1842/7965/1 1838/7965/1
f 2098/8106/1 1838/7965/1 1744/7958/1
f 1744/7958/1 1838/7965/1 1834/7889/1
f 1744/7958/1 1834/7889/1 1748/7882/1
f 1748/7882/1 1834/7889/1 1830/7805/1
f 1748/7882/1 1830/7805/1 1752/7798/1
f 1752/7798/1 1830/7805/1 1826/7721/1
f 1752/7798/1 1826/7721/1 1756/7714/1
f 1756/7714/1 1826/7721/1 1822/7639/1
f 1756/7714/1 1822/7639/1 1760/7633/1
f 1760/7633/1 1822/7639/1 1818/7567/1
f 1760/7633/1 1818/7567/1 1764/7561/1
f 1764/7561/1 1818/7567/1 1814/7495/1
f 1764/7561/1 1814/7495/1 1768/7489/1
f 1768/7489/1 1814/7495/1 1810/7421/1
f 1768/7489/1 1810/7421/1 1772/7415/1
f 1772/7415/1 1810/7421/1 1806/7344/1
f 1772/7415/1 1806/7344/1 1776/7338/1
f 1776/7338/1 1806/7344/1 1802/7260/1
f 1776/7338/1 1802/7260/1 1780/7254/1
f 1780/7254/1 1802/7260/1 1798/7176/1
f 1780/7254/1 1798/7176/1 1784/7170/1
f 1784/7170/1 1798/7176/1 1794/7092/1
f 1784/7170/1 1794/7092/1 1788/7086/1
f 1788/7086/1 1794/7092/1 1792/7004/1
f 1788/7086/1 1792/7004/1 1790/6998/1
f 1790/6998/1 1792/7004/1 1796/6920/1
f 1790/6998/1 1796/6920/1 1786/6914/1
f 1786/6914/1 1796/6920/1 1800/6836/1
f 1786/6914/1 1800/6836/1 1782/6830/1
f 1048/6405/1 1106/6407/1 1107/5643/1
f 1107/5643/1 1106/6407/1 1110/6332/1
f 1107/5643/1 1110/6332/1 1111/5721/1
f 1111/5721/1 1110/6332/1 1114/6248/1
f 1111/5721/1 1114/6248/1 1115/5801/1
f 1115/5801/1 1114/6248/1 1118/6164/1
f 1115/5801/1 1118/6164/1 1119/5881/1
f 1119/5881/1 1118/6164/1 1122/6080/1
f 1119/5881/1 1122/6080/1 1123/5952/1
f 1123/5952/1 1122/6080/1 1126/6012/1
f 1123/5952/1 1126/6012/1 1127/5951/1
f 1127/5951/1 1126/6012/1 1130/6012/1
f 1127/5951/1 1130/6012/1 1131/5951/1
f 1131/5951/1 1130/6012/1 1134/6081/1
f 1131/5951/1 1134/6081/1 1135/5882/1
f 1135/5882/1 1134/6081/1 1138/6165/1
f 1135/5882/1 1138/6165/1 1139/5802/1
f 1139/5802/1 1138/6165/1 1142/6249/1
f 1139/5802/1 1142/6249/1 1143/5722/1
f 1143/5722/1 1142/6249/1 1146/6333/1
f 1143/5722/1 1146/6333/1 1147/5644/1
f 1147/5644/1 1146/6333/1 1150/6408/1
f 1147/5644/1 1150/6408/1 1151/5574/1
f 1151/5574/1 1150/6408/1 1154/6489/1
f 1151/5574/1 1154/6489/1 1155/5504/1
f 1155/5504/1 1154/6489/1 1158/6566/1
f 1155/5504/1 1158/6566/1 1201/5505/1
f 1201/5505/1 1158/6566/1 1200/6567/1
f 1201/5505/1 1200/6567/1 1204/6490/1
f 1087/4947/1 1065/4946/1 1091/5229/1
f 1091/5229/1 1065/4946/1 1061/5227/1
f 1091/5229/1 1061/5227/1 1095/5426/1
f 1095/5426/1 1061/5227/1 1057/5425/1
f 1095/5426/1 1057/5425/1 1099/5502/1
f 1099/5502/1 1057/5425/1 1053/5501/1
f 1099/5502/1 1053/5501/1 1103/5573/1
f 1103/5573/1 1053/5501/1 1049/5571/1
f 1103/5573/1 1049/5571/1 1107/5643/1
f 1107/5643/1 1049/5571/1 1045/5641/1
f 1107/5643/1 1045/5641/1 1048/6405/1
f 1048/6405/1 1045/5641/1 1044/6329/1
f 1087/4947/1 1083/4747/1 1065/4946/1
f 1065/4946/1 1083/4747/1 1069/4746/1
f 1083/4747/1 1079/4576/1 1069/4746/1
f 1069/4746/1 1079/4576/1 1073/4575/1
f 1079/4576/1 1077/4414/1 1073/4575/1
f 1073/4575/1 1077/4414/1 1075/4413/1
f 1075/4413/1 1077/4414/1 1071/4224/1
f 1071/4224/1 1077/4414/1 1081/4225/1
f 1071/4224/1 1081/4225/1 1067/4064/1
f 1067/4064/1 1081/4225/1 1085/4065/1
f 1067/4064/1 1085/4065/1 1063/3944/1
f 1063/3944/1 1085/4065/1 1089/3945/1
f 1063/3944/1 1089/3945/1 1059/3813/1
f 1059/3813/1 1089/3945/1 1093/3814/1
f 1059/3813/1 1093/3814/1 1055/3666/1
f 1055/3666/1 1093/3814/1 1097/3667/1
f 1055/3666/1 1097/3667/1 1051/3511/1
f 1051/3511/1 1097/3667/1 1101/3513/1
f 1051/3511/1 1101/3513/1 1047/3425/1
f 1047/3425/1 1101/3513/1 1105/3427/1
f 1047/3425/1 1105/3427/1 1043/3289/1
f 1043/3289/1 1105/3427/1 1109/3292/1
f 1043/3289/1 1109/3292/1 1039/3167/1
f 1039/3167/1 1109/3292/1 1113/3170/1
f 1039/3167/1 1113/3170/1 1035/3045/1
f 1035/3045/1 1113/3170/1 1117/3048/1
f 1035/3045/1 1117/3048/1 1031/2965/1
f 1031/2965/1 1117/3048/1 1121/2968/1
f 1031/2965/1 1121/2968/1 1027/2900/1
f 1027/2900/1 1121/2968/1 1125/2902/1
f 1027/2900/1 1125/2902/1 2097/112/1
f 2097/112/1 1125/2902/1 1129/2902/1
f 2097/112/1 1129/2902/1 1227/2903/1
f 1227/2903/1 1129/2902/1 1223/2970/1
f 1129/2902/1 1133/2969/1 1223/2970/1
f 1223/2970/1 1133/2969/1 1219/3050/1
f 1133/2969/1 1137/3049/1 1219/3050/1
f 1219/3050/1 1137/3049/1 1215/3172/1
f 1137/3049/1 1141/3171/1 1215/3172/1
f 1215/3172/1 1141/3171/1 1211/3294/1
f 1141/3171/1 1145/3293/1 1211/3294/1
f 1211/3294/1 1145/3293/1 1207/3430/1
f 1145/3293/1 1149/3429/1 1207/3430/1
f 1207/3430/1 1149/3429/1 1203/3516/1
f 1149/3429/1 1153/3515/1 1203/3516/1
f 1203/3516/1 1153/3515/1 1199/3670/1
f 1153/3515/1 1157/3669/1 1199/3670/1
f 1199/3670/1 1157/3669/1 1195/3818/1
f 1157/3669/1 1161/3817/1 1195/3818/1
f 1195/3818/1 1161/3817/1 1191/3948/1
f 1161/3817/1 1165/3947/1 1191/3948/1
f 1191/3948/1 1165/3947/1 1187/4068/1
f 1165/3947/1 1169/4067/1 1187/4068/1
f 1187/4068/1 1169/4067/1 1183/4228/1
f 1169/4067/1 1173/4227/1 1183/4228/1
f 1183/4228/1 1173/4227/1 1179/4418/1
f 1173/4227/1 1177/4417/1 1179/4418/1
f 1179/4418/1 1177/4417/1 1175/4579/1
f 1179/4418/1 1175/4579/1 1181/4580/1
f 1181/4580/1 1175/4579/1 1171/4749/1
f 1181/4580/1 1171/4749/1 1185/4750/1
f 1185/4750/1 1171/4749/1 1167/4949/1
f 1185/4750/1 1167/4949/1 1189/4950/1
f 1189/4950/1 1167/4949/1 1163/5233/1
f 1189/4950/1 1163/5233/1 1193/5234/1
f 1193/5234/1 1163/5233/1 1159/5428/1
f 1193/5234/1 1159/5428/1 1197/5429/1
f 1197/5429/1 1159/5428/1 1155/5504/1
f 1197/5429/1 1155/5504/1 1201/5505/1
f 1106/6407/1 1052/6485/1 1102/6487/1
f 1102/6487/1 1052/6485/1 1056/6563/1
f 1102/6487/1 1056/6563/1 1098/6564/1
f 1098/6564/1 1056/6563/1 1060/6644/1
f 1098/6564/1 1060/6644/1 1094/6645/1
f 1094/6645/1 1060/6644/1 1064/6729/1
f 1094/6645/1 1064/6729/1 1090/6730/1
f 1090/6730/1 1064/6729/1 1068/6815/1
f 1090/6730/1 1068/6815/1 1086/6816/1
f 1086/6816/1 1068/6815/1 1072/6899/1
f 1086/6816/1 1072/6899/1 1082/6900/1
f 1082/6900/1 1072/6899/1 1076/6983/1
f 1082/6900/1 1076/6983/1 1078/6984/1
f 1078/6984/1 1076/6983/1 1074/7071/1
f 1078/6984/1 1074/7071/1 1080/7072/1
f 1080/7072/1 1074/7071/1 1070/7155/1
f 1080/7072/1 1070/7155/1 1084/7156/1
f 1084/7156/1 1070/7155/1 1066/7239/1
f 1084/7156/1 1066/7239/1 1088/7240/1
f 1088/7240/1 1066/7239/1 1062/7323/1
f 1088/7240/1 1062/7323/1 1092/7324/1
f 1092/7324/1 1062/7323/1 1058/7400/1
f 1092/7324/1 1058/7400/1 1096/7401/1
f 1096/7401/1 1058/7400/1 1054/7474/1
f 1096/7401/1 1054/7474/1 1100/7475/1
f 1100/7475/1 1054/7474/1 1050/7546/1
f 1100/7475/1 1050/7546/1 1104/7548/1
f 1104/7548/1 1050/7546/1 1046/7618/1
f 1104/7548/1 1046/7618/1 1108/7620/1
f 1108/7620/1 1046/7618/1 1042/7698/1
f 1108/7620/1 1042/7698/1 1112/7701/1
f 1112/7701/1 1042/7698/1 1038/7782/1
f 1112/7701/1 1038/7782/1 1116/7785/1
f 1116/7785/1 1038/7782/1 1034/7866/1
f 1116/7785/1 1034/7866/1 1120/7869/1
f 1120/7869/1 1034/7866/1 1030/7947/1
f 1120/7869/1 1030/7947/1 1124/7949/1
f 1124/7949/1 1030/7947/1 1026/7946/1
f 1124/7949/1 1026/7946/1 1128/7949/1
f 1128/7949/1 1026/7946/1 2098/8106/1
f 1128/7949/1 2098/8106/1 1230/7950/1
f 1230/7950/1 2098/8106/1 1332/7953/1
f 1230/7950/1 1332/7953/1 1328/7952/1
f 1158/6566/1 1162/6647/1 1200/6567/1
f 1200/6567/1 1162/6647/1 1196/6648/1
f 1162/6647/1 1166/6732/1 1196/6648/1
f 1196/6648/1 1166/6732/1 1192/6733/1
f 1166/6732/1 1170/6818/1 1192/6733/1
f 1192/6733/1 1170/6818/1 1188/6819/1
f 1170/6818/1 1174/6902/1 1188/6819/1
f 1188/6819/1 1174/6902/1 1184/6903/1
f 1174/6902/1 1178/6986/1 1184/6903/1
f 1184/6903/1 1178/6986/1 1180/6987/1
f 1178/6986/1 1176/7074/1 1180/6987/1
f 1180/6987/1 1176/7074/1 1182/7075/1
f 1176/7074/1 1172/7158/1 1182/7075/1
f 1182/7075/1 1172/7158/1 1186/7159/1
f 1172/7158/1 1168/7242/1 1186/7159/1
f 1186/7159/1 1168/7242/1 1190/7243/1
f 1168/7242/1 1164/7326/1 1190/7243/1
f 1190/7243/1 1164/7326/1 1194/7327/1
f 1164/7326/1 1160/7403/1 1194/7327/1
f 1194/7327/1 1160/7403/1 1198/7404/1
f 1160/7403/1 1156/7477/1 1198/7404/1
f 1198/7404/1 1156/7477/1 1202/7478/1
f 1156/7477/1 1152/7549/1 1202/7478/1
f 1202/7478/1 1152/7549/1 1206/7550/1
f 1152/7549/1 1148/7621/1 1206/7550/1
f 1206/7550/1 1148/7621/1 1210/7622/1
f 1148/7621/1 1144/7702/1 1210/7622/1
f 1210/7622/1 1144/7702/1 1214/7703/1
f 1144/7702/1 1140/7786/1 1214/7703/1
f 1214/7703/1 1140/7786/1 1218/7787/1
f 1140/7786/1 1136/7870/1 1218/7787/1
f 1218/7787/1 1136/7870/1 1222/7871/1
f 1136/7870/1 1132/7949/1 1222/7871/1
f 1222/7871/1 1132/7949/1 1226/7951/1
f 1132/7949/1 1128/7949/1 1226/7951/1
f 1226/7951/1 1128/7949/1 1230/7950/1
f 946/6402/1 1004/6404/1 1005/5640/1
f 1005/5640/1 1004/6404/1 1008/6328/1
f 1005/5640/1 1008/6328/1 1009/5717/1
f 1009/5717/1 1008/6328/1 1012/6244/1
f 1009/5717/1 1012/6244/1 1013/5797/1
f 1013/5797/1 1012/6244/1 1016/6160/1
f 1013/5797/1 1016/6160/1 1017/5877/1
f 1017/5877/1 1016/6160/1 1020/6076/1
f 1017/5877/1 1020/6076/1 1021/5948/1
f 1021/5948/1 1020/6076/1 1024/6010/1
f 1021/5948/1 1024/6010/1 1025/5948/1
f 1025/5948/1 1024/6010/1 1028/6010/1
f 1025/5948/1 1028/6010/1 1029/5948/1
f 1029/5948/1 1028/6010/1 1032/6077/1
f 1029/5948/1 1032/6077/1 1033/5878/1
f 1033/5878/1 1032/6077/1 1036/6161/1
f 1033/5878/1 1036/6161/1 1037/5798/1
f 1037/5798/1 1036/6161/1 1040/6245/1
f 1037/5798/1 1040/6245/1 1041/5718/1
f 1041/5718/1 1040/6245/1 1044/6329/1
f 1041/5718/1 1044/6329/1 1045/5641/1
f 985/4943/1 963/4942/1 989/5222/1
f 989/5222/1 963/4942/1 959/5220/1
f 989/5222/1 959/5220/1 993/5423/1
f 993/5423/1 959/5220/1 955/5422/1
f 993/5423/1 955/5422/1 997/5499/1
f 997/5499/1 955/5422/1 951/5498/1
f 997/5499/1 951/5498/1 1001/5570/1
f 1001/5570/1 951/5498/1 947/5568/1
f 1001/5570/1 947/5568/1 1005/5640/1
f 1005/5640/1 947/5568/1 943/5638/1
f 1005/5640/1 943/5638/1 946/6402/1
f 946/6402/1 943/5638/1 942/6325/1
f 985/4943/1 981/4743/1 963/4942/1
f 963/4942/1 981/4743/1 967/4742/1
f 981/4743/1 977/4570/1 967/4742/1
f 967/4742/1 977/4570/1 971/4569/1
f 977/4570/1 975/4408/1 971/4569/1
f 971/4569/1 975/4408/1 973/4407/1
f 973/4407/1 975/4408/1 969/4220/1
f 969/4220/1 975/4408/1 979/4221/1
f 969/4220/1 979/4221/1 965/4060/1
f 965/4060/1 979/4221/1 983/4061/1
f 965/4060/1 983/4061/1 961/3940/1
f 961/3940/1 983/4061/1 987/3941/1
f 961/3940/1 987/3941/1 957/3807/1
f 957/3807/1 987/3941/1 991/3808/1
f 957/3807/1 991/3808/1 953/3663/1
f 953/3663/1 991/3808/1 995/3664/1
f 953/3663/1 995/3664/1 949/3507/1
f 949/3507/1 995/3664/1 999/3509/1
f 949/3507/1 999/3509/1 945/3421/1
f 945/3421/1 999/3509/1 1003/3423/1
f 945/3421/1 1003/3423/1 941/3285/1
f 941/3285/1 1003/3423/1 1007/3288/1
f 941/3285/1 1007/3288/1 937/3163/1
f 937/3163/1 1007/3288/1 1011/3166/1
f 937/3163/1 1011/3166/1 933/3041/1
f 933/3041/1 1011/3166/1 1015/3044/1
f 933/3041/1 1015/3044/1 929/2961/1
f 929/2961/1 1015/3044/1 1019/2964/1
f 929/2961/1 1019/2964/1 925/2898/1
f 925/2898/1 1019/2964/1 1023/2900/1
f 925/2898/1 1023/2900/1 1/1/1
f 1/1/1 1023/2900/1 1027/2900/1
f 1/1/1 1027/2900/1 2097/112/1
f 2098/8106/1 1026/7946/1 924/7942/1
f 924/7942/1 1026/7946/1 1022/7946/1
f 924/7942/1 1022/7946/1 928/7943/1
f 928/7943/1 1022/7946/1 1018/7865/1
f 928/7943/1 1018/7865/1 932/7862/1
f 932/7862/1 1018/7865/1 1014/7781/1
f 932/7862/1 1014/7781/1 936/7778/1
f 936/7778/1 1014/7781/1 1010/7697/1
f 936/7778/1 1010/7697/1 940/7694/1
f 940/7694/1 1010/7697/1 1006/7617/1
f 940/7694/1 1006/7617/1 944/7615/1
f 944/7615/1 1006/7617/1 1002/7545/1
f 944/7615/1 1002/7545/1 948/7543/1
f 948/7543/1 1002/7545/1 998/7472/1
f 948/7543/1 998/7472/1 952/7471/1
f 952/7471/1 998/7472/1 994/7398/1
f 952/7471/1 994/7398/1 956/7397/1
f 956/7397/1 994/7398/1 990/7320/1
f 956/7397/1 990/7320/1 960/7319/1
f 960/7319/1 990/7320/1 986/7236/1
f 960/7319/1 986/7236/1 964/7235/1
f 964/7235/1 986/7236/1 982/7152/1
f 964/7235/1 982/7152/1 968/7151/1
f 968/7151/1 982/7152/1 978/7068/1
f 968/7151/1 978/7068/1 972/7067/1
f 972/7067/1 978/7068/1 976/6980/1
f 972/7067/1 976/6980/1 974/6979/1
f 974/6979/1 976/6980/1 980/6896/1
f 974/6979/1 980/6896/1 970/6895/1
f 970/6895/1 980/6896/1 984/6812/1
f 970/6895/1 984/6812/1 966/6811/1
f 966/6811/1 984/6812/1 988/6726/1
f 966/6811/1 988/6726/1 962/6725/1
f 962/6725/1 988/6726/1 992/6641/1
f 962/6725/1 992/6641/1 958/6640/1
f 958/6640/1 992/6641/1 996/6561/1
f 958/6640/1 996/6561/1 954/6560/1
f 954/6560/1 996/6561/1 1000/6483/1
f 954/6560/1 1000/6483/1 950/6481/1
f 950/6481/1 1000/6483/1 1004/6404/1
f 950/6481/1 1004/6404/1 946/6402/1
f 1048/6405/1 1052/6485/1 1106/6407/1
f 869/4561/1 868/6890/1 875/4564/1
f 875/4564/1 868/6890/1 878/6892/1
f 875/4564/1 878/6892/1 879/4739/1
f 879/4739/1 878/6892/1 882/6808/1
f 879/4739/1 882/6808/1 883/4939/1
f 883/4939/1 882/6808/1 886/6722/1
f 883/4939/1 886/6722/1 887/5215/1
f 887/5215/1 886/6722/1 890/6637/1
f 887/5215/1 890/6637/1 891/5420/1
f 891/5420/1 890/6637/1 894/6558/1
f 891/5420/1 894/6558/1 895/5496/1
f 895/5496/1 894/6558/1 898/6479/1
f 895/5496/1 898/6479/1 899/5567/1
f 899/5567/1 898/6479/1 902/6401/1
f 899/5567/1 902/6401/1 903/5637/1
f 903/5637/1 902/6401/1 906/6324/1
f 903/5637/1 906/6324/1 907/5713/1
f 907/5713/1 906/6324/1 910/6240/1
f 907/5713/1 910/6240/1 911/5793/1
f 911/5793/1 910/6240/1 914/6156/1
f 911/5793/1 914/6156/1 915/5873/1
f 915/5873/1 914/6156/1 918/6072/1
f 915/5873/1 918/6072/1 919/5944/1
f 919/5944/1 918/6072/1 922/6008/1
f 919/5944/1 922/6008/1 923/5945/1
f 923/5945/1 922/6008/1 926/6008/1
f 923/5945/1 926/6008/1 927/5945/1
f 927/5945/1 926/6008/1 930/6073/1
f 927/5945/1 930/6073/1 931/5874/1
f 931/5874/1 930/6073/1 934/6157/1
f 931/5874/1 934/6157/1 935/5794/1
f 935/5794/1 934/6157/1 938/6241/1
f 935/5794/1 938/6241/1 939/5714/1
f 939/5714/1 938/6241/1 942/6325/1
f 939/5714/1 942/6325/1 943/5638/1
f 875/4564/1 873/4402/1 869/4561/1
f 869/4561/1 873/4402/1 871/4399/1
f 871/4399/1 873/4402/1 867/4215/1
f 867/4215/1 873/4402/1 877/4217/1
f 867/4215/1 877/4217/1 863/4055/1
f 863/4055/1 877/4217/1 881/4057/1
f 863/4055/1 881/4057/1 859/3935/1
f 859/3935/1 881/4057/1 885/3937/1
f 859/3935/1 885/3937/1 855/3799/1
f 855/3799/1 885/3937/1 889/3802/1
f 855/3799/1 889/3802/1 851/3659/1
f 851/3659/1 889/3802/1 893/3661/1
f 851/3659/1 893/3661/1 847/3503/1
f 847/3503/1 893/3661/1 897/3505/1
f 847/3503/1 897/3505/1 843/3416/1
f 843/3416/1 897/3505/1 901/3419/1
f 843/3416/1 901/3419/1 839/3281/1
f 839/3281/1 901/3419/1 905/3284/1
f 839/3281/1 905/3284/1 835/3159/1
f 835/3159/1 905/3284/1 909/3162/1
f 835/3159/1 909/3162/1 831/3037/1
f 831/3037/1 909/3162/1 913/3040/1
f 831/3037/1 913/3040/1 827/2957/1
f 827/2957/1 913/3040/1 917/2960/1
f 827/2957/1 917/2960/1 823/2896/1
f 823/2896/1 917/2960/1 921/2898/1
f 823/2896/1 921/2898/1 1/1/1
f 1/1/1 921/2898/1 925/2898/1
f 2098/8106/1 924/7942/1 822/7938/1
f 822/7938/1 924/7942/1 920/7942/1
f 822/7938/1 920/7942/1 826/7938/1
f 826/7938/1 920/7942/1 916/7861/1
f 826/7938/1 916/7861/1 830/7858/1
f 830/7858/1 916/7861/1 912/7777/1
f 830/7858/1 912/7777/1 834/7774/1
f 834/7774/1 912/7777/1 908/7693/1
f 834/7774/1 908/7693/1 838/7690/1
f 838/7690/1 908/7693/1 904/7614/1
f 838/7690/1 904/7614/1 842/7612/1
f 842/7612/1 904/7614/1 900/7542/1
f 842/7612/1 900/7542/1 846/7540/1
f 846/7540/1 900/7542/1 896/7469/1
f 846/7540/1 896/7469/1 850/7467/1
f 850/7467/1 896/7469/1 892/7395/1
f 850/7467/1 892/7395/1 854/7393/1
f 854/7393/1 892/7395/1 888/7316/1
f 854/7393/1 888/7316/1 858/7314/1
f 858/7314/1 888/7316/1 884/7232/1
f 858/7314/1 884/7232/1 862/7230/1
f 862/7230/1 884/7232/1 880/7148/1
f 862/7230/1 880/7148/1 866/7146/1
f 866/7146/1 880/7148/1 876/7064/1
f 866/7146/1 876/7064/1 870/7062/1
f 870/7062/1 876/7064/1 874/6976/1
f 870/7062/1 874/6976/1 872/6974/1
f 872/6974/1 874/6976/1 878/6892/1
f 872/6974/1 878/6892/1 868/6890/1
f 1660/6418/1 1718/6419/1 1719/5655/1
f 1719/5655/1 1718/6419/1 1722/6344/1
f 1719/5655/1 1722/6344/1 1723/5733/1
f 1723/5733/1 1722/6344/1 1726/6260/1
f 1723/5733/1 1726/6260/1 1727/5813/1
f 1727/5813/1 1726/6260/1 1730/6176/1
f 1727/5813/1 1730/6176/1 1731/5893/1
f 1731/5893/1 1730/6176/1 1734/6092/1
f 1731/5893/1 1734/6092/1 1735/5962/1
f 1735/5962/1 1734/6092/1 1738/6018/1
f 1735/5962/1 1738/6018/1 1739/5963/1
f 1739/5963/1 1738/6018/1 1742/6018/1
f 1739/5963/1 1742/6018/1 1743/5963/1
f 1743/5963/1 1742/6018/1 1746/6093/1
f 1743/5963/1 1746/6093/1 1747/5894/1
f 1747/5894/1 1746/6093/1 1750/6177/1
f 1747/5894/1 1750/6177/1 1751/5814/1
f 1751/5814/1 1750/6177/1 1754/6261/1
f 1751/5814/1 1754/6261/1 1755/5734/1
f 1755/5734/1 1754/6261/1 1758/6345/1
f 1755/5734/1 1758/6345/1 1759/5656/1
f 1759/5656/1 1758/6345/1 1762/6420/1
f 1759/5656/1 1762/6420/1 1763/5586/1
f 1763/5586/1 1762/6420/1 1766/6501/1
f 1763/5586/1 1766/6501/1 1767/5516/1
f 1767/5516/1 1766/6501/1 1770/6578/1
f 1767/5516/1 1770/6578/1 1771/5440/1
f 1771/5440/1 1770/6578/1 1774/6659/1
f 1771/5440/1 1774/6659/1 1775/5257/1
f 1775/5257/1 1774/6659/1 1778/6744/1
f 1775/5257/1 1778/6744/1 1779/4961/1
f 1779/4961/1 1778/6744/1 1782/6830/1
f 1779/4961/1 1782/6830/1 1783/4761/1
f 1699/4960/1 1677/4959/1 1703/5254/1
f 1703/5254/1 1677/4959/1 1673/5253/1
f 1703/5254/1 1673/5253/1 1707/5439/1
f 1707/5439/1 1673/5253/1 1669/5438/1
f 1707/5439/1 1669/5438/1 1711/5515/1
f 1711/5515/1 1669/5438/1 1665/5514/1
f 1711/5515/1 1665/5514/1 1715/5585/1
f 1715/5585/1 1665/5514/1 1661/5584/1
f 1715/5585/1 1661/5584/1 1719/5655/1
f 1719/5655/1 1661/5584/1 1657/5654/1
f 1719/5655/1 1657/5654/1 1660/6418/1
f 1660/6418/1 1657/5654/1 1656/6343/1
f 1699/4960/1 1695/4760/1 1677/4959/1
f 1677/4959/1 1695/4760/1 1681/4759/1
f 1695/4760/1 1691/4590/1 1681/4759/1
f 1681/4759/1 1691/4590/1 1685/4589/1
f 1691/4590/1 1689/4428/1 1685/4589/1
f 1685/4589/1 1689/4428/1 1687/4427/1
f 1687/4427/1 1689/4428/1 1683/4237/1
f 1683/4237/1 1689/4428/1 1693/4238/1
f 1683/4237/1 1693/4238/1 1679/4077/1
f 1679/4077/1 1693/4238/1 1697/4078/1
f 1679/4077/1 1697/4078/1 1675/3957/1
f 1675/3957/1 1697/4078/1 1701/3958/1
f 1675/3957/1 1701/3958/1 1671/3827/1
f 1671/3827/1 1701/3958/1 1705/3828/1
f 1671/3827/1 1705/3828/1 1667/3679/1
f 1667/3679/1 1705/3828/1 1709/3680/1
f 1667/3679/1 1709/3680/1 1663/3525/1
f 1663/3525/1 1709/3680/1 1713/3526/1
f 1663/3525/1 1713/3526/1 1659/3439/1
f 1659/3439/1 1713/3526/1 1717/3440/1
f 1659/3439/1 1717/3440/1 1655/3303/1
f 1655/3303/1 1717/3440/1 1721/3304/1
f 1655/3303/1 1721/3304/1 1651/3181/1
f 1651/3181/1 1721/3304/1 1725/3182/1
f 1651/3181/1 1725/3182/1 1647/3059/1
f 1647/3059/1 1725/3182/1 1729/3060/1
f 1647/3059/1 1729/3060/1 1643/2979/1
f 1643/2979/1 1729/3060/1 1733/2980/1
f 1643/2979/1 1733/2980/1 1639/2907/1
f 1639/2907/1 1733/2980/1 1737/2908/1
f 1639/2907/1 1737/2908/1 2097/112/1
f 2097/112/1 1737/2908/1 1741/2908/1
f 2097/112/1 1741/2908/1 1745/2981/1
f 1745/2981/1 1749/3061/1 2097/112/1
f 1718/6419/1 1664/6499/1 1714/6500/1
f 1714/6500/1 1664/6499/1 1668/6576/1
f 1714/6500/1 1668/6576/1 1710/6577/1
f 1710/6577/1 1668/6576/1 1672/6657/1
f 1710/6577/1 1672/6657/1 1706/6658/1
f 1706/6658/1 1672/6657/1 1676/6742/1
f 1706/6658/1 1676/6742/1 1702/6743/1
f 1702/6743/1 1676/6742/1 1680/6828/1
f 1702/6743/1 1680/6828/1 1698/6829/1
f 1698/6829/1 1680/6828/1 1684/6912/1
f 1698/6829/1 1684/6912/1 1694/6913/1
f 1694/6913/1 1684/6912/1 1688/6996/1
f 1694/6913/1 1688/6996/1 1690/6997/1
f 1690/6997/1 1688/6996/1 1686/7084/1
f 1690/6997/1 1686/7084/1 1692/7085/1
f 1692/7085/1 1686/7084/1 1682/7168/1
f 1692/7085/1 1682/7168/1 1696/7169/1
f 1696/7169/1 1682/7168/1 1678/7252/1
f 1696/7169/1 1678/7252/1 1700/7253/1
f 1700/7253/1 1678/7252/1 1674/7336/1
f 1700/7253/1 1674/7336/1 1704/7337/1
f 1704/7337/1 1674/7336/1 1670/7413/1
f 1704/7337/1 1670/7413/1 1708/7414/1
f 1708/7414/1 1670/7413/1 1666/7487/1
f 1708/7414/1 1666/7487/1 1712/7488/1
f 1712/7488/1 1666/7487/1 1662/7559/1
f 1712/7488/1 1662/7559/1 1716/7560/1
f 1716/7560/1 1662/7559/1 1658/7631/1
f 1716/7560/1 1658/7631/1 1720/7632/1
f 1720/7632/1 1658/7631/1 1654/7712/1
f 1720/7632/1 1654/7712/1 1724/7713/1
f 1724/7713/1 1654/7712/1 1650/7796/1
f 1724/7713/1 1650/7796/1 1728/7797/1
f 1728/7797/1 1650/7796/1 1646/7880/1
f 1728/7797/1 1646/7880/1 1732/7881/1
f 1732/7881/1 1646/7880/1 1642/7957/1
f 1732/7881/1 1642/7957/1 1736/7958/1
f 1736/7958/1 1642/7957/1 1638/7957/1
f 1736/7958/1 1638/7957/1 1740/7958/1
f 1740/7958/1 1638/7957/1 2098/8106/1
f 1740/7958/1 2098/8106/1 1744/7958/1
f 1558/6416/1 1616/6417/1 1617/5653/1
f 1617/5653/1 1616/6417/1 1620/6342/1
f 1617/5653/1 1620/6342/1 1621/5731/1
f 1621/5731/1 1620/6342/1 1624/6258/1
f 1621/5731/1 1624/6258/1 1625/5811/1
f 1625/5811/1 1624/6258/1 1628/6174/1
f 1625/5811/1 1628/6174/1 1629/5891/1
f 1629/5891/1 1628/6174/1 1632/6090/1
f 1629/5891/1 1632/6090/1 1633/5960/1
f 1633/5960/1 1632/6090/1 1636/6017/1
f 1633/5960/1 1636/6017/1 1637/5961/1
f 1637/5961/1 1636/6017/1 1640/6017/1
f 1637/5961/1 1640/6017/1 1641/5961/1
f 1641/5961/1 1640/6017/1 1644/6091/1
f 1641/5961/1 1644/6091/1 1645/5892/1
f 1645/5892/1 1644/6091/1 1648/6175/1
f 1645/5892/1 1648/6175/1 1649/5812/1
f 1649/5812/1 1648/6175/1 1652/6259/1
f 1649/5812/1 1652/6259/1 1653/5732/1
f 1653/5732/1 1652/6259/1 1656/6343/1
f 1653/5732/1 1656/6343/1 1657/5654/1
f 1597/4958/1 1575/4957/1 1601/5250/1
f 1601/5250/1 1575/4957/1 1571/5249/1
f 1601/5250/1 1571/5249/1 1605/5437/1
f 1605/5437/1 1571/5249/1 1567/5436/1
f 1605/5437/1 1567/5436/1 1609/5513/1
f 1609/5513/1 1567/5436/1 1563/5512/1
f 1609/5513/1 1563/5512/1 1613/5583/1
f 1613/5583/1 1563/5512/1 1559/5582/1
f 1613/5583/1 1559/5582/1 1617/5653/1
f 1617/5653/1 1559/5582/1 1555/5652/1
f 1617/5653/1 1555/5652/1 1558/6416/1
f 1558/6416/1 1555/5652/1 1554/6341/1
f 1597/4958/1 1593/4758/1 1575/4957/1
f 1575/4957/1 1593/4758/1 1579/4757/1
f 1593/4758/1 1589/4588/1 1579/4757/1
f 1579/4757/1 1589/4588/1 1583/4587/1
f 1589/4588/1 1587/4426/1 1583/4587/1
f 1583/4587/1 1587/4426/1 1585/4425/1
f 1585/4425/1 1587/4426/1 1581/4235/1
f 1581/4235/1 1587/4426/1 1591/4236/1
f 1581/4235/1 1591/4236/1 1577/4075/1
f 1577/4075/1 1591/4236/1 1595/4076/1
f 1577/4075/1 1595/4076/1 1573/3955/1
f 1573/3955/1 1595/4076/1 1599/3956/1
f 1573/3955/1 1599/3956/1 1569/3825/1
f 1569/3825/1 1599/3956/1 1603/3826/1
f 1569/3825/1 1603/3826/1 1565/3677/1
f 1565/3677/1 1603/3826/1 1607/3678/1
f 1565/3677/1 1607/3678/1 1561/3523/1
f 1561/3523/1 1607/3678/1 1611/3524/1
f 1561/3523/1 1611/3524/1 1557/3437/1
f 1557/3437/1 1611/3524/1 1615/3438/1
f 1557/3437/1 1615/3438/1 1553/3301/1
f 1553/3301/1 1615/3438/1 1619/3302/1
f 1553/3301/1 1619/3302/1 1549/3179/1
f 1549/3179/1 1619/3302/1 1623/3180/1
f 1549/3179/1 1623/3180/1 1545/3057/1
f 1545/3057/1 1623/3180/1 1627/3058/1
f 1545/3057/1 1627/3058/1 1541/2977/1
f 1541/2977/1 1627/3058/1 1631/2978/1
f 1541/2977/1 1631/2978/1 1537/2906/1
f 1537/2906/1 1631/2978/1 1635/2907/1
f 1537/2906/1 1635/2907/1 2097/112/1
f 2097/112/1 1635/2907/1 1639/2907/1
f 2098/8106/1 1638/7957/1 1536/7955/1
f 1536/7955/1 1638/7957/1 1634/7957/1
f 1536/7955/1 1634/7957/1 1540/7956/1
f 1540/7956/1 1634/7957/1 1630/7879/1
f 1540/7956/1 1630/7879/1 1544/7878/1
f 1544/7878/1 1630/7879/1 1626/7795/1
f 1544/7878/1 1626/7795/1 1548/7794/1
f 1548/7794/1 1626/7795/1 1622/7711/1
f 1548/7794/1 1622/7711/1 1552/7710/1
f 1552/7710/1 1622/7711/1 1618/7630/1
f 1552/7710/1 1618/7630/1 1556/7629/1
f 1556/7629/1 1618/7630/1 1614/7558/1
f 1556/7629/1 1614/7558/1 1560/7557/1
f 1560/7557/1 1614/7558/1 1610/7486/1
f 1560/7557/1 1610/7486/1 1564/7485/1
f 1564/7485/1 1610/7486/1 1606/7412/1
f 1564/7485/1 1606/7412/1 1568/7411/1
f 1568/7411/1 1606/7412/1 1602/7335/1
f 1568/7411/1 1602/7335/1 1572/7334/1
f 1572/7334/1 1602/7335/1 1598/7251/1
f 1572/7334/1 1598/7251/1 1576/7250/1
f 1576/7250/1 1598/7251/1 1594/7167/1
f 1576/7250/1 1594/7167/1 1580/7166/1
f 1580/7166/1 1594/7167/1 1590/7083/1
f 1580/7166/1 1590/7083/1 1584/7082/1
f 1584/7082/1 1590/7083/1 1588/6995/1
f 1584/7082/1 1588/6995/1 1586/6994/1
f 1586/6994/1 1588/6995/1 1592/6911/1
f 1586/6994/1 1592/6911/1 1582/6910/1
f 1582/6910/1 1592/6911/1 1596/6827/1
f 1582/6910/1 1596/6827/1 1578/6826/1
f 1578/6826/1 1596/6827/1 1600/6741/1
f 1578/6826/1 1600/6741/1 1574/6740/1
f 1574/6740/1 1600/6741/1 1604/6656/1
f 1574/6740/1 1604/6656/1 1570/6655/1
f 1570/6655/1 1604/6656/1 1608/6575/1
f 1570/6655/1 1608/6575/1 1566/6574/1
f 1566/6574/1 1608/6575/1 1612/6498/1
f 1566/6574/1 1612/6498/1 1562/6497/1
f 1562/6497/1 1612/6498/1 1616/6417/1
f 1562/6497/1 1616/6417/1 1558/6416/1
f 1660/6418/1 1664/6499/1 1718/6419/1
f 1464/6572/1 1506/6573/1 1507/5511/1
f 1507/5511/1 1506/6573/1 1510/6496/1
f 1507/5511/1 1510/6496/1 1511/5581/1
f 1511/5581/1 1510/6496/1 1514/6415/1
f 1511/5581/1 1514/6415/1 1515/5651/1
f 1515/5651/1 1514/6415/1 1518/6340/1
f 1515/5651/1 1518/6340/1 1519/5729/1
f 1519/5729/1 1518/6340/1 1522/6256/1
f 1519/5729/1 1522/6256/1 1523/5809/1
f 1523/5809/1 1522/6256/1 1526/6172/1
f 1523/5809/1 1526/6172/1 1527/5889/1
f 1527/5889/1 1526/6172/1 1530/6088/1
f 1527/5889/1 1530/6088/1 1531/5959/1
f 1531/5959/1 1530/6088/1 1534/6016/1
f 1531/5959/1 1534/6016/1 1535/5959/1
f 1535/5959/1 1534/6016/1 1538/6016/1
f 1535/5959/1 1538/6016/1 1539/5959/1
f 1539/5959/1 1538/6016/1 1542/6089/1
f 1539/5959/1 1542/6089/1 1543/5890/1
f 1543/5890/1 1542/6089/1 1546/6173/1
f 1543/5890/1 1546/6173/1 1547/5810/1
f 1547/5810/1 1546/6173/1 1550/6257/1
f 1547/5810/1 1550/6257/1 1551/5730/1
f 1551/5730/1 1550/6257/1 1554/6341/1
f 1551/5730/1 1554/6341/1 1555/5652/1
f 1464/6572/1 1507/5511/1 1461/5510/1
f 1461/5510/1 1507/5511/1 1503/5435/1
f 1461/5510/1 1503/5435/1 1465/5434/1
f 1465/5434/1 1503/5435/1 1499/5246/1
f 1465/5434/1 1499/5246/1 1469/5245/1
f 1469/5245/1 1499/5246/1 1495/4956/1
f 1469/5245/1 1495/4956/1 1473/4955/1
f 1473/4955/1 1495/4956/1 1491/4756/1
f 1473/4955/1 1491/4756/1 1477/4755/1
f 1477/4755/1 1491/4756/1 1487/4586/1
f 1477/4755/1 1487/4586/1 1481/4585/1
f 1481/4585/1 1487/4586/1 1485/4424/1
f 1481/4585/1 1485/4424/1 1483/4423/1
f 1483/4423/1 1485/4424/1 1479/4233/1
f 1485/4424/1 1489/4234/1 1479/4233/1
f 1479/4233/1 1489/4234/1 1475/4073/1
f 1489/4234/1 1493/4074/1 1475/4073/1
f 1475/4073/1 1493/4074/1 1471/3953/1
f 1493/4074/1 1497/3954/1 1471/3953/1
f 1471/3953/1 1497/3954/1 1467/3823/1
f 1497/3954/1 1501/3824/1 1467/3823/1
f 1467/3823/1 1501/3824/1 1463/3675/1
f 1501/3824/1 1505/3676/1 1463/3675/1
f 1463/3675/1 1505/3676/1 1459/3521/1
f 1505/3676/1 1509/3522/1 1459/3521/1
f 1459/3521/1 1509/3522/1 1455/3435/1
f 1509/3522/1 1513/3436/1 1455/3435/1
f 1455/3435/1 1513/3436/1 1451/3299/1
f 1513/3436/1 1517/3300/1 1451/3299/1
f 1451/3299/1 1517/3300/1 1447/3177/1
f 1517/3300/1 1521/3178/1 1447/3177/1
f 1447/3177/1 1521/3178/1 1443/3055/1
f 1521/3178/1 1525/3056/1 1443/3055/1
f 1443/3055/1 1525/3056/1 1439/2975/1
f 1525/3056/1 1529/2976/1 1439/2975/1
f 1439/2975/1 1529/2976/1 1435/2905/1
f 1529/2976/1 1533/2906/1 1435/2905/1
f 1435/2905/1 1533/2906/1 2097/112/1
f 1435/2905/1 2097/112/1 1431/2905/1
f 1431/2905/1 2097/112/1 1333/2904/1
f 1431/2905/1 1333/2904/1 1427/2974/1
f 1427/2974/1 1333/2904/1 1337/2973/1
f 1427/2974/1 1337/2973/1 1423/3054/1
f 1423/3054/1 1337/2973/1 1341/3053/1
f 1423/3054/1 1341/3053/1 1419/3176/1
f 1419/3176/1 1341/3053/1 1345/3175/1
f 1419/3176/1 1345/3175/1 1415/3298/1
f 1415/3298/1 1345/3175/1 1349/3297/1
f 1415/3298/1 1349/3297/1 1411/3434/1
f 1411/3434/1 1349/3297/1 1353/3433/1
f 1411/3434/1 1353/3433/1 1407/3520/1
f 1407/3520/1 1353/3433/1 1357/3519/1
f 1407/3520/1 1357/3519/1 1403/3674/1
f 1403/3674/1 1357/3519/1 1361/3673/1
f 1403/3674/1 1361/3673/1 1399/3822/1
f 1399/3822/1 1361/3673/1 1365/3821/1
f 1399/3822/1 1365/3821/1 1395/3952/1
f 1395/3952/1 1365/3821/1 1369/3951/1
f 1395/3952/1 1369/3951/1 1391/4072/1
f 1391/4072/1 1369/3951/1 1373/4071/1
f 1391/4072/1 1373/4071/1 1387/4232/1
f 1387/4232/1 1373/4071/1 1377/4231/1
f 1387/4232/1 1377/4231/1 1383/4422/1
f 1383/4422/1 1377/4231/1 1381/4421/1
f 1383/4422/1 1381/4421/1 1379/4583/1
f 1533/2906/1 1537/2906/1 2097/112/1
f 2098/8106/1 1536/7955/1 1434/7954/1
f 1434/7954/1 1536/7955/1 1532/7955/1
f 1434/7954/1 1532/7955/1 1438/7954/1
f 1438/7954/1 1532/7955/1 1528/7877/1
f 1438/7954/1 1528/7877/1 1442/7876/1
f 1442/7876/1 1528/7877/1 1524/7793/1
f 1442/7876/1 1524/7793/1 1446/7792/1
f 1446/7792/1 1524/7793/1 1520/7709/1
f 1446/7792/1 1520/7709/1 1450/7708/1
f 1450/7708/1 1520/7709/1 1516/7628/1
f 1450/7708/1 1516/7628/1 1454/7627/1
f 1454/7627/1 1516/7628/1 1512/7556/1
f 1454/7627/1 1512/7556/1 1458/7555/1
f 1458/7555/1 1512/7556/1 1508/7484/1
f 1458/7555/1 1508/7484/1 1462/7483/1
f 1462/7483/1 1508/7484/1 1504/7410/1
f 1462/7483/1 1504/7410/1 1466/7409/1
f 1466/7409/1 1504/7410/1 1500/7333/1
f 1466/7409/1 1500/7333/1 1470/7332/1
f 1470/7332/1 1500/7333/1 1496/7249/1
f 1470/7332/1 1496/7249/1 1474/7248/1
f 1474/7248/1 1496/7249/1 1492/7165/1
f 1474/7248/1 1492/7165/1 1478/7164/1
f 1478/7164/1 1492/7165/1 1488/7081/1
f 1478/7164/1 1488/7081/1 1482/7080/1
f 1482/7080/1 1488/7081/1 1486/6993/1
f 1482/7080/1 1486/6993/1 1484/6992/1
f 1484/6992/1 1486/6993/1 1490/6909/1
f 1484/6992/1 1490/6909/1 1480/6908/1
f 1480/6908/1 1490/6909/1 1494/6825/1
f 1480/6908/1 1494/6825/1 1476/6824/1
f 1476/6824/1 1494/6825/1 1498/6739/1
f 1476/6824/1 1498/6739/1 1472/6738/1
f 1472/6738/1 1498/6739/1 1502/6654/1
f 1472/6738/1 1502/6654/1 1468/6653/1
f 1468/6653/1 1502/6654/1 1506/6573/1
f 1468/6653/1 1506/6573/1 1464/6572/1
f 1354/6412/1 1412/6413/1 1413/5649/1
f 1413/5649/1 1412/6413/1 1416/6338/1
f 1413/5649/1 1416/6338/1 1417/5727/1
f 1417/5727/1 1416/6338/1 1420/6254/1
f 1417/5727/1 1420/6254/1 1421/5807/1
f 1421/5807/1 1420/6254/1 1424/6170/1
f 1421/5807/1 1424/6170/1 1425/5887/1
f 1425/5887/1 1424/6170/1 1428/6086/1
f 1425/5887/1 1428/6086/1 1429/5957/1
f 1429/5957/1 1428/6086/1 1432/6015/1
f 1429/5957/1 1432/6015/1 1433/5958/1
f 1433/5958/1 1432/6015/1 1436/6015/1
f 1433/5958/1 1436/6015/1 1437/5958/1
f 1437/5958/1 1436/6015/1 1440/6087/1
f 1437/5958/1 1440/6087/1 1441/5888/1
f 1441/5888/1 1440/6087/1 1444/6171/1
f 1441/5888/1 1444/6171/1 1445/5808/1
f 1445/5808/1 1444/6171/1 1448/6255/1
f 1445/5808/1 1448/6255/1 1449/5728/1
f 1449/5728/1 1448/6255/1 1452/6339/1
f 1449/5728/1 1452/6339/1 1453/5650/1
f 1453/5650/1 1452/6339/1 1456/6414/1
f 1453/5650/1 1456/6414/1 1457/5580/1
f 1457/5580/1 1456/6414/1 1460/6495/1
f 1457/5580/1 1460/6495/1 1461/5510/1
f 1461/5510/1 1460/6495/1 1464/6572/1
f 1393/4954/1 1371/4953/1 1397/5242/1
f 1397/5242/1 1371/4953/1 1367/5241/1
f 1397/5242/1 1367/5241/1 1401/5433/1
f 1401/5433/1 1367/5241/1 1363/5432/1
f 1401/5433/1 1363/5432/1 1405/5509/1
f 1405/5509/1 1363/5432/1 1359/5508/1
f 1405/5509/1 1359/5508/1 1409/5579/1
f 1409/5579/1 1359/5508/1 1355/5578/1
f 1409/5579/1 1355/5578/1 1413/5649/1
f 1413/5649/1 1355/5578/1 1351/5648/1
f 1413/5649/1 1351/5648/1 1354/6412/1
f 1354/6412/1 1351/5648/1 1350/6337/1
f 1393/4954/1 1389/4754/1 1371/4953/1
f 1371/4953/1 1389/4754/1 1375/4753/1
f 1389/4754/1 1385/4584/1 1375/4753/1
f 1375/4753/1 1385/4584/1 1379/4583/1
f 1385/4584/1 1383/4422/1 1379/4583/1
f 2098/8106/1 1434/7954/1 1332/7953/1
f 1332/7953/1 1434/7954/1 1430/7954/1
f 1332/7953/1 1430/7954/1 1336/7953/1
f 1336/7953/1 1430/7954/1 1426/7875/1
f 1336/7953/1 1426/7875/1 1340/7874/1
f 1340/7874/1 1426/7875/1 1422/7791/1
f 1340/7874/1 1422/7791/1 1344/7790/1
f 1344/7790/1 1422/7791/1 1418/7707/1
f 1344/7790/1 1418/7707/1 1348/7706/1
f 1348/7706/1 1418/7707/1 1414/7626/1
f 1348/7706/1 1414/7626/1 1352/7625/1
f 1352/7625/1 1414/7626/1 1410/7554/1
f 1352/7625/1 1410/7554/1 1356/7553/1
f 1356/7553/1 1410/7554/1 1406/7482/1
f 1356/7553/1 1406/7482/1 1360/7481/1
f 1360/7481/1 1406/7482/1 1402/7408/1
f 1360/7481/1 1402/7408/1 1364/7407/1
f 1364/7407/1 1402/7408/1 1398/7331/1
f 1364/7407/1 1398/7331/1 1368/7330/1
f 1368/7330/1 1398/7331/1 1394/7247/1
f 1368/7330/1 1394/7247/1 1372/7246/1
f 1372/7246/1 1394/7247/1 1390/7163/1
f 1372/7246/1 1390/7163/1 1376/7162/1
f 1376/7162/1 1390/7163/1 1386/7079/1
f 1376/7162/1 1386/7079/1 1380/7078/1
f 1380/7078/1 1386/7079/1 1384/6991/1
f 1380/7078/1 1384/6991/1 1382/6990/1
f 1382/6990/1 1384/6991/1 1388/6907/1
f 1382/6990/1 1388/6907/1 1378/6906/1
f 1378/6906/1 1388/6907/1 1392/6823/1
f 1378/6906/1 1392/6823/1 1374/6822/1
f 1374/6822/1 1392/6823/1 1396/6737/1
f 1374/6822/1 1396/6737/1 1370/6736/1
f 1370/6736/1 1396/6737/1 1400/6652/1
f 1370/6736/1 1400/6652/1 1366/6651/1
f 1366/6651/1 1400/6652/1 1404/6571/1
f 1366/6651/1 1404/6571/1 1362/6570/1
f 1362/6570/1 1404/6571/1 1408/6494/1
f 1362/6570/1 1408/6494/1 1358/6493/1
f 1358/6493/1 1408/6494/1 1412/6413/1
f 1358/6493/1 1412/6413/1 1354/6412/1
f 1252/6410/1 1310/6411/1 1311/5647/1
f 1311/5647/1 1310/6411/1 1314/6336/1
f 1311/5647/1 1314/6336/1 1315/5725/1
f 1315/5725/1 1314/6336/1 1318/6252/1
f 1315/5725/1 1318/6252/1 1319/5805/1
f 1319/5805/1 1318/6252/1 1322/6168/1
f 1319/5805/1 1322/6168/1 1323/5885/1
f 1323/5885/1 1322/6168/1 1326/6084/1
f 1323/5885/1 1326/6084/1 1327/5955/1
f 1327/5955/1 1326/6084/1 1330/6014/1
f 1327/5955/1 1330/6014/1 1331/5956/1
f 1331/5956/1 1330/6014/1 1334/6014/1
f 1331/5956/1 1334/6014/1 1335/5956/1
f 1335/5956/1 1334/6014/1 1338/6085/1
f 1335/5956/1 1338/6085/1 1339/5886/1
f 1339/5886/1 1338/6085/1 1342/6169/1
f 1339/5886/1 1342/6169/1 1343/5806/1
f 1343/5806/1 1342/6169/1 1346/6253/1
f 1343/5806/1 1346/6253/1 1347/5726/1
f 1347/5726/1 1346/6253/1 1350/6337/1
f 1347/5726/1 1350/6337/1 1351/5648/1
f 1291/4952/1 1269/4951/1 1295/5238/1
f 1295/5238/1 1269/4951/1 1265/5237/1
f 1295/5238/1 1265/5237/1 1299/5431/1
f 1299/5431/1 1265/5237/1 1261/5430/1
f 1299/5431/1 1261/5430/1 1303/5507/1
f 1303/5507/1 1261/5430/1 1257/5506/1
f 1303/5507/1 1257/5506/1 1307/5577/1
f 1307/5577/1 1257/5506/1 1253/5576/1
f 1307/5577/1 1253/5576/1 1311/5647/1
f 1311/5647/1 1253/5576/1 1249/5646/1
f 1311/5647/1 1249/5646/1 1252/6410/1
f 1252/6410/1 1249/5646/1 1248/6335/1
f 1291/4952/1 1287/4752/1 1269/4951/1
f 1269/4951/1 1287/4752/1 1273/4751/1
f 1287/4752/1 1283/4582/1 1273/4751/1
f 1273/4751/1 1283/4582/1 1277/4581/1
f 1283/4582/1 1281/4420/1 1277/4581/1
f 1277/4581/1 1281/4420/1 1279/4419/1
f 1279/4419/1 1281/4420/1 1275/4229/1
f 1275/4229/1 1281/4420/1 1285/4230/1
f 1275/4229/1 1285/4230/1 1271/4069/1
f 1271/4069/1 1285/4230/1 1289/4070/1
f 1271/4069/1 1289/4070/1 1267/3949/1
f 1267/3949/1 1289/4070/1 1293/3950/1
f 1267/3949/1 1293/3950/1 1263/3819/1
f 1263/3819/1 1293/3950/1 1297/3820/1
f 1263/3819/1 1297/3820/1 1259/3671/1
f 1259/3671/1 1297/3820/1 1301/3672/1
f 1259/3671/1 1301/3672/1 1255/3517/1
f 1255/3517/1 1301/3672/1 1305/3518/1
f 1255/3517/1 1305/3518/1 1251/3431/1
f 1251/3431/1 1305/3518/1 1309/3432/1
f 1251/3431/1 1309/3432/1 1247/3295/1
f 1247/3295/1 1309/3432/1 1313/3296/1
f 1247/3295/1 1313/3296/1 1243/3173/1
f 1243/3173/1 1313/3296/1 1317/3174/1
f 1243/3173/1 1317/3174/1 1239/3051/1
f 1239/3051/1 1317/3174/1 1321/3052/1
f 1239/3051/1 1321/3052/1 1235/2971/1
f 1235/2971/1 1321/3052/1 1325/2972/1
f 1235/2971/1 1325/2972/1 1231/2903/1
f 1231/2903/1 1325/2972/1 1329/2904/1
f 1231/2903/1 1329/2904/1 2097/112/1
f 2097/112/1 1329/2904/1 1333/2904/1
f 1230/7950/1 1328/7952/1 1234/7950/1
f 1234/7950/1 1328/7952/1 1324/7873/1
f 1234/7950/1 1324/7873/1 1238/7872/1
f 1238/7872/1 1324/7873/1 1320/7789/1
f 1238/7872/1 1320/7789/1 1242/7788/1
f 1242/7788/1 1320/7789/1 1316/7705/1
f 1242/7788/1 1316/7705/1 1246/7704/1
f 1246/7704/1 1316/7705/1 1312/7624/1
f 1246/7704/1 1312/7624/1 1250/7623/1
f 1250/7623/1 1312/7624/1 1308/7552/1
f 1250/7623/1 1308/7552/1 1254/7551/1
f 1254/7551/1 1308/7552/1 1304/7480/1
f 1254/7551/1 1304/7480/1 1258/7479/1
f 1258/7479/1 1304/7480/1 1300/7406/1
f 1258/7479/1 1300/7406/1 1262/7405/1
f 1262/7405/1 1300/7406/1 1296/7329/1
f 1262/7405/1 1296/7329/1 1266/7328/1
f 1266/7328/1 1296/7329/1 1292/7245/1
f 1266/7328/1 1292/7245/1 1270/7244/1
f 1270/7244/1 1292/7245/1 1288/7161/1
f 1270/7244/1 1288/7161/1 1274/7160/1
f 1274/7160/1 1288/7161/1 1284/7077/1
f 1274/7160/1 1284/7077/1 1278/7076/1
f 1278/7076/1 1284/7077/1 1282/6989/1
f 1278/7076/1 1282/6989/1 1280/6988/1
f 1280/6988/1 1282/6989/1 1286/6905/1
f 1280/6988/1 1286/6905/1 1276/6904/1
f 1276/6904/1 1286/6905/1 1290/6821/1
f 1276/6904/1 1290/6821/1 1272/6820/1
f 1272/6820/1 1290/6821/1 1294/6735/1
f 1272/6820/1 1294/6735/1 1268/6734/1
f 1268/6734/1 1294/6735/1 1298/6650/1
f 1268/6734/1 1298/6650/1 1264/6649/1
f 1264/6649/1 1298/6650/1 1302/6569/1
f 1264/6649/1 1302/6569/1 1260/6568/1
f 1260/6568/1 1302/6569/1 1306/6492/1
f 1260/6568/1 1306/6492/1 1256/6491/1
f 1256/6491/1 1306/6492/1 1310/6411/1
f 1256/6491/1 1310/6411/1 1252/6410/1
f 1201/5505/1 1204/6490/1 1205/5575/1
f 1205/5575/1 1204/6490/1 1208/6409/1
f 1205/5575/1 1208/6409/1 1209/5645/1
f 1209/5645/1 1208/6409/1 1212/6334/1
f 1209/5645/1 1212/6334/1 1213/5723/1
f 1213/5723/1 1212/6334/1 1216/6250/1
f 1213/5723/1 1216/6250/1 1217/5803/1
f 1217/5803/1 1216/6250/1 1220/6166/1
f 1217/5803/1 1220/6166/1 1221/5883/1
f 1221/5883/1 1220/6166/1 1224/6082/1
f 1221/5883/1 1224/6082/1 1225/5954/1
f 1225/5954/1 1224/6082/1 1228/6013/1
f 1225/5954/1 1228/6013/1 1229/5953/1
f 1229/5953/1 1228/6013/1 1232/6013/1
f 1229/5953/1 1232/6013/1 1233/5953/1
f 1233/5953/1 1232/6013/1 1236/6083/1
f 1233/5953/1 1236/6083/1 1237/5884/1
f 1237/5884/1 1236/6083/1 1240/6167/1
f 1237/5884/1 1240/6167/1 1241/5804/1
f 1241/5804/1 1240/6167/1 1244/6251/1
f 1241/5804/1 1244/6251/1 1245/5724/1
f 1245/5724/1 1244/6251/1 1248/6335/1
f 1245/5724/1 1248/6335/1 1249/5646/1
f 1227/2903/1 1231/2903/1 2097/112/1
f 742/6396/1 800/6398/1 801/5634/1
f 801/5634/1 800/6398/1 804/6320/1
f 801/5634/1 804/6320/1 805/5709/1
f 805/5709/1 804/6320/1 808/6236/1
f 805/5709/1 808/6236/1 809/5789/1
f 809/5789/1 808/6236/1 812/6152/1
f 809/5789/1 812/6152/1 813/5869/1
f 813/5869/1 812/6152/1 816/6068/1
f 813/5869/1 816/6068/1 817/5941/1
f 817/5941/1 816/6068/1 820/6006/1
f 817/5941/1 820/6006/1 821/5942/1
f 821/5942/1 820/6006/1 824/6006/1
f 821/5942/1 824/6006/1 825/5942/1
f 825/5942/1 824/6006/1 828/6069/1
f 825/5942/1 828/6069/1 829/5870/1
f 829/5870/1 828/6069/1 832/6153/1
f 829/5870/1 832/6153/1 833/5790/1
f 833/5790/1 832/6153/1 836/6237/1
f 833/5790/1 836/6237/1 837/5710/1
f 837/5710/1 836/6237/1 840/6321/1
f 837/5710/1 840/6321/1 841/5635/1
f 841/5635/1 840/6321/1 844/6399/1
f 841/5635/1 844/6399/1 845/5565/1
f 845/5565/1 844/6399/1 848/6477/1
f 845/5565/1 848/6477/1 849/5494/1
f 849/5494/1 848/6477/1 852/6556/1
f 849/5494/1 852/6556/1 853/5418/1
f 853/5418/1 852/6556/1 856/6635/1
f 853/5418/1 856/6635/1 857/5212/1
f 857/5212/1 856/6635/1 860/6720/1
f 857/5212/1 860/6720/1 861/4937/1
f 861/4937/1 860/6720/1 864/6806/1
f 861/4937/1 864/6806/1 865/4737/1
f 865/4737/1 864/6806/1 868/6890/1
f 865/4737/1 868/6890/1 869/4561/1
f 781/4935/1 759/4934/1 785/5208/1
f 785/5208/1 759/4934/1 755/5206/1
f 785/5208/1 755/5206/1 789/5416/1
f 789/5416/1 755/5206/1 751/5415/1
f 789/5416/1 751/5415/1 793/5492/1
f 793/5492/1 751/5415/1 747/5491/1
f 793/5492/1 747/5491/1 797/5564/1
f 797/5564/1 747/5491/1 743/5562/1
f 797/5564/1 743/5562/1 801/5634/1
f 801/5634/1 743/5562/1 739/5632/1
f 801/5634/1 739/5632/1 742/6396/1
f 742/6396/1 739/5632/1 738/6317/1
f 781/4935/1 777/4735/1 759/4934/1
f 759/4934/1 777/4735/1 763/4734/1
f 777/4735/1 773/4558/1 763/4734/1
f 763/4734/1 773/4558/1 767/4557/1
f 773/4558/1 771/4396/1 767/4557/1
f 767/4557/1 771/4396/1 769/4395/1
f 769/4395/1 771/4396/1 765/4212/1
f 765/4212/1 771/4396/1 775/4213/1
f 765/4212/1 775/4213/1 761/4052/1
f 761/4052/1 775/4213/1 779/4053/1
f 761/4052/1 779/4053/1 757/3932/1
f 757/3932/1 779/4053/1 783/3933/1
f 757/3932/1 783/3933/1 753/3795/1
f 753/3795/1 783/3933/1 787/3796/1
f 753/3795/1 787/3796/1 749/3656/1
f 749/3656/1 787/3796/1 791/3657/1
f 749/3656/1 791/3657/1 745/3499/1
f 745/3499/1 791/3657/1 795/3501/1
f 745/3499/1 795/3501/1 741/3412/1
f 741/3412/1 795/3501/1 799/3414/1
f 741/3412/1 799/3414/1 737/3277/1
f 737/3277/1 799/3414/1 803/3280/1
f 737/3277/1 803/3280/1 733/3155/1
f 733/3155/1 803/3280/1 807/3158/1
f 733/3155/1 807/3158/1 729/3033/1
f 729/3033/1 807/3158/1 811/3036/1
f 729/3033/1 811/3036/1 725/2953/1
f 725/2953/1 811/3036/1 815/2956/1
f 725/2953/1 815/2956/1 721/2894/1
f 721/2894/1 815/2956/1 819/2896/1
f 721/2894/1 819/2896/1 1/1/1
f 1/1/1 819/2896/1 823/2896/1
f 800/6398/1 746/6473/1 796/6475/1
f 796/6475/1 746/6473/1 750/6553/1
f 796/6475/1 750/6553/1 792/6554/1
f 792/6554/1 750/6553/1 754/6632/1
f 792/6554/1 754/6632/1 788/6633/1
f 788/6633/1 754/6632/1 758/6717/1
f 788/6633/1 758/6717/1 784/6718/1
f 784/6718/1 758/6717/1 762/6803/1
f 784/6718/1 762/6803/1 780/6804/1
f 780/6804/1 762/6803/1 766/6887/1
f 780/6804/1 766/6887/1 776/6888/1
f 776/6888/1 766/6887/1 770/6971/1
f 776/6888/1 770/6971/1 772/6972/1
f 772/6972/1 770/6971/1 768/7059/1
f 772/6972/1 768/7059/1 774/7060/1
f 774/7060/1 768/7059/1 764/7143/1
f 774/7060/1 764/7143/1 778/7144/1
f 778/7144/1 764/7143/1 760/7227/1
f 778/7144/1 760/7227/1 782/7228/1
f 782/7228/1 760/7227/1 756/7311/1
f 782/7228/1 756/7311/1 786/7312/1
f 786/7312/1 756/7311/1 752/7390/1
f 786/7312/1 752/7390/1 790/7391/1
f 790/7391/1 752/7390/1 748/7464/1
f 790/7391/1 748/7464/1 794/7465/1
f 794/7465/1 748/7464/1 744/7537/1
f 794/7465/1 744/7537/1 798/7539/1
f 798/7539/1 744/7537/1 740/7609/1
f 798/7539/1 740/7609/1 802/7611/1
f 802/7611/1 740/7609/1 736/7686/1
f 802/7611/1 736/7686/1 806/7689/1
f 806/7689/1 736/7686/1 732/7770/1
f 806/7689/1 732/7770/1 810/7773/1
f 810/7773/1 732/7770/1 728/7854/1
f 810/7773/1 728/7854/1 814/7857/1
f 814/7857/1 728/7854/1 724/7935/1
f 814/7857/1 724/7935/1 818/7939/1
f 818/7939/1 724/7935/1 720/7935/1
f 818/7939/1 720/7935/1 822/7938/1
f 822/7938/1 720/7935/1 2/7996/1
f 822/7938/1 2/7996/1 2098/8106/1
f 640/6393/1 698/6395/1 699/5631/1
f 699/5631/1 698/6395/1 702/6316/1
f 699/5631/1 702/6316/1 703/5705/1
f 703/5705/1 702/6316/1 706/6232/1
f 703/5705/1 706/6232/1 707/5785/1
f 707/5785/1 706/6232/1 710/6148/1
f 707/5785/1 710/6148/1 711/5865/1
f 711/5865/1 710/6148/1 714/6064/1
f 711/5865/1 714/6064/1 715/5938/1
f 715/5938/1 714/6064/1 718/6004/1
f 715/5938/1 718/6004/1 719/5937/1
f 719/5937/1 718/6004/1 722/6004/1
f 719/5937/1 722/6004/1 723/5937/1
f 723/5937/1 722/6004/1 726/6065/1
f 723/5937/1 726/6065/1 727/5866/1
f 727/5866/1 726/6065/1 730/6149/1
f 727/5866/1 730/6149/1 731/5786/1
f 731/5786/1 730/6149/1 734/6233/1
f 731/5786/1 734/6233/1 735/5706/1
f 735/5706/1 734/6233/1 738/6317/1
f 735/5706/1 738/6317/1 739/5632/1
f 679/4931/1 657/4930/1 683/5201/1
f 683/5201/1 657/4930/1 653/5199/1
f 683/5201/1 653/5199/1 687/5413/1
f 687/5413/1 653/5199/1 649/5412/1
f 687/5413/1 649/5412/1 691/5489/1
f 691/5489/1 649/5412/1 645/5488/1
f 691/5489/1 645/5488/1 695/5561/1
f 695/5561/1 645/5488/1 641/5559/1
f 695/5561/1 641/5559/1 699/5631/1
f 699/5631/1 641/5559/1 637/5629/1
f 699/5631/1 637/5629/1 640/6393/1
f 640/6393/1 637/5629/1 636/6313/1
f 679/4931/1 675/4731/1 657/4930/1
f 657/4930/1 675/4731/1 661/4730/1
f 675/4731/1 671/4552/1 661/4730/1
f 661/4730/1 671/4552/1 665/4551/1
f 671/4552/1 669/4390/1 665/4551/1
f 665/4551/1 669/4390/1 667/4389/1
f 667/4389/1 669/4390/1 663/4208/1
f 663/4208/1 669/4390/1 673/4209/1
f 663/4208/1 673/4209/1 659/4048/1
f 659/4048/1 673/4209/1 677/4049/1
f 659/4048/1 677/4049/1 655/3928/1
f 655/3928/1 677/4049/1 681/3929/1
f 655/3928/1 681/3929/1 651/3789/1
f 651/3789/1 681/3929/1 685/3790/1
f 651/3789/1 685/3790/1 647/3653/1
f 647/3653/1 685/3790/1 689/3654/1
f 647/3653/1 689/3654/1 643/3495/1
f 643/3495/1 689/3654/1 693/3497/1
f 643/3495/1 693/3497/1 639/3408/1
f 639/3408/1 693/3497/1 697/3410/1
f 639/3408/1 697/3410/1 635/3273/1
f 635/3273/1 697/3410/1 701/3276/1
f 635/3273/1 701/3276/1 631/3151/1
f 631/3151/1 701/3276/1 705/3154/1
f 631/3151/1 705/3154/1 627/3029/1
f 627/3029/1 705/3154/1 709/3032/1
f 627/3029/1 709/3032/1 623/2949/1
f 623/2949/1 709/3032/1 713/2952/1
f 623/2949/1 713/2952/1 717/2894/1
f 721/2894/1 1/1/1 717/2894/1
f 717/2894/1 1/1/1 619/2892/1
f 717/2894/1 619/2892/1 623/2949/1
f 2/7996/1 720/7935/1 618/7930/1
f 618/7930/1 720/7935/1 716/7934/1
f 618/7930/1 716/7934/1 622/7931/1
f 622/7931/1 716/7934/1 712/7853/1
f 622/7931/1 712/7853/1 626/7850/1
f 626/7850/1 712/7853/1 708/7769/1
f 626/7850/1 708/7769/1 630/7766/1
f 630/7766/1 708/7769/1 704/7685/1
f 630/7766/1 704/7685/1 634/7682/1
f 634/7682/1 704/7685/1 700/7608/1
f 634/7682/1 700/7608/1 638/7606/1
f 638/7606/1 700/7608/1 696/7536/1
f 638/7606/1 696/7536/1 642/7534/1
f 642/7534/1 696/7536/1 692/7462/1
f 642/7534/1 692/7462/1 646/7461/1
f 646/7461/1 692/7462/1 688/7388/1
f 646/7461/1 688/7388/1 650/7387/1
f 650/7387/1 688/7388/1 684/7308/1
f 650/7387/1 684/7308/1 654/7307/1
f 654/7307/1 684/7308/1 680/7224/1
f 654/7307/1 680/7224/1 658/7223/1
f 658/7223/1 680/7224/1 676/7140/1
f 658/7223/1 676/7140/1 662/7139/1
f 662/7139/1 676/7140/1 672/7056/1
f 662/7139/1 672/7056/1 666/7055/1
f 666/7055/1 672/7056/1 670/6968/1
f 666/7055/1 670/6968/1 668/6967/1
f 668/6967/1 670/6968/1 674/6884/1
f 668/6967/1 674/6884/1 664/6883/1
f 664/6883/1 674/6884/1 678/6800/1
f 664/6883/1 678/6800/1 660/6799/1
f 660/6799/1 678/6800/1 682/6714/1
f 660/6799/1 682/6714/1 656/6713/1
f 656/6713/1 682/6714/1 686/6629/1
f 656/6713/1 686/6629/1 652/6628/1
f 652/6628/1 686/6629/1 690/6551/1
f 652/6628/1 690/6551/1 648/6550/1
f 648/6550/1 690/6551/1 694/6471/1
f 648/6550/1 694/6471/1 644/6469/1
f 644/6469/1 694/6471/1 698/6395/1
f 644/6469/1 698/6395/1 640/6393/1
f 742/6396/1 746/6473/1 800/6398/1
f 563/4519/1 562/6866/1 569/4546/1
f 569/4546/1 562/6866/1 572/6880/1
f 569/4546/1 572/6880/1 573/4727/1
f 573/4727/1 572/6880/1 576/6796/1
f 573/4727/1 576/6796/1 577/4927/1
f 577/4927/1 576/6796/1 580/6710/1
f 577/4927/1 580/6710/1 581/5194/1
f 581/5194/1 580/6710/1 584/6625/1
f 581/5194/1 584/6625/1 585/5410/1
f 585/5410/1 584/6625/1 588/6548/1
f 585/5410/1 588/6548/1 589/5486/1
f 589/5486/1 588/6548/1 592/6467/1
f 589/5486/1 592/6467/1 593/5558/1
f 593/5558/1 592/6467/1 596/6392/1
f 593/5558/1 596/6392/1 597/5628/1
f 597/5628/1 596/6392/1 600/6312/1
f 597/5628/1 600/6312/1 601/5701/1
f 601/5701/1 600/6312/1 604/6228/1
f 601/5701/1 604/6228/1 605/5781/1
f 605/5781/1 604/6228/1 608/6144/1
f 605/5781/1 608/6144/1 609/5861/1
f 609/5861/1 608/6144/1 612/6060/1
f 609/5861/1 612/6060/1 613/5934/1
f 613/5934/1 612/6060/1 616/6002/1
f 613/5934/1 616/6002/1 617/5934/1
f 617/5934/1 616/6002/1 620/6002/1
f 617/5934/1 620/6002/1 621/5934/1
f 621/5934/1 620/6002/1 624/6061/1
f 621/5934/1 624/6061/1 625/5862/1
f 625/5862/1 624/6061/1 628/6145/1
f 625/5862/1 628/6145/1 629/5782/1
f 629/5782/1 628/6145/1 632/6229/1
f 629/5782/1 632/6229/1 633/5702/1
f 633/5702/1 632/6229/1 636/6313/1
f 633/5702/1 636/6313/1 637/5629/1
f 569/4546/1 567/4384/1 563/4519/1
f 563/4519/1 567/4384/1 565/4357/1
f 565/4357/1 567/4384/1 561/4191/1
f 561/4191/1 567/4384/1 571/4205/1
f 561/4191/1 571/4205/1 557/4031/1
f 557/4031/1 571/4205/1 575/4045/1
f 557/4031/1 575/4045/1 553/3911/1
f 553/3911/1 575/4045/1 579/3925/1
f 553/3911/1 579/3925/1 549/3757/1
f 549/3757/1 579/3925/1 583/3784/1
f 549/3757/1 583/3784/1 545/3637/1
f 545/3637/1 583/3784/1 587/3651/1
f 545/3637/1 587/3651/1 541/3479/1
f 541/3479/1 587/3651/1 591/3493/1
f 541/3479/1 591/3493/1 537/3379/1
f 537/3379/1 591/3493/1 595/3406/1
f 537/3379/1 595/3406/1 533/3257/1
f 533/3257/1 595/3406/1 599/3272/1
f 533/3257/1 599/3272/1 529/3135/1
f 529/3135/1 599/3272/1 603/3150/1
f 529/3135/1 603/3150/1 525/3013/1
f 525/3013/1 603/3150/1 607/3028/1
f 525/3013/1 607/3028/1 521/2933/1
f 521/2933/1 607/3028/1 611/2948/1
f 521/2933/1 611/2948/1 1/1/1
f 1/1/1 611/2948/1 615/2892/1
f 1/1/1 615/2892/1 619/2892/1
f 614/7930/1 520/7916/1 618/7930/1
f 618/7930/1 520/7916/1 516/7916/1
f 618/7930/1 516/7916/1 2/7996/1
f 2/7996/1 516/7916/1 414/7914/1
f 2/7996/1 414/7914/1 410/7913/1
f 614/7930/1 610/7849/1 520/7916/1
f 520/7916/1 610/7849/1 524/7834/1
f 610/7849/1 606/7765/1 524/7834/1
f 524/7834/1 606/7765/1 528/7750/1
f 606/7765/1 602/7681/1 528/7750/1
f 528/7750/1 602/7681/1 532/7666/1
f 602/7681/1 598/7605/1 532/7666/1
f 532/7666/1 598/7605/1 536/7591/1
f 598/7605/1 594/7533/1 536/7591/1
f 536/7591/1 594/7533/1 540/7519/1
f 594/7533/1 590/7459/1 540/7519/1
f 540/7519/1 590/7459/1 544/7445/1
f 590/7459/1 586/7385/1 544/7445/1
f 544/7445/1 586/7385/1 548/7371/1
f 586/7385/1 582/7304/1 548/7371/1
f 548/7371/1 582/7304/1 552/7290/1
f 582/7304/1 578/7220/1 552/7290/1
f 552/7290/1 578/7220/1 556/7206/1
f 578/7220/1 574/7136/1 556/7206/1
f 556/7206/1 574/7136/1 560/7122/1
f 574/7136/1 570/7052/1 560/7122/1
f 560/7122/1 570/7052/1 564/7038/1
f 570/7052/1 568/6964/1 564/7038/1
f 564/7038/1 568/6964/1 566/6950/1
f 568/6964/1 572/6880/1 566/6950/1
f 566/6950/1 572/6880/1 562/6866/1
f 436/6376/1 494/6377/1 495/5613/1
f 495/5613/1 494/6377/1 498/6296/1
f 495/5613/1 498/6296/1 499/5685/1
f 499/5685/1 498/6296/1 502/6212/1
f 499/5685/1 502/6212/1 503/5765/1
f 503/5765/1 502/6212/1 506/6128/1
f 503/5765/1 506/6128/1 507/5845/1
f 507/5845/1 506/6128/1 510/6044/1
f 507/5845/1 510/6044/1 511/5921/1
f 511/5921/1 510/6044/1 514/5994/1
f 511/5921/1 514/5994/1 515/5921/1
f 515/5921/1 514/5994/1 518/5994/1
f 515/5921/1 518/5994/1 519/5921/1
f 519/5921/1 518/5994/1 522/6045/1
f 519/5921/1 522/6045/1 523/5846/1
f 523/5846/1 522/6045/1 526/6129/1
f 523/5846/1 526/6129/1 527/5766/1
f 527/5766/1 526/6129/1 530/6213/1
f 527/5766/1 530/6213/1 531/5686/1
f 531/5686/1 530/6213/1 534/6297/1
f 531/5686/1 534/6297/1 535/5614/1
f 535/5614/1 534/6297/1 538/6378/1
f 535/5614/1 538/6378/1 539/5544/1
f 539/5544/1 538/6378/1 542/6453/1
f 539/5544/1 542/6453/1 543/5472/1
f 543/5472/1 542/6453/1 546/6534/1
f 543/5472/1 546/6534/1 547/5396/1
f 547/5396/1 546/6534/1 550/6611/1
f 547/5396/1 550/6611/1 551/5167/1
f 551/5167/1 550/6611/1 554/6696/1
f 551/5167/1 554/6696/1 555/4913/1
f 555/4913/1 554/6696/1 558/6782/1
f 555/4913/1 558/6782/1 559/4713/1
f 559/4713/1 558/6782/1 562/6866/1
f 559/4713/1 562/6866/1 563/4519/1
f 475/4912/1 453/4911/1 479/5164/1
f 479/5164/1 453/4911/1 449/5163/1
f 479/5164/1 449/5163/1 483/5395/1
f 483/5395/1 449/5163/1 445/5394/1
f 483/5395/1 445/5394/1 487/5471/1
f 487/5471/1 445/5394/1 441/5470/1
f 487/5471/1 441/5470/1 491/5543/1
f 491/5543/1 441/5470/1 437/5542/1
f 491/5543/1 437/5542/1 495/5613/1
f 495/5613/1 437/5542/1 433/5612/1
f 495/5613/1 433/5612/1 436/6376/1
f 436/6376/1 433/5612/1 432/6295/1
f 475/4912/1 471/4712/1 453/4911/1
f 453/4911/1 471/4712/1 457/4711/1
f 471/4712/1 467/4518/1 457/4711/1
f 457/4711/1 467/4518/1 461/4517/1
f 467/4518/1 465/4356/1 461/4517/1
f 461/4517/1 465/4356/1 463/4355/1
f 463/4355/1 465/4356/1 459/4189/1
f 459/4189/1 465/4356/1 469/4190/1
f 459/4189/1 469/4190/1 455/4029/1
f 455/4029/1 469/4190/1 473/4030/1
f 455/4029/1 473/4030/1 451/3909/1
f 451/3909/1 473/4030/1 477/3910/1
f 451/3909/1 477/3910/1 447/3755/1
f 447/3755/1 477/3910/1 481/3756/1
f 447/3755/1 481/3756/1 443/3635/1
f 443/3635/1 481/3756/1 485/3636/1
f 443/3635/1 485/3636/1 439/3477/1
f 439/3477/1 485/3636/1 489/3478/1
f 439/3477/1 489/3478/1 435/3377/1
f 435/3377/1 489/3478/1 493/3378/1
f 435/3377/1 493/3378/1 431/3255/1
f 431/3255/1 493/3378/1 497/3256/1
f 431/3255/1 497/3256/1 427/3133/1
f 427/3133/1 497/3256/1 501/3134/1
f 427/3133/1 501/3134/1 423/3011/1
f 423/3011/1 501/3134/1 505/3012/1
f 423/3011/1 505/3012/1 509/2932/1
f 423/3011/1 509/2932/1 419/2931/1
f 419/2931/1 509/2932/1 513/2884/1
f 419/2931/1 513/2884/1 415/2883/1
f 415/2883/1 513/2884/1 1/1/1
f 415/2883/1 1/1/1 411/2883/1
f 411/2883/1 1/1/1 407/2930/1
f 513/2884/1 517/2884/1 1/1/1
f 1/1/1 517/2884/1 521/2933/1
f 414/7914/1 516/7916/1 418/7914/1
f 418/7914/1 516/7916/1 512/7915/1
f 418/7914/1 512/7915/1 508/7833/1
f 418/7914/1 508/7833/1 422/7832/1
f 422/7832/1 508/7833/1 504/7749/1
f 422/7832/1 504/7749/1 426/7748/1
f 426/7748/1 504/7749/1 500/7665/1
f 426/7748/1 500/7665/1 430/7664/1
f 430/7664/1 500/7665/1 496/7590/1
f 430/7664/1 496/7590/1 434/7589/1
f 434/7589/1 496/7590/1 492/7518/1
f 434/7589/1 492/7518/1 438/7517/1
f 438/7517/1 492/7518/1 488/7444/1
f 438/7517/1 488/7444/1 442/7443/1
f 442/7443/1 488/7444/1 484/7370/1
f 442/7443/1 484/7370/1 446/7369/1
f 446/7369/1 484/7370/1 480/7289/1
f 446/7369/1 480/7289/1 450/7288/1
f 450/7288/1 480/7289/1 476/7205/1
f 450/7288/1 476/7205/1 454/7204/1
f 454/7204/1 476/7205/1 472/7121/1
f 454/7204/1 472/7121/1 458/7120/1
f 458/7120/1 472/7121/1 468/7037/1
f 458/7120/1 468/7037/1 462/7036/1
f 462/7036/1 468/7037/1 466/6949/1
f 462/7036/1 466/6949/1 464/6948/1
f 464/6948/1 466/6949/1 470/6865/1
f 464/6948/1 470/6865/1 460/6864/1
f 460/6864/1 470/6865/1 474/6781/1
f 460/6864/1 474/6781/1 456/6780/1
f 456/6780/1 474/6781/1 478/6695/1
f 456/6780/1 478/6695/1 452/6694/1
f 452/6694/1 478/6695/1 482/6610/1
f 452/6694/1 482/6610/1 448/6609/1
f 448/6609/1 482/6610/1 486/6533/1
f 448/6609/1 486/6533/1 444/6532/1
f 444/6532/1 486/6533/1 490/6452/1
f 444/6532/1 490/6452/1 440/6451/1
f 440/6451/1 490/6452/1 494/6377/1
f 440/6451/1 494/6377/1 436/6376/1
f 347/5159/1 346/6607/1 377/5160/1
f 377/5160/1 346/6607/1 380/6608/1
f 377/5160/1 380/6608/1 381/5393/1
f 381/5393/1 380/6608/1 384/6531/1
f 381/5393/1 384/6531/1 385/5469/1
f 385/5469/1 384/6531/1 388/6450/1
f 385/5469/1 388/6450/1 389/5541/1
f 389/5541/1 388/6450/1 392/6375/1
f 389/5541/1 392/6375/1 393/5611/1
f 393/5611/1 392/6375/1 396/6294/1
f 393/5611/1 396/6294/1 397/5683/1
f 397/5683/1 396/6294/1 400/6210/1
f 397/5683/1 400/6210/1 401/5763/1
f 401/5763/1 400/6210/1 404/6126/1
f 401/5763/1 404/6126/1 405/5843/1
f 405/5843/1 404/6126/1 408/6042/1
f 405/5843/1 408/6042/1 409/5920/1
f 409/5920/1 408/6042/1 412/5993/1
f 409/5920/1 412/5993/1 413/5920/1
f 413/5920/1 412/5993/1 416/5993/1
f 413/5920/1 416/5993/1 417/5920/1
f 417/5920/1 416/5993/1 420/6043/1
f 417/5920/1 420/6043/1 421/5844/1
f 421/5844/1 420/6043/1 424/6127/1
f 421/5844/1 424/6127/1 425/5764/1
f 425/5764/1 424/6127/1 428/6211/1
f 425/5764/1 428/6211/1 429/5684/1
f 429/5684/1 428/6211/1 432/6295/1
f 429/5684/1 432/6295/1 433/5612/1
f 377/5160/1 373/4910/1 347/5159/1
f 347/5159/1 373/4910/1 351/4909/1
f 373/4910/1 369/4710/1 351/4909/1
f 351/4909/1 369/4710/1 355/4709/1
f 369/4710/1 365/4516/1 355/4709/1
f 355/4709/1 365/4516/1 359/4515/1
f 365/4516/1 363/4354/1 359/4515/1
f 359/4515/1 363/4354/1 361/4353/1
f 361/4353/1 363/4354/1 357/4187/1
f 357/4187/1 363/4354/1 367/4188/1
f 357/4187/1 367/4188/1 353/4027/1
f 353/4027/1 367/4188/1 371/4028/1
f 353/4027/1 371/4028/1 349/3907/1
f 349/3907/1 371/4028/1 375/3908/1
f 349/3907/1 375/3908/1 345/3753/1
f 345/3753/1 375/3908/1 379/3754/1
f 345/3753/1 379/3754/1 341/3633/1
f 341/3633/1 379/3754/1 383/3634/1
f 341/3633/1 383/3634/1 337/3475/1
f 337/3475/1 383/3634/1 387/3476/1
f 337/3475/1 387/3476/1 333/3375/1
f 333/3375/1 387/3476/1 391/3376/1
f 333/3375/1 391/3376/1 329/3253/1
f 329/3253/1 391/3376/1 395/3254/1
f 329/3253/1 395/3254/1 325/3131/1
f 325/3131/1 395/3254/1 399/3132/1
f 325/3131/1 399/3132/1 403/3010/1
f 325/3131/1 403/3010/1 321/3009/1
f 321/3009/1 403/3010/1 407/2930/1
f 321/3009/1 407/2930/1 317/2929/1
f 317/2929/1 407/2930/1 1/1/1
f 317/2929/1 1/1/1 313/2882/1
f 313/2882/1 1/1/1 309/2882/1
f 2/7996/1 410/7913/1 316/7912/1
f 316/7912/1 410/7913/1 406/7831/1
f 316/7912/1 406/7831/1 320/7830/1
f 320/7830/1 406/7831/1 402/7747/1
f 320/7830/1 402/7747/1 324/7746/1
f 324/7746/1 402/7747/1 398/7663/1
f 324/7746/1 398/7663/1 328/7662/1
f 328/7662/1 398/7663/1 394/7588/1
f 328/7662/1 394/7588/1 332/7587/1
f 332/7587/1 394/7588/1 390/7516/1
f 332/7587/1 390/7516/1 336/7515/1
f 336/7515/1 390/7516/1 386/7442/1
f 336/7515/1 386/7442/1 340/7441/1
f 340/7441/1 386/7442/1 382/7368/1
f 340/7441/1 382/7368/1 344/7367/1
f 344/7367/1 382/7368/1 378/7287/1
f 344/7367/1 378/7287/1 348/7286/1
f 348/7286/1 378/7287/1 374/7203/1
f 348/7286/1 374/7203/1 352/7202/1
f 352/7202/1 374/7203/1 370/7119/1
f 352/7202/1 370/7119/1 356/7118/1
f 356/7118/1 370/7119/1 366/7035/1
f 356/7118/1 366/7035/1 360/7034/1
f 360/7034/1 366/7035/1 364/6947/1
f 360/7034/1 364/6947/1 362/6946/1
f 362/6946/1 364/6947/1 368/6863/1
f 362/6946/1 368/6863/1 358/6862/1
f 358/6862/1 368/6863/1 372/6779/1
f 358/6862/1 372/6779/1 354/6778/1
f 354/6778/1 372/6779/1 376/6693/1
f 354/6778/1 376/6693/1 350/6692/1
f 350/6692/1 376/6693/1 380/6608/1
f 350/6692/1 380/6608/1 346/6607/1
f 56/5986/1 54/5911/1 52/5986/1
f 52/5986/1 54/5911/1 49/5911/1
f 52/5986/1 49/5911/1 48/6028/1
f 48/6028/1 49/5911/1 45/5831/1
f 48/6028/1 45/5831/1 44/6112/1
f 44/6112/1 45/5831/1 41/5751/1
f 44/6112/1 41/5751/1 40/6196/1
f 40/6196/1 41/5751/1 37/5671/1
f 40/6196/1 37/5671/1 36/6280/1
f 36/6280/1 37/5671/1 33/5601/1
f 36/6280/1 33/5601/1 32/6364/1
f 32/6364/1 33/5601/1 29/5531/1
f 32/6364/1 29/5531/1 28/6436/1
f 28/6436/1 29/5531/1 25/5459/1
f 28/6436/1 25/5459/1 24/6520/1
f 24/6520/1 25/5459/1 21/5374/1
f 24/6520/1 21/5374/1 20/6594/1
f 20/6594/1 21/5374/1 17/5138/1
f 20/6594/1 17/5138/1 16/6679/1
f 16/6679/1 17/5138/1 13/4898/1
f 16/6679/1 13/4898/1 12/6765/1
f 12/6765/1 13/4898/1 9/4698/1
f 12/6765/1 9/4698/1 8/6849/1
f 8/6849/1 9/4698/1 5/4498/1
f 8/6849/1 5/4498/1 2/7996/1
f 2/7996/1 5/4498/1 3/4336/1
f 2/7996/1 3/4336/1 1/1/1
f 1/1/1 3/4336/1 7/4176/1
f 1/1/1 7/4176/1 11/4016/1
f 57/7902/1 55/7901/1 2/7996/1
f 2/7996/1 55/7901/1 50/7901/1
f 2/7996/1 50/7901/1 46/7817/1
f 46/7817/1 42/7733/1 2/7996/1
f 2/7996/1 42/7733/1 38/7649/1
f 2/7996/1 38/7649/1 34/7577/1
f 34/7577/1 30/7505/1 2/7996/1
f 2/7996/1 30/7505/1 26/7431/1
f 2/7996/1 26/7431/1 22/7357/1
f 22/7357/1 18/7273/1 2/7996/1
f 2/7996/1 18/7273/1 14/7189/1
f 2/7996/1 14/7189/1 10/7105/1
f 10/7105/1 6/7021/1 2/7996/1
f 2/7996/1 6/7021/1 4/6933/1
f 2/7996/1 4/6933/1 8/6849/1
f 56/5986/1 58/6029/1 54/5911/1
f 54/5911/1 58/6029/1 60/6113/1
f 54/5911/1 60/6113/1 62/6197/1
f 62/6197/1 64/6281/1 54/5911/1
f 54/5911/1 64/6281/1 97/6284/1
f 54/5911/1 97/6284/1 107/5914/1
f 107/5914/1 97/6284/1 99/6200/1
f 107/5914/1 99/6200/1 101/6116/1
f 64/6281/1 66/6365/1 97/6284/1
f 97/6284/1 66/6365/1 95/6367/1
f 66/6365/1 68/6437/1 95/6367/1
f 95/6367/1 68/6437/1 93/6439/1
f 68/6437/1 70/6521/1 93/6439/1
f 93/6439/1 70/6521/1 91/6522/1
f 70/6521/1 72/6596/1 91/6522/1
f 91/6522/1 72/6596/1 89/6597/1
f 89/6597/1 72/6596/1 87/6682/1
f 87/6682/1 72/6596/1 74/6681/1
f 87/6682/1 74/6681/1 85/6768/1
f 85/6768/1 74/6681/1 76/6767/1
f 85/6768/1 76/6767/1 83/6852/1
f 83/6852/1 76/6767/1 78/6851/1
f 83/6852/1 78/6851/1 81/6936/1
f 81/6936/1 78/6851/1 80/6935/1
f 81/6936/1 80/6935/1 79/7023/1
f 81/6936/1 79/7023/1 82/7024/1
f 82/7024/1 79/7023/1 77/7107/1
f 82/7024/1 77/7107/1 84/7108/1
f 84/7108/1 77/7107/1 75/7191/1
f 84/7108/1 75/7191/1 86/7192/1
f 86/7192/1 75/7191/1 73/7275/1
f 86/7192/1 73/7275/1 88/7276/1
f 88/7276/1 73/7275/1 71/7358/1
f 88/7276/1 71/7358/1 90/7359/1
f 90/7359/1 71/7358/1 69/7432/1
f 90/7359/1 69/7432/1 92/7433/1
f 92/7433/1 69/7432/1 67/7506/1
f 92/7433/1 67/7506/1 94/7508/1
f 94/7508/1 67/7506/1 65/7578/1
f 94/7508/1 65/7578/1 96/7580/1
f 96/7580/1 65/7578/1 98/7653/1
f 65/7578/1 63/7650/1 98/7653/1
f 98/7653/1 63/7650/1 100/7737/1
f 63/7650/1 61/7734/1 100/7737/1
f 100/7737/1 61/7734/1 2/7996/1
f 100/7737/1 2/7996/1 102/7821/1
f 102/7821/1 2/7996/1 104/7905/1
f 61/7734/1 59/7818/1 2/7996/1
f 2/7996/1 59/7818/1 57/7902/1
f 112/7905/1 108/7905/1 2/7996/1
f 2/7996/1 108/7905/1 104/7905/1
f 101/6116/1 103/6032/1 107/5914/1
f 107/5914/1 103/6032/1 105/5988/1
f 107/5914/1 105/5988/1 110/5988/1
f 107/5914/1 110/5988/1 111/5914/1
f 111/5914/1 110/5988/1 114/6033/1
f 111/5914/1 114/6033/1 115/5834/1
f 115/5834/1 114/6033/1 118/6117/1
f 115/5834/1 118/6117/1 119/5754/1
f 119/5754/1 118/6117/1 122/6201/1
f 119/5754/1 122/6201/1 123/5674/1
f 123/5674/1 122/6201/1 126/6285/1
f 123/5674/1 126/6285/1 127/5604/1
f 127/5604/1 126/6285/1 130/6368/1
f 127/5604/1 130/6368/1 189/5606/1
f 189/5606/1 130/6368/1 188/6370/1
f 189/5606/1 188/6370/1 192/6288/1
f 130/6368/1 134/6441/1 188/6370/1
f 188/6370/1 134/6441/1 184/6443/1
f 134/6441/1 138/6524/1 184/6443/1
f 184/6443/1 138/6524/1 180/6525/1
f 138/6524/1 142/6600/1 180/6525/1
f 180/6525/1 142/6600/1 176/6601/1
f 142/6600/1 146/6685/1 176/6601/1
f 176/6601/1 146/6685/1 172/6686/1
f 146/6685/1 150/6771/1 172/6686/1
f 172/6686/1 150/6771/1 168/6772/1
f 150/6771/1 154/6855/1 168/6772/1
f 168/6772/1 154/6855/1 164/6856/1
f 154/6855/1 158/6939/1 164/6856/1
f 164/6856/1 158/6939/1 160/6940/1
f 158/6939/1 156/7027/1 160/6940/1
f 160/6940/1 156/7027/1 162/7028/1
f 156/7027/1 152/7111/1 162/7028/1
f 162/7028/1 152/7111/1 166/7112/1
f 152/7111/1 148/7195/1 166/7112/1
f 166/7112/1 148/7195/1 170/7196/1
f 148/7195/1 144/7279/1 170/7196/1
f 170/7196/1 144/7279/1 174/7280/1
f 144/7279/1 140/7361/1 174/7280/1
f 174/7280/1 140/7361/1 178/7362/1
f 140/7361/1 136/7435/1 178/7362/1
f 178/7362/1 136/7435/1 182/7436/1
f 136/7435/1 132/7509/1 182/7436/1
f 182/7436/1 132/7509/1 186/7511/1
f 132/7509/1 128/7581/1 186/7511/1
f 186/7511/1 128/7581/1 190/7583/1
f 128/7581/1 124/7654/1 190/7583/1
f 190/7583/1 124/7654/1 194/7657/1
f 124/7654/1 120/7738/1 194/7657/1
f 194/7657/1 120/7738/1 198/7741/1
f 198/7741/1 120/7738/1 202/7825/1
f 202/7825/1 120/7738/1 116/7822/1
f 202/7825/1 116/7822/1 206/7908/1
f 206/7908/1 116/7822/1 112/7905/1
f 206/7908/1 112/7905/1 2/7996/1
f 51/2876/1 53/2833/1 1/1/1
f 1/1/1 53/2833/1 106/2837/1
f 1/1/1 106/2837/1 109/2878/1
f 109/2878/1 113/2921/1 1/1/1
f 1/1/1 113/2921/1 203/2924/1
f 1/1/1 203/2924/1 207/2880/1
f 113/2921/1 117/3001/1 203/2924/1
f 203/2924/1 117/3001/1 199/3004/1
f 117/3001/1 121/3123/1 199/3004/1
f 199/3004/1 121/3123/1 195/3126/1
f 121/3123/1 125/3245/1 195/3126/1
f 195/3126/1 125/3245/1 191/3248/1
f 125/3245/1 129/3367/1 191/3248/1
f 191/3248/1 129/3367/1 187/3369/1
f 129/3367/1 133/3467/1 187/3369/1
f 187/3369/1 133/3467/1 183/3469/1
f 183/3469/1 133/3467/1 179/3628/1
f 179/3628/1 133/3467/1 137/3627/1
f 179/3628/1 137/3627/1 175/3744/1
f 175/3744/1 137/3627/1 141/3743/1
f 175/3744/1 141/3743/1 171/3901/1
f 171/3901/1 141/3743/1 145/3900/1
f 171/3901/1 145/3900/1 167/4021/1
f 167/4021/1 145/3900/1 149/4020/1
f 167/4021/1 149/4020/1 163/4181/1
f 163/4181/1 149/4020/1 153/4180/1
f 163/4181/1 153/4180/1 159/4344/1
f 159/4344/1 153/4180/1 157/4343/1
f 159/4344/1 157/4343/1 155/4505/1
f 159/4344/1 155/4505/1 161/4506/1
f 161/4506/1 155/4505/1 151/4702/1
f 161/4506/1 151/4702/1 165/4703/1
f 165/4703/1 151/4702/1 147/4902/1
f 165/4703/1 147/4902/1 169/4903/1
f 169/4903/1 147/4902/1 173/5148/1
f 147/4902/1 143/5146/1 173/5148/1
f 173/5148/1 143/5146/1 177/5380/1
f 143/5146/1 139/5378/1 177/5380/1
f 177/5380/1 139/5378/1 181/5463/1
f 139/5378/1 135/5462/1 181/5463/1
f 181/5463/1 135/5462/1 185/5536/1
f 135/5462/1 131/5534/1 185/5536/1
f 185/5536/1 131/5534/1 189/5606/1
f 131/5534/1 127/5604/1 189/5606/1
f 11/4016/1 15/3896/1 1/1/1
f 1/1/1 15/3896/1 19/3736/1
f 1/1/1 19/3736/1 23/3624/1
f 23/3624/1 27/3464/1 1/1/1
f 1/1/1 27/3464/1 31/3362/1
f 1/1/1 31/3362/1 35/3242/1
f 35/3242/1 39/3120/1 1/1/1
f 1/1/1 39/3120/1 43/2998/1
f 1/1/1 43/2998/1 47/2918/1
f 47/2918/1 51/2876/1 1/1/1
f 214/7908/1 210/7908/1 2/7996/1
f 2/7996/1 210/7908/1 206/7908/1
f 189/5606/1 192/6288/1 193/5677/1
f 193/5677/1 192/6288/1 196/6204/1
f 193/5677/1 196/6204/1 197/5757/1
f 197/5757/1 196/6204/1 200/6120/1
f 197/5757/1 200/6120/1 201/5837/1
f 201/5837/1 200/6120/1 204/6036/1
f 201/5837/1 204/6036/1 205/5916/1
f 205/5916/1 204/6036/1 208/5990/1
f 205/5916/1 208/5990/1 209/5916/1
f 209/5916/1 208/5990/1 212/5990/1
f 209/5916/1 212/5990/1 213/5916/1
f 213/5916/1 212/5990/1 216/6037/1
f 213/5916/1 216/6037/1 217/5838/1
f 217/5838/1 216/6037/1 220/6121/1
f 217/5838/1 220/6121/1 221/5758/1
f 221/5758/1 220/6121/1 224/6205/1
f 221/5758/1 224/6205/1 225/5678/1
f 225/5678/1 224/6205/1 228/6289/1
f 225/5678/1 228/6289/1 229/5607/1
f 229/5607/1 228/6289/1 232/6371/1
f 229/5607/1 232/6371/1 291/5609/1
f 291/5609/1 232/6371/1 290/6373/1
f 291/5609/1 290/6373/1 294/6292/1
f 232/6371/1 236/6445/1 290/6373/1
f 290/6373/1 236/6445/1 286/6447/1
f 236/6445/1 240/6527/1 286/6447/1
f 286/6447/1 240/6527/1 282/6528/1
f 240/6527/1 244/6604/1 282/6528/1
f 282/6528/1 244/6604/1 278/6605/1
f 244/6604/1 248/6689/1 278/6605/1
f 278/6605/1 248/6689/1 274/6690/1
f 248/6689/1 252/6775/1 274/6690/1
f 274/6690/1 252/6775/1 270/6776/1
f 252/6775/1 256/6859/1 270/6776/1
f 270/6776/1 256/6859/1 266/6860/1
f 256/6859/1 260/6943/1 266/6860/1
f 266/6860/1 260/6943/1 262/6944/1
f 260/6943/1 258/7031/1 262/6944/1
f 262/6944/1 258/7031/1 264/7032/1
f 258/7031/1 254/7115/1 264/7032/1
f 264/7032/1 254/7115/1 268/7116/1
f 254/7115/1 250/7199/1 268/7116/1
f 268/7116/1 250/7199/1 272/7200/1
f 250/7199/1 246/7283/1 272/7200/1
f 272/7200/1 246/7283/1 276/7284/1
f 246/7283/1 242/7364/1 276/7284/1
f 276/7284/1 242/7364/1 280/7365/1
f 242/7364/1 238/7438/1 280/7365/1
f 280/7365/1 238/7438/1 284/7439/1
f 238/7438/1 234/7512/1 284/7439/1
f 284/7439/1 234/7512/1 288/7514/1
f 234/7512/1 230/7584/1 288/7514/1
f 288/7514/1 230/7584/1 292/7586/1
f 230/7584/1 226/7658/1 292/7586/1
f 292/7586/1 226/7658/1 296/7661/1
f 226/7658/1 222/7742/1 296/7661/1
f 296/7661/1 222/7742/1 300/7745/1
f 222/7742/1 218/7826/1 300/7745/1
f 300/7745/1 218/7826/1 304/7829/1
f 304/7829/1 218/7826/1 308/7911/1
f 308/7911/1 218/7826/1 214/7908/1
f 308/7911/1 214/7908/1 2/7996/1
f 207/2880/1 211/2880/1 1/1/1
f 1/1/1 211/2880/1 215/2925/1
f 1/1/1 215/2925/1 305/2928/1
f 305/2928/1 215/2925/1 219/3005/1
f 305/2928/1 219/3005/1 301/3008/1
f 301/3008/1 219/3005/1 223/3127/1
f 301/3008/1 223/3127/1 297/3130/1
f 297/3130/1 223/3127/1 227/3249/1
f 297/3130/1 227/3249/1 293/3252/1
f 293/3252/1 227/3249/1 289/3373/1
f 227/3249/1 231/3371/1 289/3373/1
f 289/3373/1 231/3371/1 285/3473/1
f 231/3371/1 235/3471/1 285/3473/1
f 285/3473/1 235/3471/1 281/3631/1
f 235/3471/1 239/3630/1 281/3631/1
f 281/3631/1 239/3630/1 277/3750/1
f 239/3630/1 243/3749/1 277/3750/1
f 277/3750/1 243/3749/1 273/3905/1
f 243/3749/1 247/3904/1 273/3905/1
f 273/3905/1 247/3904/1 269/4025/1
f 247/3904/1 251/4024/1 269/4025/1
f 269/4025/1 251/4024/1 265/4185/1
f 251/4024/1 255/4184/1 265/4185/1
f 265/4185/1 255/4184/1 261/4350/1
f 255/4184/1 259/4349/1 261/4350/1
f 261/4350/1 259/4349/1 257/4511/1
f 261/4350/1 257/4511/1 263/4512/1
f 263/4512/1 257/4511/1 253/4706/1
f 263/4512/1 253/4706/1 267/4707/1
f 267/4707/1 253/4706/1 249/4906/1
f 267/4707/1 249/4906/1 271/4907/1
f 271/4907/1 249/4906/1 275/5155/1
f 249/4906/1 245/5153/1 275/5155/1
f 275/5155/1 245/5153/1 279/5383/1
f 245/5153/1 241/5382/1 279/5383/1
f 279/5383/1 241/5382/1 283/5466/1
f 241/5382/1 237/5465/1 283/5466/1
f 283/5466/1 237/5465/1 287/5539/1
f 237/5465/1 233/5537/1 287/5539/1
f 287/5539/1 233/5537/1 291/5609/1
f 233/5537/1 229/5607/1 291/5609/1
f 316/7912/1 312/7912/1 2/7996/1
f 2/7996/1 312/7912/1 308/7911/1
f 291/5609/1 294/6292/1 295/5681/1
f 295/5681/1 294/6292/1 298/6208/1
f 295/5681/1 298/6208/1 299/5761/1
f 299/5761/1 298/6208/1 302/6124/1
f 299/5761/1 302/6124/1 303/5841/1
f 303/5841/1 302/6124/1 306/6040/1
f 303/5841/1 306/6040/1 307/5919/1
f 307/5919/1 306/6040/1 310/5992/1
f 307/5919/1 310/5992/1 311/5918/1
f 311/5918/1 310/5992/1 314/5992/1
f 311/5918/1 314/5992/1 315/5918/1
f 315/5918/1 314/5992/1 318/6041/1
f 315/5918/1 318/6041/1 319/5842/1
f 319/5842/1 318/6041/1 322/6125/1
f 319/5842/1 322/6125/1 323/5762/1
f 323/5762/1 322/6125/1 326/6209/1
f 323/5762/1 326/6209/1 327/5682/1
f 327/5682/1 326/6209/1 330/6293/1
f 327/5682/1 330/6293/1 331/5610/1
f 331/5610/1 330/6293/1 334/6374/1
f 331/5610/1 334/6374/1 335/5540/1
f 335/5540/1 334/6374/1 338/6449/1
f 335/5540/1 338/6449/1 339/5468/1
f 339/5468/1 338/6449/1 342/6530/1
f 339/5468/1 342/6530/1 343/5392/1
f 343/5392/1 342/6530/1 346/6607/1
f 343/5392/1 346/6607/1 347/5159/1
f 305/2928/1 309/2882/1 1/1/1
f 315/112/26 2413/8106/26 311/1/28
f 311/1/28 2413/8106/26 2409/7996/28
f 311/1/28 2409/7996/28 307/2/31
f 307/2/31 2409/7996/28 2405/7999/31
f 307/2/31 2405/7999/31 303/5/33
f 303/5/33 2405/7999/31 2401/8001/33
f 303/5/33 2401/8001/33 299/9/35
f 299/9/35 2401/8001/33 2397/8003/35
f 299/9/35 2397/8003/35 295/12/37
f 295/12/37 2397/8003/35 2393/8005/37
f 295/12/37 2393/8005/37 291/14/39
f 291/14/39 2393/8005/37 2389/8008/39
f 291/14/39 2389/8008/39 287/16/41
f 287/16/41 2389/8008/39 2385/8010/41
f 287/16/41 2385/8010/41 283/18/43
f 283/18/43 2385/8010/41 2381/8013/43
f 283/18/43 2381/8013/43 279/20/45
f 279/20/45 2381/8013/43 2377/8015/45
f 279/20/45 2377/8015/45 275/22/47
f 275/22/47 2377/8015/45 2373/8018/47
f 275/22/47 2373/8018/47 271/24/49
f 271/24/49 2373/8018/47 2369/8020/49
f 271/24/49 2369/8020/49 267/26/51
f 267/26/51 2369/8020/49 2365/8022/51
f 267/26/51 2365/8022/51 263/28/53
f 263/28/53 2365/8022/51 2361/8024/53
f 263/28/53 2361/8024/53 261/30/55
f 261/30/55 2361/8024/53 2359/8026/55
f 261/30/55 2359/8026/55 265/32/52
f 265/32/52 2359/8026/55 2363/8028/52
f 265/32/52 2363/8028/52 269/34/50
f 269/34/50 2363/8028/52 2367/8030/50
f 269/34/50 2367/8030/50 273/36/48
f 273/36/48 2367/8030/50 2371/8032/48
f 273/36/48 2371/8032/48 277/38/46
f 277/38/46 2371/8032/48 2375/8034/46
f 277/38/46 2375/8034/46 281/41/44
f 281/41/44 2375/8034/46 2379/8036/44
f 281/41/44 2379/8036/44 285/43/42
f 285/43/42 2379/8036/44 2383/8038/42
f 285/43/42 2383/8038/42 289/45/40
f 289/45/40 2383/8038/42 2387/8040/40
f 289/45/40 2387/8040/40 293/47/38
f 293/47/38 2387/8040/40 2391/8042/38
f 293/47/38 2391/8042/38 297/49/36
f 297/49/36 2391/8042/38 2395/8044/36
f 297/49/36 2395/8044/36 301/51/34
f 301/51/34 2395/8044/36 2399/8046/34
f 301/51/34 2399/8046/34 305/54/32
f 305/54/32 2399/8046/34 2403/8048/32
f 305/54/32 2403/8048/32 309/57/30
f 309/57/30 2403/8048/32 2407/8051/30
f 309/57/30 2407/8051/30 313/60/27
f 313/60/27 2407/8051/30 2411/8053/27
f 313/60/27 2411/8053/27 317/63/25
f 317/63/25 2411/8053/27 2415/8055/25
f 317/63/25 2415/8055/25 321/65/23
f 321/65/23 2415/8055/25 2419/8057/23
f 321/65/23 2419/8057/23 325/67/21
f 325/67/21 2419/8057/23 2423/8059/21
f 325/67/21 2423/8059/21 329/69/19
f 329/69/19 2423/8059/21 2427/8061/19
f 329/69/19 2427/8061/19 333/71/17
f 333/71/17 2427/8061/19 2431/8063/17
f 333/71/17 2431/8063/17 337/73/15
f 337/73/15 2431/8063/17 2435/8065/15
f 337/73/15 2435/8065/15 341/76/13
f 341/76/13 2435/8065/15 2439/8067/13
f 341/76/13 2439/8067/13 345/78/11
f 345/78/11 2439/8067/13 2443/8069/11
f 345/78/11 2443/8069/11 349/80/9
f 349/80/9 2443/8069/11 2447/8071/9
f 349/80/9 2447/8071/9 353/83/7
f 353/83/7 2447/8071/9 2451/8074/7
f 353/83/7 2451/8074/7 357/85/5
f 357/85/5 2451/8074/7 2455/8076/5
f 357/85/5 2455/8076/5 361/87/3
f 361/87/3 2455/8076/5 2459/8078/3
f 361/87/3 2459/8078/3 359/89/4
f 359/89/4 2459/8078/3 2457/8080/4
f 359/89/4 2457/8080/4 355/91/6
f 355/91/6 2457/8080/4 2453/8082/6
f 355/91/6 2453/8082/6 351/93/8
f 351/93/8 2453/8082/6 2449/8084/8
f 351/93/8 2449/8084/8 347/96/10
f 347/96/10 2449/8084/8 2445/8088/10
f 347/96/10 2445/8088/10 343/98/12
f 343/98/12 2445/8088/10 2441/8090/12
f 343/98/12 2441/8090/12 339/100/14
f 339/100/14 2441/8090/12 2437/8093/14
f 339/100/14 2437/8093/14 335/102/16
f 335/102/16 2437/8093/14 2433/8095/16
f 335/102/16 2433/8095/16 331/104/18
f 331/104/18 2433/8095/16 2429/8098/18
f 331/104/18 2429/8098/18 327/106/20
f 327/106/20 2429/8098/18 2425/8100/20
f 327/106/20 2425/8100/20 323/109/22
f 323/109/22 2425/8100/20 2421/8103/22
f 323/109/22 2421/8103/22 319/111/24
f 319/111/24 2421/8103/22 2417/8104/24
f 319/111/24 2417/8104/24 315/112/26
f 315/112/26 2417/8104/24 2413/8106/26
f 316/112/26 2414/8106/26 312/1/28
f 312/1/28 2414/8106/26 2410/7996/28
f 312/1/28 2410/7996/28 308/2/31
f 308/2/31 2410/7996/28 2406/7999/31
f 308/2/31 2406/7999/31 304/5/33
f 304/5/33 2406/7999/31 2402/8001/33
f 304/5/33 2402/8001/33 300/9/35
f 300/9/35 2402/8001/33 2398/8003/35
f 300/9/35 2398/8003/35 296/12/37
f 296/12/37 2398/8003/35 2394/8005/37
f 296/12/37 2394/8005/37 292/14/39
f 292/14/39 2394/8005/37 2390/8008/39
f 292/14/39 2390/8008/39 288/16/41
f 288/16/41 2390/8008/39 2386/8010/41
f 288/16/41 2386/8010/41 284/18/43
f 284/18/43 2386/8010/41 2382/8013/43
f 284/18/43 2382/8013/43 280/20/45
f 280/20/45 2382/8013/43 2378/8015/45
f 280/20/45 2378/8015/45 276/22/47
f 276/22/47 2378/8015/45 2374/8018/47
f 276/22/47 2374/8018/47 272/24/49
f 272/24/49 2374/8018/47 2370/8020/49
f 272/24/49 2370/8020/49 268/26/51
f 268/26/51 2370/8020/49 2366/8022/51
f 268/26/51 2366/8022/51 264/28/53
f 264/28/53 2366/8022/51 2362/8024/53
f 264/28/53 2362/8024/53 262/30/55
f 262/30/55 2362/8024/53 2360/8026/55
f 262/30/55 2360/8026/55 266/32/52
f 266/32/52 2360/8026/55 2364/8028/52
f 266/32/52 2364/8028/52 270/34/50
f 270/34/50 2364/8028/52 2368/8030/50
f 270/34/50 2368/8030/50 274/36/48
f 274/36/48 2368/8030/50 2372/8032/48
f 274/36/48 2372/8032/48 278/38/46
f 278/38/46 2372/8032/48 2376/8034/46
f 278/38/46 2376/8034/46 282/41/44
f 282/41/44 2376/8034/46 2380/8036/44
f 282/41/44 2380/8036/44 286/43/42
f 286/43/42 2380/8036/44 2384/8038/42
f 286/43/42 2384/8038/42 290/45/40
f 290/45/40 2384/8038/42 2388/8040/40
f 290/45/40 2388/8040/40 294/47/38
f 294/47/38 2388/8040/40 2392/8042/38
f 294/47/38 2392/8042/38 298/49/36
f 298/49/36 2392/8042/38 2396/8044/36
f 298/49/36 2396/8044/36 302/51/34
f 302/51/34 2396/8044/36 2400/8046/34
f 302/51/34 2400/8046/34 306/54/32
f 306/54/32 2400/8046/34 2404/8048/32
f 306/54/32 2404/8048/32 310/57/30
f 310/57/30 2404/8048/32 2408/8051/30
f 310/57/30 2408/8051/30 314/60/27
f 314/60/27 2408/8051/30 2412/8053/27
f 314/60/27 2412/8053/27 318/63/25
f 318/63/25 2412/8053/27 2416/8055/25
f 318/63/25 2416/8055/25 322/65/23
f 322/65/23 2416/8055/25 2420/8057/23
f 322/65/23 2420/8057/23 326/67/21
f 326/67/21 2420/8057/23 2424/8059/21
f 326/67/21 2424/8059/21 330/69/19
f 330/69/19 2424/8059/21 2428/8061/19
f 330/69/19 2428/8061/19 334/71/17
f 334/71/17 2428/8061/19 2432/8063/17
f 334/71/17 2432/8063/17 338/73/15
f 338/73/15 2432/8063/17 2436/8065/15
f 338/73/15 2436/8065/15 342/76/13
f 342/76/13 2436/8065/15 2440/8067/13
f 342/76/13 2440/8067/13 346/78/11
f 346/78/11 2440/8067/13 2444/8069/11
f 346/78/11 2444/8069/11 350/80/9
f 350/80/9 2444/8069/11 2448/8071/9
f 350/80/9 2448/8071/9 354/83/7
f 354/83/7 2448/8071/9 2452/8074/7
f 354/83/7 2452/8074/7 358/85/5
f 358/85/5 2452/8074/7 2456/8076/5
f 358/85/5 2456/8076/5 362/87/3
f 362/87/3 2456/8076/5 2460/8078/3
f 362/87/3 2460/8078/3 360/89/4
f 360/89/4 2460/8078/3 2458/8080/4
f 360/89/4 2458/8080/4 356/91/6
f 356/91/6 2458/8080/4 2454/8082/6
f 356/91/6 2454/8082/6 352/93/8
f 352/93/8 2454/8082/6 2450/8084/8
f 352/93/8 2450/8084/8 348/96/10
f 348/96/10 2450/8084/8 2446/8088/10
f 348/96/10 2446/8088/10 344/98/12
f 344/98/12 2446/8088/10 2442/8090/12
f 344/98/12 2442/8090/12 340/100/14
f 340/100/14 2442/8090/12 2438/8093/14
f 340/100/14 2438/8093/14 336/102/16
f 336/102/16 2438/8093/14 2434/8095/16
f 336/102/16 2434/8095/16 332/104/18
f 332/104/18 2434/8095/16 2430/8098/18
f 332/104/18 2430/8098/18 328/106/20
f 328/106/20 2430/8098/18 2426/8100/20
f 328/106/20 2426/8100/20 324/109/22
f 324/109/22 2426/8100/20 2422/8103/22
f 324/109/22 2422/8103/22 320/111/24
f 320/111/24 2422/8103/22 2418/8104/24
f 320/111/24 2418/8104/24 316/112/26
f 316/112/26 2418/8104/24 2414/8106/26
f 213/111/26 2311/8104/26 209/112/28
f 209/112/28 2311/8104/26 2307/7996/28
f 209/112/28 2307/7996/28 205/2/31
f 205/2/31 2307/7996/28 2303/7999/31
f 205/2/31 2303/7999/31 201/5/33
f 201/5/33 2303/7999/31 2299/8001/33
f 201/5/33 2299/8001/33 197/8/35
f 197/8/35 2299/8001/33 2295/8002/35
f 197/8/35 2295/8002/35 193/11/37
f 193/11/37 2295/8002/35 2291/8004/37
f 193/11/37 2291/8004/37 189/13/39
f 189/13/39 2291/8004/37 2287/8007/39
f 189/13/39 2287/8007/39 185/15/41
f 185/15/41 2287/8007/39 2283/8009/41
f 185/15/41 2283/8009/41 181/17/43
f 181/17/43 2283/8009/41 2279/8012/43
f 181/17/43 2279/8012/43 177/19/45
f 177/19/45 2279/8012/43 2275/8014/45
f 177/19/45 2275/8014/45 173/21/47
f 173/21/47 2275/8014/45 2271/8017/47
f 173/21/47 2271/8017/47 169/23/49
f 169/23/49 2271/8017/47 2267/8019/49
f 169/23/49 2267/8019/49 165/25/51
f 165/25/51 2267/8019/49 2263/8021/51
f 165/25/51 2263/8021/51 161/27/53
f 161/27/53 2263/8021/51 2259/8023/53
f 161/27/53 2259/8023/53 159/29/55
f 159/29/55 2259/8023/53 2257/8025/55
f 159/29/55 2257/8025/55 163/31/52
f 163/31/52 2257/8025/55 2261/8027/52
f 163/31/52 2261/8027/52 167/33/50
f 167/33/50 2261/8027/52 2265/8029/50
f 167/33/50 2265/8029/50 171/35/48
f 171/35/48 2265/8029/50 2269/8031/48
f 171/35/48 2269/8031/48 175/37/46
f 175/37/46 2269/8031/48 2273/8033/46
f 175/37/46 2273/8033/46 179/40/44
f 179/40/44 2273/8033/46 2277/8035/44
f 179/40/44 2277/8035/44 183/42/42
f 183/42/42 2277/8035/44 2281/8037/42
f 183/42/42 2281/8037/42 187/44/40
f 187/44/40 2281/8037/42 2285/8039/40
f 187/44/40 2285/8039/40 191/46/38
f 191/46/38 2285/8039/40 2289/8041/38
f 191/46/38 2289/8041/38 195/48/36
f 195/48/36 2289/8041/38 2293/8043/36
f 195/48/36 2293/8043/36 199/50/34
f 199/50/34 2293/8043/36 2297/8045/34
f 199/50/34 2297/8045/34 203/53/32
f 203/53/32 2297/8045/34 2301/8047/32
f 203/53/32 2301/8047/32 207/55/30
f 207/55/30 2301/8047/32 2305/8049/30
f 207/55/30 2305/8049/30 211/59/27
f 211/59/27 2305/8049/30 2309/8052/27
f 211/59/27 2309/8052/27 215/61/25
f 215/61/25 2309/8052/27 2313/8054/25
f 215/61/25 2313/8054/25 219/64/23
f 219/64/23 2313/8054/25 2317/8056/23
f 219/64/23 2317/8056/23 223/66/21
f 223/66/21 2317/8056/23 2321/8058/21
f 223/66/21 2321/8058/21 227/68/19
f 227/68/19 2321/8058/21 2325/8060/19
f 227/68/19 2325/8060/19 231/70/17
f 231/70/17 2325/8060/19 2329/8062/17
f 231/70/17 2329/8062/17 235/72/15
f 235/72/15 2329/8062/17 2333/8064/15
f 235/72/15 2333/8064/15 239/74/13
f 239/74/13 2333/8064/15 2337/8066/13
f 239/74/13 2337/8066/13 243/77/11
f 243/77/11 2337/8066/13 2341/8068/11
f 243/77/11 2341/8068/11 247/79/9
f 247/79/9 2341/8068/11 2345/8070/9
f 247/79/9 2345/8070/9 251/81/7
f 251/81/7 2345/8070/9 2349/8072/7
f 251/81/7 2349/8072/7 255/84/5
f 255/84/5 2349/8072/7 2353/8075/5
f 255/84/5 2353/8075/5 259/86/3
f 259/86/3 2353/8075/5 2357/8077/3
f 259/86/3 2357/8077/3 257/88/4
f 257/88/4 2357/8077/3 2355/8079/4
f 257/88/4 2355/8079/4 253/90/6
f 253/90/6 2355/8079/4 2351/8081/6
f 253/90/6 2351/8081/6 249/92/8
f 249/92/8 2351/8081/6 2347/8083/8
f 249/92/8 2347/8083/8 245/94/10
f 245/94/10 2347/8083/8 2343/8085/10
f 245/94/10 2343/8085/10 241/97/12
f 241/97/12 2343/8085/10 2339/8089/12
f 241/97/12 2339/8089/12 237/99/14
f 237/99/14 2339/8089/12 2335/8091/14
f 237/99/14 2335/8091/14 233/101/16
f 233/101/16 2335/8091/14 2331/8094/16
f 233/101/16 2331/8094/16 229/103/18
f 229/103/18 2331/8094/16 2327/8096/18
f 229/103/18 2327/8096/18 225/105/20
f 225/105/20 2327/8096/18 2323/8099/20
f 225/105/20 2323/8099/20 221/107/22
f 221/107/22 2323/8099/20 2319/8101/22
f 221/107/22 2319/8101/22 217/109/24
f 217/109/24 2319/8101/22 2315/8103/24
f 217/109/24 2315/8103/24 213/111/26
f 213/111/26 2315/8103/24 2311/8104/26
f 214/111/26 2312/8104/26 210/112/28
f 210/112/28 2312/8104/26 2308/7996/28
f 210/112/28 2308/7996/28 206/2/31
f 206/2/31 2308/7996/28 2304/7999/31
f 206/2/31 2304/7999/31 202/5/33
f 202/5/33 2304/7999/31 2300/8001/33
f 202/5/33 2300/8001/33 198/8/35
f 198/8/35 2300/8001/33 2296/8002/35
f 198/8/35 2296/8002/35 194/11/37
f 194/11/37 2296/8002/35 2292/8004/37
f 194/11/37 2292/8004/37 190/13/39
f 190/13/39 2292/8004/37 2288/8007/39
f 190/13/39 2288/8007/39 186/15/41
f 186/15/41 2288/8007/39 2284/8009/41
f 186/15/41 2284/8009/41 182/17/43
f 182/17/43 2284/8009/41 2280/8012/43
f 182/17/43 2280/8012/43 178/19/45
f 178/19/45 2280/8012/43 2276/8014/45
f 178/19/45 2276/8014/45 174/21/47
f 174/21/47 2276/8014/45 2272/8017/47
f 174/21/47 2272/8017/47 170/23/49
f 170/23/49 2272/8017/47 2268/8019/49
f 170/23/49 2268/8019/49 166/25/51
f 166/25/51 2268/8019/49 2264/8021/51
f 166/25/51 2264/8021/51 162/27/53
f 162/27/53 2264/8021/51 2260/8023/53
f 162/27/53 2260/8023/53 160/29/55
f 160/29/55 2260/8023/53 2258/8025/55
f 160/29/55 2258/8025/55 164/31/52
f 164/31/52 2258/8025/55 2262/8027/52
f 164/31/52 2262/8027/52 168/33/50
f 168/33/50 2262/8027/52 2266/8029/50
f 168/33/50 2266/8029/50 172/35/48
f 172/35/48 2266/8029/50 2270/8031/48
f 172/35/48 2270/8031/48 176/37/46
f 176/37/46 2270/8031/48 2274/8033/46
f 176/37/46 2274/8033/46 180/40/44
f 180/40/44 2274/8033/46 2278/8035/44
f 180/40/44 2278/8035/44 184/42/42
f 184/42/42 2278/8035/44 2282/8037/42
f 184/42/42 2282/8037/42 188/44/40
f 188/44/40 2282/8037/42 2286/8039/40
f 188/44/40 2286/8039/40 192/46/38
f 192/46/38 2286/8039/40 2290/8041/38
f 192/46/38 2290/8041/38 196/48/36
f 196/48/36 2290/8041/38 2294/8043/36
f 196/48/36 2294/8043/36 200/50/34
f 200/50/34 2294/8043/36 2298/8045/34
f 200/50/34 2298/8045/34 204/53/32
f 204/53/32 2298/8045/34 2302/8047/32
f 204/53/32 2302/8047/32 208/55/30
f 208/55/30 2302/8047/32 2306/8049/30
f 208/55/30 2306/8049/30 212/59/27
f 212/59/27 2306/8049/30 2310/8052/27
f 212/59/27 2310/8052/27 216/61/25
f 216/61/25 2310/8052/27 2314/8054/25
f 216/61/25 2314/8054/25 220/64/23
f 220/64/23 2314/8054/25 2318/8056/23
f 220/64/23 2318/8056/23 224/66/21
f 224/66/21 2318/8056/23 2322/8058/21
f 224/66/21 2322/8058/21 228/68/19
f 228/68/19 2322/8058/21 2326/8060/19
f 228/68/19 2326/8060/19 232/70/17
f 232/70/17 2326/8060/19 2330/8062/17
f 232/70/17 2330/8062/17 236/72/15
f 236/72/15 2330/8062/17 2334/8064/15
f 236/72/15 2334/8064/15 240/74/13
f 240/74/13 2334/8064/15 2338/8066/13
f 240/74/13 2338/8066/13 244/77/11
f 244/77/11 2338/8066/13 2342/8068/11
f 244/77/11 2342/8068/11 248/79/9
f 248/79/9 2342/8068/11 2346/8070/9
f 248/79/9 2346/8070/9 252/81/7
f 252/81/7 2346/8070/9 2350/8072/7
f 252/81/7 2350/8072/7 256/84/5
f 256/84/5 2350/8072/7 2354/8075/5
f 256/84/5 2354/8075/5 260/86/3
f 260/86/3 2354/8075/5 2358/8077/3
f 260/86/3 2358/8077/3 258/88/4
f 258/88/4 2358/8077/3 2356/8079/4
f 258/88/4 2356/8079/4 254/90/6
f 254/90/6 2356/8079/4 2352/8081/6
f 254/90/6 2352/8081/6 250/92/8
f 250/92/8 2352/8081/6 2348/8083/8
f 250/92/8 2348/8083/8 246/94/10
f 246/94/10 2348/8083/8 2344/8085/10
f 246/94/10 2344/8085/10 242/97/12
f 242/97/12 2344/8085/10 2340/8089/12
f 242/97/12 2340/8089/12 238/99/14
f 238/99/14 2340/8089/12 2336/8091/14
f 238/99/14 2336/8091/14 234/101/16
f 234/101/16 2336/8091/14 2332/8094/16
f 234/101/16 2332/8094/16 230/103/18
f 230/103/18 2332/8094/16 2328/8096/18
f 230/103/18 2328/8096/18 226/105/20
f 226/105/20 2328/8096/18 2324/8099/20
f 226/105/20 2324/8099/20 222/107/22
f 222/107/22 2324/8099/20 2320/8101/22
f 222/107/22 2320/8101/22 218/109/24
f 218/109/24 2320/8101/22 2316/8103/24
f 218/109/24 2316/8103/24 214/111/26
f 214/111/26 2316/8103/24 2312/8104/26
f 106/1/29 2204/7996/29 109/2/27
f 109/2/27 2204/7996/29 2207/7999/27
f 109/2/27 2207/7999/27 113/8/25
f 113/8/25 2207/7999/27 2211/8002/25
f 113/8/25 2211/8002/25 117/13/23
f 117/13/23 2211/8002/25 2215/8007/23
f 117/13/23 2215/8007/23 121/17/21
f 121/17/21 2215/8007/23 2219/8012/21
f 121/17/21 2219/8012/21 125/21/19
f 125/21/19 2219/8012/21 2223/8017/19
f 125/21/19 2223/8017/19 129/25/17
f 129/25/17 2223/8017/19 2227/8021/17
f 129/25/17 2227/8021/17 133/29/15
f 133/29/15 2227/8021/17 2231/8025/15
f 133/29/15 2231/8025/15 137/33/13
f 137/33/13 2231/8025/15 2235/8029/13
f 137/33/13 2235/8029/13 141/37/11
f 141/37/11 2235/8029/13 2239/8033/11
f 141/37/11 2239/8033/11 145/42/9
f 145/42/9 2239/8033/11 2243/8037/9
f 145/42/9 2243/8037/9 149/46/7
f 149/46/7 2243/8037/9 2247/8041/7
f 149/46/7 2247/8041/7 153/50/5
f 153/50/5 2247/8041/7 2251/8045/5
f 153/50/5 2251/8045/5 157/55/3
f 157/55/3 2251/8045/5 2255/8049/3
f 157/55/3 2255/8049/3 155/61/4
f 155/61/4 2255/8049/3 2253/8054/4
f 155/61/4 2253/8054/4 151/66/6
f 151/66/6 2253/8054/4 2249/8058/6
f 151/66/6 2249/8058/6 147/70/8
f 147/70/8 2249/8058/6 2245/8062/8
f 147/70/8 2245/8062/8 143/74/10
f 143/74/10 2245/8062/8 2241/8066/10
f 143/74/10 2241/8066/10 139/79/12
f 139/79/12 2241/8066/10 2237/8070/12
f 139/79/12 2237/8070/12 135/84/14
f 135/84/14 2237/8070/12 2233/8075/14
f 135/84/14 2233/8075/14 131/88/16
f 131/88/16 2233/8075/14 2229/8079/16
f 131/88/16 2229/8079/16 127/92/18
f 127/92/18 2229/8079/16 2225/8083/18
f 127/92/18 2225/8083/18 123/97/20
f 123/97/20 2225/8083/18 2221/8089/20
f 123/97/20 2221/8089/20 119/101/22
f 119/101/22 2221/8089/20 2217/8094/22
f 119/101/22 2217/8094/22 115/105/24
f 115/105/24 2217/8094/22 2213/8099/24
f 115/105/24 2213/8099/24 111/109/26
f 111/109/26 2213/8099/24 2209/8103/26
f 111/109/26 2209/8103/26 107/112/28
f 107/112/28 2209/8103/26 2205/8106/28
f 112/112/26 2210/8106/26 108/1/28
f 108/1/28 2210/8106/26 2206/7996/28
f 108/1/28 2206/7996/28 104/2/31
f 104/2/31 2206/7996/28 2202/7999/31
f 104/2/31 2202/7999/31 102/5/33
f 102/5/33 2202/7999/31 2200/8001/33
f 102/5/33 2200/8001/33 100/9/35
f 100/9/35 2200/8001/33 2198/8003/35
f 100/9/35 2198/8003/35 98/12/37
f 98/12/37 2198/8003/35 2196/8005/37
f 98/12/37 2196/8005/37 96/14/39
f 96/14/39 2196/8005/37 2194/8008/39
f 96/14/39 2194/8008/39 94/16/41
f 94/16/41 2194/8008/39 2192/8010/41
f 94/16/41 2192/8010/41 92/18/43
f 92/18/43 2192/8010/41 2190/8013/43
f 92/18/43 2190/8013/43 90/20/45
f 90/20/45 2190/8013/43 2188/8015/45
f 90/20/45 2188/8015/45 88/22/47
f 88/22/47 2188/8015/45 2186/8018/47
f 88/22/47 2186/8018/47 86/24/49
f 86/24/49 2186/8018/47 2184/8020/49
f 86/24/49 2184/8020/49 84/26/51
f 84/26/51 2184/8020/49 2182/8022/51
f 84/26/51 2182/8022/51 82/28/53
f 82/28/53 2182/8022/51 2180/8024/53
f 82/28/53 2180/8024/53 81/30/55
f 81/30/55 2180/8024/53 2179/8026/55
f 81/30/55 2179/8026/55 83/32/52
f 83/32/52 2179/8026/55 2181/8028/52
f 83/32/52 2181/8028/52 85/34/50
f 85/34/50 2181/8028/52 2183/8030/50
f 85/34/50 2183/8030/50 87/36/48
f 87/36/48 2183/8030/50 2185/8032/48
f 87/36/48 2185/8032/48 89/38/46
f 89/38/46 2185/8032/48 2187/8034/46
f 89/38/46 2187/8034/46 91/41/44
f 91/41/44 2187/8034/46 2189/8036/44
f 91/41/44 2189/8036/44 93/43/42
f 93/43/42 2189/8036/44 2191/8038/42
f 93/43/42 2191/8038/42 95/45/40
f 95/45/40 2191/8038/42 2193/8040/40
f 95/45/40 2193/8040/40 97/47/38
f 97/47/38 2193/8040/40 2195/8042/38
f 97/47/38 2195/8042/38 99/49/36
f 99/49/36 2195/8042/38 2197/8044/36
f 99/49/36 2197/8044/36 101/51/34
f 101/51/34 2197/8044/36 2199/8046/34
f 101/51/34 2199/8046/34 103/54/32
f 103/54/32 2199/8046/34 2201/8048/32
f 103/54/32 2201/8048/32 105/57/30
f 105/57/30 2201/8048/32 2203/8051/30
f 105/57/30 2203/8051/30 110/60/27
f 110/60/27 2203/8051/30 2208/8053/27
f 110/60/27 2208/8053/27 114/63/25
f 114/63/25 2208/8053/27 2212/8055/25
f 114/63/25 2212/8055/25 118/65/23
f 118/65/23 2212/8055/25 2216/8057/23
f 118/65/23 2216/8057/23 122/67/21
f 122/67/21 2216/8057/23 2220/8059/21
f 122/67/21 2220/8059/21 126/69/19
f 126/69/19 2220/8059/21 2224/8061/19
f 126/69/19 2224/8061/19 130/71/17
f 130/71/17 2224/8061/19 2228/8063/17
f 130/71/17 2228/8063/17 134/73/15
f 134/73/15 2228/8063/17 2232/8065/15
f 134/73/15 2232/8065/15 138/76/13
f 138/76/13 2232/8065/15 2236/8067/13
f 138/76/13 2236/8067/13 142/78/11
f 142/78/11 2236/8067/13 2240/8069/11
f 142/78/11 2240/8069/11 146/80/9
f 146/80/9 2240/8069/11 2244/8071/9
f 146/80/9 2244/8071/9 150/83/7
f 150/83/7 2244/8071/9 2248/8074/7
f 150/83/7 2248/8074/7 154/85/5
f 154/85/5 2248/8074/7 2252/8076/5
f 154/85/5 2252/8076/5 158/87/3
f 158/87/3 2252/8076/5 2256/8078/3
f 158/87/3 2256/8078/3 156/89/4
f 156/89/4 2256/8078/3 2254/8080/4
f 156/89/4 2254/8080/4 152/91/6
f 152/91/6 2254/8080/4 2250/8082/6
f 152/91/6 2250/8082/6 148/93/8
f 148/93/8 2250/8082/6 2246/8084/8
f 148/93/8 2246/8084/8 144/96/10
f 144/96/10 2246/8084/8 2242/8088/10
f 144/96/10 2242/8088/10 140/98/12
f 140/98/12 2242/8088/10 2238/8090/12
f 140/98/12 2238/8090/12 136/100/14
f 136/100/14 2238/8090/12 2234/8093/14
f 136/100/14 2234/8093/14 132/102/16
f 132/102/16 2234/8093/14 2230/8095/16
f 132/102/16 2230/8095/16 128/104/18
f 128/104/18 2230/8095/16 2226/8098/18
f 128/104/18 2226/8098/18 124/106/20
f 124/106/20 2226/8098/18 2222/8100/20
f 124/106/20 2222/8100/20 120/109/22
f 120/109/22 2222/8100/20 2218/8103/22
f 120/109/22 2218/8103/22 116/111/24
f 116/111/24 2218/8103/22 2214/8104/24
f 116/111/24 2214/8104/24 112/112/26
f 112/112/26 2214/8104/24 2210/8106/26
f 2151/8106/29 53/112/29 2149/8104/30
f 2149/8104/30 53/112/29 51/111/30
f 2149/8104/30 51/111/30 2145/8101/32
f 2145/8101/32 51/111/30 47/107/32
f 2145/8101/32 47/107/32 2141/8096/34
f 2141/8096/34 47/107/32 43/103/34
f 2141/8096/34 43/103/34 2137/8091/36
f 2137/8091/36 43/103/34 39/99/36
f 2137/8091/36 39/99/36 2133/8085/38
f 2133/8085/38 39/99/36 35/94/38
f 2133/8085/38 35/94/38 2129/8081/40
f 2129/8081/40 35/94/38 31/90/40
f 2129/8081/40 31/90/40 2125/8077/42
f 2125/8077/42 31/90/40 27/86/42
f 2125/8077/42 27/86/42 2121/8072/44
f 2121/8072/44 27/86/42 23/81/44
f 2121/8072/44 23/81/44 2117/8068/46
f 2117/8068/46 23/81/44 19/77/46
f 2117/8068/46 19/77/46 2113/8064/48
f 2113/8064/48 19/77/46 15/72/48
f 2113/8064/48 15/72/48 2109/8060/50
f 2109/8060/50 15/72/48 11/68/50
f 2109/8060/50 11/68/50 2105/8056/52
f 2105/8056/52 11/68/50 7/64/52
f 2105/8056/52 7/64/52 2101/8052/55
f 2101/8052/55 7/64/52 3/59/55
f 2101/8052/55 3/59/55 2103/8047/53
f 2103/8047/53 3/59/55 5/53/53
f 2103/8047/53 5/53/53 2107/8043/51
f 2107/8043/51 5/53/53 9/48/51
f 2107/8043/51 9/48/51 2111/8039/49
f 2111/8039/49 9/48/51 13/44/49
f 2111/8039/49 13/44/49 2115/8035/47
f 2115/8035/47 13/44/49 17/40/47
f 2115/8035/47 17/40/47 2119/8031/45
f 2119/8031/45 17/40/47 21/35/45
f 2119/8031/45 21/35/45 2123/8027/43
f 2123/8027/43 21/35/45 25/31/43
f 2123/8027/43 25/31/43 2127/8023/41
f 2127/8023/41 25/31/43 29/27/41
f 2127/8023/41 29/27/41 2131/8019/39
f 2131/8019/39 29/27/41 33/23/39
f 2131/8019/39 33/23/39 2135/8014/37
f 2135/8014/37 33/23/39 37/19/37
f 2135/8014/37 37/19/37 2139/8009/35
f 2139/8009/35 37/19/37 41/15/35
f 2139/8009/35 41/15/35 2143/8004/33
f 2143/8004/33 41/15/35 45/11/33
f 2143/8004/33 45/11/33 2147/8001/31
f 2147/8001/31 45/11/33 49/5/31
f 2147/8001/31 49/5/31 2152/7996/28
f 2152/7996/28 49/5/31 54/1/28
f 57/111/26 2155/8104/26 55/112/28
f 55/112/28 2155/8104/26 2153/8106/28
f 55/112/28 2153/8106/28 50/1/31
f 50/1/31 2153/8106/28 2148/7996/31
f 50/1/31 2148/7996/31 46/2/33
f 46/2/33 2148/7996/31 2144/7999/33
f 46/2/33 2144/7999/33 42/5/35
f 42/5/35 2144/7999/33 2140/8001/35
f 42/5/35 2140/8001/35 38/9/37
f 38/9/37 2140/8001/35 2136/8003/37
f 38/9/37 2136/8003/37 34/12/39
f 34/12/39 2136/8003/37 2132/8005/39
f 34/12/39 2132/8005/39 30/14/41
f 30/14/41 2132/8005/39 2128/8008/41
f 30/14/41 2128/8008/41 26/16/43
f 26/16/43 2128/8008/41 2124/8010/43
f 26/16/43 2124/8010/43 22/18/45
f 22/18/45 2124/8010/43 2120/8013/45
f 22/18/45 2120/8013/45 18/20/47
f 18/20/47 2120/8013/45 2116/8015/47
f 18/20/47 2116/8015/47 14/22/49
f 14/22/49 2116/8015/47 2112/8018/49
f 14/22/49 2112/8018/49 10/24/51
f 10/24/51 2112/8018/49 2108/8020/51
f 10/24/51 2108/8020/51 6/26/53
f 6/26/53 2108/8020/51 2104/8022/53
f 6/26/53 2104/8022/53 4/28/55
f 4/28/55 2104/8022/53 2102/8024/55
f 4/28/55 2102/8024/55 8/30/52
f 8/30/52 2102/8024/55 2106/8026/52
f 8/30/52 2106/8026/52 12/32/50
f 12/32/50 2106/8026/52 2110/8028/50
f 12/32/50 2110/8028/50 16/34/48
f 16/34/48 2110/8028/50 2114/8030/48
f 16/34/48 2114/8030/48 20/36/46
f 20/36/46 2114/8030/48 2118/8032/46
f 20/36/46 2118/8032/46 24/38/44
f 24/38/44 2118/8032/46 2122/8034/44
f 24/38/44 2122/8034/44 28/41/42
f 28/41/42 2122/8034/44 2126/8036/42
f 28/41/42 2126/8036/42 32/43/40
f 32/43/40 2126/8036/42 2130/8038/40
f 32/43/40 2130/8038/40 36/45/38
f 36/45/38 2130/8038/40 2134/8040/38
f 36/45/38 2134/8040/38 40/47/36
f 40/47/36 2134/8040/38 2138/8042/36
f 40/47/36 2138/8042/36 44/49/34
f 44/49/34 2138/8042/36 2142/8044/34
f 44/49/34 2142/8044/34 48/51/32
f 48/51/32 2142/8044/34 2146/8046/32
f 48/51/32 2146/8046/32 52/54/30
f 52/54/30 2146/8046/32 2150/8048/30
f 52/54/30 2150/8048/30 56/57/27
f 56/57/27 2150/8048/30 2154/8051/27
f 56/57/27 2154/8051/27 58/60/25
f 58/60/25 2154/8051/27 2156/8053/25
f 58/60/25 2156/8053/25 60/63/23
f 60/63/23 2156/8053/25 2158/8055/23
f 60/63/23 2158/8055/23 62/65/21
f 62/65/21 2158/8055/23 2160/8057/21
f 62/65/21 2160/8057/21 64/67/19
f 64/67/19 2160/8057/21 2162/8059/19
f 64/67/19 2162/8059/19 66/69/17
f 66/69/17 2162/8059/19 2164/8061/17
f 66/69/17 2164/8061/17 68/71/15
f 68/71/15 2164/8061/17 2166/8063/15
f 68/71/15 2166/8063/15 70/73/13
f 70/73/13 2166/8063/15 2168/8065/13
f 70/73/13 2168/8065/13 72/76/11
f 72/76/11 2168/8065/13 2170/8067/11
f 72/76/11 2170/8067/11 74/78/9
f 74/78/9 2170/8067/11 2172/8069/9
f 74/78/9 2172/8069/9 76/80/7
f 76/80/7 2172/8069/9 2174/8071/7
f 76/80/7 2174/8071/7 78/83/5
f 78/83/5 2174/8071/7 2176/8074/5
f 78/83/5 2176/8074/5 80/85/3
f 80/85/3 2176/8074/5 2178/8076/3
f 80/85/3 2178/8076/3 79/87/4
f 79/87/4 2178/8076/3 2177/8078/4
f 79/87/4 2177/8078/4 77/89/6
f 77/89/6 2177/8078/4 2175/8080/6
f 77/89/6 2175/8080/6 75/91/8
f 75/91/8 2175/8080/6 2173/8082/8
f 75/91/8 2173/8082/8 73/93/10
f 73/93/10 2173/8082/8 2171/8084/10
f 73/93/10 2171/8084/10 71/96/12
f 71/96/12 2171/8084/10 2169/8088/12
f 71/96/12 2169/8088/12 69/98/14
f 69/98/14 2169/8088/12 2167/8090/14
f 69/98/14 2167/8090/14 67/100/16
f 67/100/16 2167/8090/14 2165/8093/16
f 67/100/16 2165/8093/16 65/102/18
f 65/102/18 2165/8093/16 2163/8095/18
f 65/102/18 2163/8095/18 63/104/20
f 63/104/20 2163/8095/18 2161/8098/20
f 63/104/20 2161/8098/20 61/106/22
f 61/106/22 2161/8098/20 2159/8100/22
f 61/106/22 2159/8100/22 59/109/24
f 59/109/24 2159/8100/22 2157/8103/24
f 59/109/24 2157/8103/24 57/111/26
f 57/111/26 2157/8103/24 2155/8104/26
f 4217/8106/54 3399/112/54 4218/7996/54
f 4218/7996/54 3399/112/54 3400/1/54
f 2461/8106/2 4205/112/2 2462/7996/2
f 2462/7996/2 4205/112/2 4206/1/2
f 4205/8106/56 4207/112/56 4206/7996/56
f 4206/7996/56 4207/112/56 4208/1/56
f 4207/8106/2 4215/112/2 4208/7996/2
f 4208/7996/2 4215/112/2 4216/1/2
f 4216/44/29 4218/112/29 4208/2454/29
f 4208/2454/29 4218/112/29 3400/8106/29
f 4208/2454/29 3400/8106/29 2462/7996/29
f 2462/7996/29 4206/2431/29 4208/2454/29
f 4198/1141/56 4194/1225/56 4200/112/56
f 4200/112/56 4194/1225/56 4190/1313/56
f 4200/112/56 4190/1313/56 4187/3119/56
f 4187/3119/56 4190/1313/56 4186/1397/56
f 4187/3119/56 4186/1397/56 4183/2831/56
f 4183/2831/56 4186/1397/56 4182/1481/56
f 4183/2831/56 4182/1481/56 4179/2751/56
f 4179/2751/56 4182/1481/56 4178/1565/56
f 4179/2751/56 4178/1565/56 4175/2671/56
f 4175/2671/56 4178/1565/56 4174/1649/56
f 4175/2671/56 4174/1649/56 4171/2591/56
f 4171/2591/56 4174/1649/56 4170/1733/56
f 4171/2591/56 4170/1733/56 4167/2511/56
f 4167/2511/56 4170/1733/56 4166/1817/56
f 4167/2511/56 4166/1817/56 4163/2430/56
f 4163/2430/56 4166/1817/56 4162/1901/56
f 4163/2430/56 4162/1901/56 4159/2349/56
f 4159/2349/56 4162/1901/56 4158/1985/56
f 4159/2349/56 4158/1985/56 4155/2269/56
f 4155/2269/56 4158/1985/56 4154/2067/56
f 4155/2269/56 4154/2067/56 4151/2193/56
f 4151/2193/56 4154/2067/56 4150/2130/56
f 4151/2193/56 4150/2130/56 4147/2193/56
f 4147/2193/56 4150/2130/56 4146/2130/56
f 4147/2193/56 4146/2130/56 4143/2194/56
f 4143/2194/56 4146/2130/56 4142/2066/56
f 4143/2194/56 4142/2066/56 4139/2268/56
f 4139/2268/56 4142/2066/56 4138/1984/56
f 4139/2268/56 4138/1984/56 4135/2348/56
f 4135/2348/56 4138/1984/56 4134/1900/56
f 4135/2348/56 4134/1900/56 4131/2429/56
f 4131/2429/56 4134/1900/56 4130/1816/56
f 4131/2429/56 4130/1816/56 4127/2510/56
f 4127/2510/56 4130/1816/56 4126/1732/56
f 4127/2510/56 4126/1732/56 4068/1731/56
f 4068/1731/56 4126/1732/56 4072/1647/56
f 4187/3119/56 4191/3361/56 4200/112/56
f 4200/112/56 4191/3361/56 4195/3583/56
f 4200/112/56 4195/3583/56 4197/3735/56
f 4200/112/56 4197/3735/56 4199/8106/56
f 4199/8106/56 4197/3735/56 4193/3895/56
f 4199/8106/56 4193/3895/56 4189/4015/56
f 4189/4015/56 4185/4175/56 4199/8106/56
f 4199/8106/56 4185/4175/56 4181/4335/56
f 4199/8106/56 4181/4335/56 4177/4495/56
f 4177/4495/56 4173/4657/56 4199/8106/56
f 4199/8106/56 4173/4657/56 4169/4817/56
f 4199/8106/56 4169/4817/56 4165/4897/56
f 4165/4897/56 4161/5057/56 4199/8106/56
f 4199/8106/56 4161/5057/56 4157/5136/56
f 4199/8106/56 4157/5136/56 4153/5277/56
f 4153/5277/56 4149/5309/56 4199/8106/56
f 4199/8106/56 4149/5309/56 4145/5309/56
f 4199/8106/56 4145/5309/56 4141/5276/56
f 4199/8106/56 4141/5276/56 4051/5272/56
f 4051/5272/56 4141/5276/56 4137/5135/56
f 4051/5272/56 4137/5135/56 4055/5133/56
f 4055/5133/56 4137/5135/56 4133/5056/56
f 4055/5133/56 4133/5056/56 4059/5055/56
f 4059/5055/56 4133/5056/56 4129/4896/56
f 4059/5055/56 4129/4896/56 4063/4895/56
f 4063/4895/56 4129/4896/56 4125/4816/56
f 4063/4895/56 4125/4816/56 4067/4815/56
f 4067/4815/56 4125/4816/56 4121/4656/56
f 4067/4815/56 4121/4656/56 4071/4655/56
f 4071/4655/56 4121/4656/56 4117/4494/56
f 4071/4655/56 4117/4494/56 4075/4493/56
f 4075/4493/56 4117/4494/56 4113/4334/56
f 4075/4493/56 4113/4334/56 4079/4333/56
f 4079/4333/56 4113/4334/56 4109/4174/56
f 4079/4333/56 4109/4174/56 4083/4173/56
f 4083/4173/56 4109/4174/56 4105/4014/56
f 4083/4173/56 4105/4014/56 4087/4013/56
f 4087/4013/56 4105/4014/56 4101/3894/56
f 4087/4013/56 4101/3894/56 4091/3893/56
f 4091/3893/56 4101/3894/56 4097/3734/56
f 4091/3893/56 4097/3734/56 4095/3733/56
f 4095/3733/56 4097/3734/56 4099/3582/56
f 4095/3733/56 4099/3582/56 4093/3581/56
f 4093/3581/56 4099/3582/56 4103/3360/56
f 4093/3581/56 4103/3360/56 4089/3359/56
f 4089/3359/56 4103/3360/56 4107/3118/56
f 4089/3359/56 4107/3118/56 4085/3117/56
f 4085/3117/56 4107/3118/56 4111/2830/56
f 4085/3117/56 4111/2830/56 4081/2829/56
f 4081/2829/56 4111/2830/56 4115/2750/56
f 4081/2829/56 4115/2750/56 4077/2749/56
f 4077/2749/56 4115/2750/56 4119/2670/56
f 4077/2749/56 4119/2670/56 4073/2669/56
f 4073/2669/56 4119/2670/56 4123/2590/56
f 4073/2669/56 4123/2590/56 4069/2589/56
f 4069/2589/56 4123/2590/56 4127/2510/56
f 4069/2589/56 4127/2510/56 4065/2509/56
f 4065/2509/56 4127/2510/56 4068/1731/56
f 4065/2509/56 4068/1731/56 4064/1815/56
f 4144/175/56 4148/176/56 4200/112/56
f 4200/112/56 4148/176/56 4152/176/56
f 4200/112/56 4152/176/56 4156/301/56
f 4156/301/56 4160/385/56 4200/112/56
f 4200/112/56 4160/385/56 4164/469/56
f 4200/112/56 4164/469/56 4168/541/56
f 4168/541/56 4172/613/56 4200/112/56
f 4200/112/56 4172/613/56 4176/688/56
f 4200/112/56 4176/688/56 4180/762/56
f 4180/762/56 4184/846/56 4200/112/56
f 4200/112/56 4184/846/56 4188/930/56
f 4200/112/56 4188/930/56 4192/1014/56
f 4192/1014/56 4196/1098/56 4200/112/56
f 4200/112/56 4196/1098/56 4198/1141/56
f 4126/1732/56 4122/1648/56 4072/1647/56
f 4072/1647/56 4122/1648/56 4076/1563/56
f 4122/1648/56 4118/1564/56 4076/1563/56
f 4076/1563/56 4118/1564/56 4080/1479/56
f 4118/1564/56 4114/1480/56 4080/1479/56
f 4080/1479/56 4114/1480/56 4084/1395/56
f 4114/1480/56 4110/1396/56 4084/1395/56
f 4084/1395/56 4110/1396/56 4106/1312/56
f 4084/1395/56 4106/1312/56 4088/1311/56
f 4088/1311/56 4106/1312/56 4102/1224/56
f 4088/1311/56 4102/1224/56 4092/1223/56
f 4092/1223/56 4102/1224/56 4098/1140/56
f 4092/1223/56 4098/1140/56 4096/1139/56
f 4096/1139/56 4098/1140/56 4094/1094/56
f 4098/1140/56 4100/1095/56 4094/1094/56
f 4094/1094/56 4100/1095/56 4090/1010/56
f 4100/1095/56 4104/1011/56 4090/1010/56
f 4090/1010/56 4104/1011/56 4086/926/56
f 4104/1011/56 4108/927/56 4086/926/56
f 4086/926/56 4108/927/56 4082/842/56
f 4108/927/56 4112/843/56 4082/842/56
f 4082/842/56 4112/843/56 4078/759/56
f 4112/843/56 4116/760/56 4078/759/56
f 4078/759/56 4116/760/56 4074/685/56
f 4116/760/56 4120/686/56 4074/685/56
f 4074/685/56 4120/686/56 4070/610/56
f 4120/686/56 4124/612/56 4070/610/56
f 4070/610/56 4124/612/56 4066/538/56
f 4124/612/56 4128/540/56 4066/538/56
f 4066/538/56 4128/540/56 4062/465/56
f 4128/540/56 4132/468/56 4062/465/56
f 4062/465/56 4132/468/56 4058/381/56
f 4132/468/56 4136/384/56 4058/381/56
f 4058/381/56 4136/384/56 4054/297/56
f 4136/384/56 4140/300/56 4054/297/56
f 4054/297/56 4140/300/56 4200/112/56
f 4054/297/56 4200/112/56 4050/173/56
f 4050/173/56 4200/112/56 4046/172/56
f 4140/300/56 4144/175/56 4200/112/56
f 4065/2509/56 4064/1815/56 4061/2428/56
f 4061/2428/56 4064/1815/56 4060/1899/56
f 4061/2428/56 4060/1899/56 4057/2346/56
f 4057/2346/56 4060/1899/56 4056/1983/56
f 4057/2346/56 4056/1983/56 4053/2266/56
f 4053/2266/56 4056/1983/56 4052/2063/56
f 4053/2266/56 4052/2063/56 4049/2192/56
f 4049/2192/56 4052/2063/56 4048/2127/56
f 4049/2192/56 4048/2127/56 4045/2191/56
f 4045/2191/56 4048/2127/56 4044/2127/56
f 4045/2191/56 4044/2127/56 4041/2191/56
f 4041/2191/56 4044/2127/56 4040/2062/56
f 4041/2191/56 4040/2062/56 4037/2265/56
f 4037/2265/56 4040/2062/56 4036/1982/56
f 4037/2265/56 4036/1982/56 4033/2345/56
f 4033/2345/56 4036/1982/56 4032/1898/56
f 4033/2345/56 4032/1898/56 4029/2427/56
f 4029/2427/56 4032/1898/56 4028/1814/56
f 4029/2427/56 4028/1814/56 4025/2508/56
f 4025/2508/56 4028/1814/56 4024/1730/56
f 4025/2508/56 4024/1730/56 3966/1729/56
f 3966/1729/56 4024/1730/56 3970/1645/56
f 4051/5272/56 4047/5307/56 4199/8106/56
f 4199/8106/56 4047/5307/56 4043/5307/56
f 4199/8106/56 4043/5307/56 4039/5271/56
f 4199/8106/56 4039/5271/56 3949/5266/56
f 3949/5266/56 4039/5271/56 4035/5132/56
f 3949/5266/56 4035/5132/56 3953/5129/56
f 3953/5129/56 4035/5132/56 4031/5054/56
f 3953/5129/56 4031/5054/56 3957/5053/56
f 3957/5053/56 4031/5054/56 4027/4894/56
f 3957/5053/56 4027/4894/56 3961/4893/56
f 3961/4893/56 4027/4894/56 4023/4814/56
f 3961/4893/56 4023/4814/56 3965/4813/56
f 3965/4813/56 4023/4814/56 4019/4654/56
f 3965/4813/56 4019/4654/56 3969/4653/56
f 3969/4653/56 4019/4654/56 4015/4492/56
f 3969/4653/56 4015/4492/56 3973/4491/56
f 3973/4491/56 4015/4492/56 4011/4332/56
f 3973/4491/56 4011/4332/56 3977/4331/56
f 3977/4331/56 4011/4332/56 4007/4172/56
f 3977/4331/56 4007/4172/56 3981/4171/56
f 3981/4171/56 4007/4172/56 4003/4012/56
f 3981/4171/56 4003/4012/56 3985/4011/56
f 3985/4011/56 4003/4012/56 3999/3892/56
f 3985/4011/56 3999/3892/56 3989/3891/56
f 3989/3891/56 3999/3892/56 3995/3732/56
f 3989/3891/56 3995/3732/56 3993/3731/56
f 3993/3731/56 3995/3732/56 3997/3580/56
f 3993/3731/56 3997/3580/56 3991/3579/56
f 3991/3579/56 3997/3580/56 4001/3358/56
f 3991/3579/56 4001/3358/56 3987/3357/56
f 3987/3357/56 4001/3358/56 4005/3116/56
f 3987/3357/56 4005/3116/56 3983/3115/56
f 3983/3115/56 4005/3116/56 4009/2828/56
f 3983/3115/56 4009/2828/56 3979/2827/56
f 3979/2827/56 4009/2828/56 4013/2748/56
f 3979/2827/56 4013/2748/56 3975/2747/56
f 3975/2747/56 4013/2748/56 4017/2668/56
f 3975/2747/56 4017/2668/56 3971/2667/56
f 3971/2667/56 4017/2668/56 4021/2588/56
f 3971/2667/56 4021/2588/56 3967/2587/56
f 3967/2587/56 4021/2588/56 4025/2508/56
f 3967/2587/56 4025/2508/56 3963/2507/56
f 3963/2507/56 4025/2508/56 3966/1729/56
f 3963/2507/56 3966/1729/56 3962/1813/56
f 4024/1730/56 4020/1646/56 3970/1645/56
f 3970/1645/56 4020/1646/56 3974/1561/56
f 4020/1646/56 4016/1562/56 3974/1561/56
f 3974/1561/56 4016/1562/56 3978/1477/56
f 4016/1562/56 4012/1478/56 3978/1477/56
f 3978/1477/56 4012/1478/56 3982/1393/56
f 4012/1478/56 4008/1394/56 3982/1393/56
f 3982/1393/56 4008/1394/56 4004/1310/56
f 3982/1393/56 4004/1310/56 3986/1309/56
f 3986/1309/56 4004/1310/56 4000/1222/56
f 3986/1309/56 4000/1222/56 3990/1221/56
f 3990/1221/56 4000/1222/56 3996/1138/56
f 3990/1221/56 3996/1138/56 3994/1137/56
f 3994/1137/56 3996/1138/56 3992/1090/56
f 3996/1138/56 3998/1091/56 3992/1090/56
f 3992/1090/56 3998/1091/56 3988/1006/56
f 3998/1091/56 4002/1007/56 3988/1006/56
f 3988/1006/56 4002/1007/56 3984/922/56
f 4002/1007/56 4006/923/56 3984/922/56
f 3984/922/56 4006/923/56 3980/838/56
f 4006/923/56 4010/839/56 3980/838/56
f 3980/838/56 4010/839/56 3976/756/56
f 4010/839/56 4014/757/56 3976/756/56
f 3976/756/56 4014/757/56 3972/682/56
f 4014/757/56 4018/683/56 3972/682/56
f 3972/682/56 4018/683/56 3968/607/56
f 4018/683/56 4022/609/56 3968/607/56
f 3968/607/56 4022/609/56 3964/535/56
f 4022/609/56 4026/537/56 3964/535/56
f 3964/535/56 4026/537/56 3960/461/56
f 4026/537/56 4030/464/56 3960/461/56
f 3960/461/56 4030/464/56 3956/377/56
f 4030/464/56 4034/380/56 3956/377/56
f 3956/377/56 4034/380/56 3952/293/56
f 4034/380/56 4038/296/56 3952/293/56
f 3952/293/56 4038/296/56 3948/170/56
f 4038/296/56 4042/172/56 3948/170/56
f 3948/170/56 4042/172/56 4200/112/56
f 3948/170/56 4200/112/56 3944/170/56
f 3944/170/56 4200/112/56 3940/169/56
f 4042/172/56 4046/172/56 4200/112/56
f 3963/2507/56 3962/1813/56 3959/2426/56
f 3959/2426/56 3962/1813/56 3958/1897/56
f 3959/2426/56 3958/1897/56 3955/2342/56
f 3955/2342/56 3958/1897/56 3954/1981/56
f 3955/2342/56 3954/1981/56 3951/2262/56
f 3951/2262/56 3954/1981/56 3950/2059/56
f 3951/2262/56 3950/2059/56 3947/2190/56
f 3947/2190/56 3950/2059/56 3946/2124/56
f 3947/2190/56 3946/2124/56 3943/2189/56
f 3943/2189/56 3946/2124/56 3942/2124/56
f 3943/2189/56 3942/2124/56 3939/2189/56
f 3939/2189/56 3942/2124/56 3938/2058/56
f 3939/2189/56 3938/2058/56 3935/2261/56
f 3935/2261/56 3938/2058/56 3934/1980/56
f 3935/2261/56 3934/1980/56 3931/2341/56
f 3931/2341/56 3934/1980/56 3930/1896/56
f 3931/2341/56 3930/1896/56 3927/2425/56
f 3927/2425/56 3930/1896/56 3926/1812/56
f 3927/2425/56 3926/1812/56 3923/2506/56
f 3923/2506/56 3926/1812/56 3922/1728/56
f 3923/2506/56 3922/1728/56 3919/2586/56
f 3919/2586/56 3922/1728/56 3918/1644/56
f 3919/2586/56 3918/1644/56 3915/2666/56
f 3915/2666/56 3918/1644/56 3914/1560/56
f 3915/2666/56 3914/1560/56 3911/2746/56
f 3911/2746/56 3914/1560/56 3910/1476/56
f 3911/2746/56 3910/1476/56 3907/2826/56
f 3907/2826/56 3910/1476/56 3906/1392/56
f 3907/2826/56 3906/1392/56 3903/3114/56
f 3903/3114/56 3906/1392/56 3902/1308/56
f 3903/3114/56 3902/1308/56 3899/3356/56
f 3899/3356/56 3902/1308/56 3885/3355/56
f 3899/3356/56 3885/3355/56 3889/3577/56
f 3949/5266/56 3945/5304/56 4199/8106/56
f 4199/8106/56 3945/5304/56 3941/5304/56
f 4199/8106/56 3941/5304/56 3937/5265/56
f 3937/5265/56 3933/5128/56 4199/8106/56
f 4199/8106/56 3933/5128/56 3851/5121/56
f 4199/8106/56 3851/5121/56 3847/5256/56
f 3933/5128/56 3929/5052/56 3851/5121/56
f 3851/5121/56 3929/5052/56 3855/5051/56
f 3929/5052/56 3925/4892/56 3855/5051/56
f 3855/5051/56 3925/4892/56 3859/4891/56
f 3925/4892/56 3921/4812/56 3859/4891/56
f 3859/4891/56 3921/4812/56 3863/4811/56
f 3921/4812/56 3917/4652/56 3863/4811/56
f 3863/4811/56 3917/4652/56 3867/4651/56
f 3917/4652/56 3913/4490/56 3867/4651/56
f 3867/4651/56 3913/4490/56 3871/4489/56
f 3913/4490/56 3909/4330/56 3871/4489/56
f 3871/4489/56 3909/4330/56 3875/4329/56
f 3909/4330/56 3905/4170/56 3875/4329/56
f 3875/4329/56 3905/4170/56 3879/4169/56
f 3905/4170/56 3901/4010/56 3879/4169/56
f 3879/4169/56 3901/4010/56 3883/4009/56
f 3901/4010/56 3897/3890/56 3883/4009/56
f 3883/4009/56 3897/3890/56 3887/3889/56
f 3897/3890/56 3893/3730/56 3887/3889/56
f 3887/3889/56 3893/3730/56 3891/3729/56
f 3893/3730/56 3895/3578/56 3891/3729/56
f 3891/3729/56 3895/3578/56 3889/3577/56
f 3895/3578/56 3899/3356/56 3889/3577/56
f 3885/3355/56 3902/1308/56 3884/1307/56
f 3884/1307/56 3902/1308/56 3898/1220/56
f 3884/1307/56 3898/1220/56 3888/1219/56
f 3888/1219/56 3898/1220/56 3894/1136/56
f 3888/1219/56 3894/1136/56 3892/1135/56
f 3892/1135/56 3894/1136/56 3890/1081/56
f 3894/1136/56 3896/1087/56 3890/1081/56
f 3890/1081/56 3896/1087/56 3886/997/56
f 3896/1087/56 3900/1003/56 3886/997/56
f 3886/997/56 3900/1003/56 3882/913/56
f 3900/1003/56 3904/919/56 3882/913/56
f 3882/913/56 3904/919/56 3878/829/56
f 3904/919/56 3908/835/56 3878/829/56
f 3878/829/56 3908/835/56 3874/748/56
f 3908/835/56 3912/754/56 3874/748/56
f 3874/748/56 3912/754/56 3870/674/56
f 3912/754/56 3916/680/56 3870/674/56
f 3870/674/56 3916/680/56 3866/600/56
f 3916/680/56 3920/606/56 3866/600/56
f 3866/600/56 3920/606/56 3862/528/56
f 3920/606/56 3924/534/56 3862/528/56
f 3862/528/56 3924/534/56 3858/453/56
f 3924/534/56 3928/460/56 3858/453/56
f 3858/453/56 3928/460/56 3854/369/56
f 3928/460/56 3932/376/56 3854/369/56
f 3854/369/56 3932/376/56 3850/285/56
f 3932/376/56 3936/292/56 3850/285/56
f 3850/285/56 3936/292/56 3846/164/56
f 3936/292/56 3940/169/56 3846/164/56
f 3846/164/56 3940/169/56 4200/112/56
f 3846/164/56 4200/112/56 3842/164/56
f 3842/164/56 4200/112/56 3740/163/56
f 3842/164/56 3740/163/56 3838/165/56
f 3838/165/56 3740/163/56 3744/163/56
f 3838/165/56 3744/163/56 3834/284/56
f 3834/284/56 3744/163/56 3748/283/56
f 3834/284/56 3748/283/56 3830/368/56
f 3830/368/56 3748/283/56 3752/367/56
f 3830/368/56 3752/367/56 3826/452/56
f 3826/452/56 3752/367/56 3756/451/56
f 3826/452/56 3756/451/56 3822/527/56
f 3822/527/56 3756/451/56 3760/526/56
f 3822/527/56 3760/526/56 3818/599/56
f 3818/599/56 3760/526/56 3764/598/56
f 3818/599/56 3764/598/56 3814/673/56
f 3814/673/56 3764/598/56 3768/672/56
f 3814/673/56 3768/672/56 3810/747/56
f 3810/747/56 3768/672/56 3772/746/56
f 3810/747/56 3772/746/56 3806/828/56
f 3806/828/56 3772/746/56 3776/827/56
f 3806/828/56 3776/827/56 3802/912/56
f 3802/912/56 3776/827/56 3780/911/56
f 3802/912/56 3780/911/56 3798/996/56
f 3798/996/56 3780/911/56 3784/995/56
f 3798/996/56 3784/995/56 3794/1080/56
f 3794/1080/56 3784/995/56 3788/1079/56
f 3794/1080/56 3788/1079/56 3792/1134/56
f 3792/1134/56 3788/1079/56 3790/1133/56
f 3792/1134/56 3790/1133/56 3786/1217/56
f 3304/1632/56 3300/1548/56 3301/2654/56
f 3301/2654/56 3300/1548/56 3258/1547/56
f 3301/2654/56 3258/1547/56 3255/2653/56
f 3255/2653/56 3258/1547/56 3254/1631/56
f 3255/2653/56 3254/1631/56 3251/2573/56
f 3251/2573/56 3254/1631/56 3250/1715/56
f 3251/2573/56 3250/1715/56 3247/2493/56
f 3247/2493/56 3250/1715/56 3246/1799/56
f 3247/2493/56 3246/1799/56 3243/2412/56
f 3243/2412/56 3246/1799/56 3242/1883/56
f 3243/2412/56 3242/1883/56 3239/2322/56
f 3239/2322/56 3242/1883/56 3238/1967/56
f 3239/2322/56 3238/1967/56 3235/2243/56
f 3235/2243/56 3238/1967/56 3234/2039/56
f 3235/2243/56 3234/2039/56 3231/2177/56
f 3231/2177/56 3234/2039/56 3230/2111/56
f 3231/2177/56 3230/2111/56 3227/2177/56
f 3227/2177/56 3230/2111/56 3226/2111/56
f 3227/2177/56 3226/2111/56 3223/2177/56
f 3223/2177/56 3226/2111/56 3222/2038/56
f 3223/2177/56 3222/2038/56 3219/2242/56
f 3219/2242/56 3222/2038/56 3218/1966/56
f 3219/2242/56 3218/1966/56 3215/2321/56
f 3215/2321/56 3218/1966/56 3214/1882/56
f 3215/2321/56 3214/1882/56 3211/2411/56
f 3211/2411/56 3214/1882/56 3210/1798/56
f 3211/2411/56 3210/1798/56 3207/2492/56
f 3207/2492/56 3210/1798/56 3206/1714/56
f 3207/2492/56 3206/1714/56 3148/1713/56
f 3148/1713/56 3206/1714/56 3152/1629/56
f 3255/2653/56 3259/2733/56 3301/2654/56
f 3301/2654/56 3259/2733/56 3297/2734/56
f 3259/2733/56 3263/2813/56 3297/2734/56
f 3297/2734/56 3263/2813/56 3293/2814/56
f 3263/2813/56 3267/3101/56 3293/2814/56
f 3293/2814/56 3267/3101/56 3289/3102/56
f 3267/3101/56 3271/3343/56 3289/3102/56
f 3289/3102/56 3271/3343/56 3285/3344/56
f 3271/3343/56 3275/3565/56 3285/3344/56
f 3285/3344/56 3275/3565/56 3281/3566/56
f 3275/3565/56 3277/3717/56 3281/3566/56
f 3281/3566/56 3277/3717/56 3279/3718/56
f 3277/3717/56 3273/3877/56 3279/3718/56
f 3279/3718/56 3273/3877/56 3283/3878/56
f 3273/3877/56 3269/3997/56 3283/3878/56
f 3283/3878/56 3269/3997/56 3287/3998/56
f 3269/3997/56 3265/4157/56 3287/3998/56
f 3287/3998/56 3265/4157/56 3291/4158/56
f 3265/4157/56 3261/4317/56 3291/4158/56
f 3291/4158/56 3261/4317/56 3295/4318/56
f 3261/4317/56 3257/4477/56 3295/4318/56
f 3295/4318/56 3257/4477/56 3299/4478/56
f 3257/4477/56 3253/4639/56 3299/4478/56
f 3299/4478/56 3253/4639/56 3303/4640/56
f 3253/4639/56 3249/4799/56 3303/4640/56
f 3303/4640/56 3249/4799/56 3307/4800/56
f 3249/4799/56 3245/4879/56 3307/4800/56
f 3307/4800/56 3245/4879/56 3311/4880/56
f 3245/4879/56 3241/5039/56 3311/4880/56
f 3311/4880/56 3241/5039/56 3315/5040/56
f 3315/5040/56 3241/5039/56 3400/7018/56
f 3400/7018/56 3241/5039/56 3237/5109/56
f 3400/7018/56 3237/5109/56 3233/5232/56
f 3233/5232/56 3229/5291/56 3400/7018/56
f 3400/7018/56 3229/5291/56 3225/5291/56
f 3400/7018/56 3225/5291/56 3127/5290/56
f 3127/5290/56 3225/5291/56 3221/5231/56
f 3127/5290/56 3221/5231/56 3131/5225/56
f 3131/5225/56 3221/5231/56 3217/5108/56
f 3131/5225/56 3217/5108/56 3135/5105/56
f 3135/5105/56 3217/5108/56 3213/5038/56
f 3135/5105/56 3213/5038/56 3139/5037/56
f 3139/5037/56 3213/5038/56 3209/4878/56
f 3139/5037/56 3209/4878/56 3143/4877/56
f 3143/4877/56 3209/4878/56 3205/4798/56
f 3143/4877/56 3205/4798/56 3147/4797/56
f 3147/4797/56 3205/4798/56 3201/4638/56
f 3147/4797/56 3201/4638/56 3151/4637/56
f 3151/4637/56 3201/4638/56 3197/4476/56
f 3151/4637/56 3197/4476/56 3155/4475/56
f 3155/4475/56 3197/4476/56 3193/4316/56
f 3155/4475/56 3193/4316/56 3159/4315/56
f 3159/4315/56 3193/4316/56 3189/4156/56
f 3159/4315/56 3189/4156/56 3163/4155/56
f 3163/4155/56 3189/4156/56 3185/3996/56
f 3163/4155/56 3185/3996/56 3167/3995/56
f 3167/3995/56 3185/3996/56 3181/3876/56
f 3167/3995/56 3181/3876/56 3171/3875/56
f 3171/3875/56 3181/3876/56 3177/3716/56
f 3171/3875/56 3177/3716/56 3175/3715/56
f 3175/3715/56 3177/3716/56 3179/3564/56
f 3175/3715/56 3179/3564/56 3173/3563/56
f 3173/3563/56 3179/3564/56 3183/3342/56
f 3173/3563/56 3183/3342/56 3169/3341/56
f 3169/3341/56 3183/3342/56 3187/3100/56
f 3169/3341/56 3187/3100/56 3165/3099/56
f 3165/3099/56 3187/3100/56 3191/2812/56
f 3165/3099/56 3191/2812/56 3161/2811/56
f 3161/2811/56 3191/2812/56 3195/2732/56
f 3161/2811/56 3195/2732/56 3157/2731/56
f 3157/2731/56 3195/2732/56 3199/2652/56
f 3157/2731/56 3199/2652/56 3153/2651/56
f 3153/2651/56 3199/2652/56 3203/2572/56
f 3153/2651/56 3203/2572/56 3149/2571/56
f 3149/2571/56 3203/2572/56 3207/2492/56
f 3149/2571/56 3207/2492/56 3145/2491/56
f 3145/2491/56 3207/2492/56 3148/1713/56
f 3145/2491/56 3148/1713/56 3144/1797/56
f 3278/1123/56 3280/1124/56 3276/1069/56
f 3276/1069/56 3280/1124/56 3282/1070/56
f 3276/1069/56 3282/1070/56 3272/985/56
f 3272/985/56 3282/1070/56 3286/986/56
f 3272/985/56 3286/986/56 3268/901/56
f 3268/901/56 3286/986/56 3290/902/56
f 3268/901/56 3290/902/56 3264/817/56
f 3264/817/56 3290/902/56 3294/818/56
f 3264/817/56 3294/818/56 3260/736/56
f 3260/736/56 3294/818/56 3298/737/56
f 3260/736/56 3298/737/56 3256/662/56
f 3256/662/56 3298/737/56 3302/663/56
f 3256/662/56 3302/663/56 3252/588/56
f 3252/588/56 3302/663/56 3306/589/56
f 3252/588/56 3306/589/56 3248/516/56
f 3248/516/56 3306/589/56 3310/517/56
f 3248/516/56 3310/517/56 3244/441/56
f 3244/441/56 3310/517/56 3314/442/56
f 3244/441/56 3314/442/56 3240/357/56
f 3240/357/56 3314/442/56 3318/358/56
f 3240/357/56 3318/358/56 3236/273/56
f 3236/273/56 3318/358/56 3322/274/56
f 3236/273/56 3322/274/56 3232/155/56
f 3232/155/56 3322/274/56 3326/156/56
f 3232/155/56 3326/156/56 3228/154/56
f 3228/154/56 3326/156/56 3330/157/56
f 3228/154/56 3330/157/56 4200/112/56
f 4200/112/56 3330/157/56 3434/159/56
f 4200/112/56 3434/159/56 3536/160/56
f 3536/160/56 3434/159/56 3532/160/56
f 3278/1123/56 3274/1207/56 3280/1124/56
f 3280/1124/56 3274/1207/56 3284/1208/56
f 3274/1207/56 3270/1295/56 3284/1208/56
f 3284/1208/56 3270/1295/56 3288/1296/56
f 3270/1295/56 3266/1379/56 3288/1296/56
f 3288/1296/56 3266/1379/56 3292/1380/56
f 3266/1379/56 3262/1463/56 3292/1380/56
f 3292/1380/56 3262/1463/56 3296/1464/56
f 3262/1463/56 3258/1547/56 3296/1464/56
f 3296/1464/56 3258/1547/56 3300/1548/56
f 3206/1714/56 3202/1630/56 3152/1629/56
f 3152/1629/56 3202/1630/56 3156/1545/56
f 3202/1630/56 3198/1546/56 3156/1545/56
f 3156/1545/56 3198/1546/56 3160/1461/56
f 3198/1546/56 3194/1462/56 3160/1461/56
f 3160/1461/56 3194/1462/56 3164/1377/56
f 3194/1462/56 3190/1378/56 3164/1377/56
f 3164/1377/56 3190/1378/56 3186/1294/56
f 3164/1377/56 3186/1294/56 3168/1293/56
f 3168/1293/56 3186/1294/56 3182/1206/56
f 3168/1293/56 3182/1206/56 3172/1205/56
f 3172/1205/56 3182/1206/56 3178/1122/56
f 3172/1205/56 3178/1122/56 3176/1121/56
f 3176/1121/56 3178/1122/56 3174/1066/56
f 3178/1122/56 3180/1067/56 3174/1066/56
f 3174/1066/56 3180/1067/56 3170/982/56
f 3180/1067/56 3184/983/56 3170/982/56
f 3170/982/56 3184/983/56 3166/898/56
f 3184/983/56 3188/899/56 3166/898/56
f 3166/898/56 3188/899/56 3162/814/56
f 3188/899/56 3192/815/56 3162/814/56
f 3162/814/56 3192/815/56 3158/733/56
f 3192/815/56 3196/734/56 3158/733/56
f 3158/733/56 3196/734/56 3154/659/56
f 3196/734/56 3200/660/56 3154/659/56
f 3154/659/56 3200/660/56 3150/585/56
f 3200/660/56 3204/587/56 3150/585/56
f 3150/585/56 3204/587/56 3146/513/56
f 3204/587/56 3208/515/56 3146/513/56
f 3146/513/56 3208/515/56 3142/437/56
f 3208/515/56 3212/440/56 3142/437/56
f 3142/437/56 3212/440/56 3138/353/56
f 3212/440/56 3216/356/56 3138/353/56
f 3138/353/56 3216/356/56 3134/269/56
f 3216/356/56 3220/272/56 3134/269/56
f 3134/269/56 3220/272/56 3130/151/56
f 3220/272/56 3224/154/56 3130/151/56
f 3130/151/56 3224/154/56 3126/151/56
f 3224/154/56 3228/154/56 3126/151/56
f 3126/151/56 3228/154/56 4200/112/56
f 3126/151/56 4200/112/56 3024/149/56
f 3024/149/56 4200/112/56 2922/146/56
f 3024/149/56 2922/146/56 3020/149/56
f 3020/149/56 2922/146/56 2926/146/56
f 3020/149/56 2926/146/56 3016/264/56
f 3016/264/56 2926/146/56 2930/261/56
f 3016/264/56 2930/261/56 3012/348/56
f 3012/348/56 2930/261/56 2934/345/56
f 3012/348/56 2934/345/56 3008/432/56
f 3008/432/56 2934/345/56 2938/429/56
f 3008/432/56 2938/429/56 3004/509/56
f 3004/509/56 2938/429/56 2942/507/56
f 3004/509/56 2942/507/56 3000/581/56
f 3000/581/56 2942/507/56 2946/579/56
f 3000/581/56 2946/579/56 2996/654/56
f 2996/654/56 2946/579/56 2950/652/56
f 2996/654/56 2950/652/56 2992/728/56
f 2992/728/56 2950/652/56 2954/726/56
f 2992/728/56 2954/726/56 2988/807/56
f 2988/807/56 2954/726/56 2958/805/56
f 2988/807/56 2958/805/56 2984/891/56
f 2984/891/56 2958/805/56 2962/889/56
f 2984/891/56 2962/889/56 2980/975/56
f 2980/975/56 2962/889/56 2966/973/56
f 2980/975/56 2966/973/56 2976/1059/56
f 2976/1059/56 2966/973/56 2970/1057/56
f 2976/1059/56 2970/1057/56 2974/1118/56
f 2974/1118/56 2970/1057/56 2972/1117/56
f 2974/1118/56 2972/1117/56 2968/1201/56
f 3145/2491/56 3144/1797/56 3141/2410/56
f 3141/2410/56 3144/1797/56 3140/1881/56
f 3141/2410/56 3140/1881/56 3137/2318/56
f 3137/2318/56 3140/1881/56 3136/1965/56
f 3137/2318/56 3136/1965/56 3133/2239/56
f 3133/2239/56 3136/1965/56 3132/2035/56
f 3133/2239/56 3132/2035/56 3129/2176/56
f 3129/2176/56 3132/2035/56 3128/2108/56
f 3129/2176/56 3128/2108/56 3125/2176/56
f 3125/2176/56 3128/2108/56 3124/2108/56
f 3125/2176/56 3124/2108/56 3121/2175/56
f 3121/2175/56 3124/2108/56 3120/2034/56
f 3121/2175/56 3120/2034/56 3117/2238/56
f 3117/2238/56 3120/2034/56 3116/1964/56
f 3117/2238/56 3116/1964/56 3113/2317/56
f 3113/2317/56 3116/1964/56 3112/1880/56
f 3113/2317/56 3112/1880/56 3109/2409/56
f 3109/2409/56 3112/1880/56 3108/1796/56
f 3109/2409/56 3108/1796/56 3105/2490/56
f 3105/2490/56 3108/1796/56 3104/1712/56
f 3105/2490/56 3104/1712/56 3046/1711/56
f 3046/1711/56 3104/1712/56 3050/1627/56
f 3127/5290/56 3123/5290/56 3400/7018/56
f 3400/7018/56 3123/5290/56 3025/5289/56
f 3400/7018/56 3025/5289/56 3021/5289/56
f 3123/5290/56 3119/5224/56 3025/5289/56
f 3025/5289/56 3119/5224/56 3029/5218/56
f 3119/5224/56 3115/5104/56 3029/5218/56
f 3029/5218/56 3115/5104/56 3033/5101/56
f 3115/5104/56 3111/5036/56 3033/5101/56
f 3033/5101/56 3111/5036/56 3037/5035/56
f 3111/5036/56 3107/4876/56 3037/5035/56
f 3037/5035/56 3107/4876/56 3041/4875/56
f 3107/4876/56 3103/4796/56 3041/4875/56
f 3041/4875/56 3103/4796/56 3045/4795/56
f 3103/4796/56 3099/4636/56 3045/4795/56
f 3045/4795/56 3099/4636/56 3049/4635/56
f 3099/4636/56 3095/4474/56 3049/4635/56
f 3049/4635/56 3095/4474/56 3053/4473/56
f 3095/4474/56 3091/4314/56 3053/4473/56
f 3053/4473/56 3091/4314/56 3057/4313/56
f 3091/4314/56 3087/4154/56 3057/4313/56
f 3057/4313/56 3087/4154/56 3061/4153/56
f 3087/4154/56 3083/3994/56 3061/4153/56
f 3061/4153/56 3083/3994/56 3065/3993/56
f 3083/3994/56 3079/3874/56 3065/3993/56
f 3065/3993/56 3079/3874/56 3069/3873/56
f 3079/3874/56 3075/3714/56 3069/3873/56
f 3069/3873/56 3075/3714/56 3073/3713/56
f 3075/3714/56 3077/3562/56 3073/3713/56
f 3073/3713/56 3077/3562/56 3071/3561/56
f 3077/3562/56 3081/3340/56 3071/3561/56
f 3071/3561/56 3081/3340/56 3067/3339/56
f 3081/3340/56 3085/3098/56 3067/3339/56
f 3067/3339/56 3085/3098/56 3063/3097/56
f 3085/3098/56 3089/2810/56 3063/3097/56
f 3063/3097/56 3089/2810/56 3059/2809/56
f 3089/2810/56 3093/2730/56 3059/2809/56
f 3059/2809/56 3093/2730/56 3055/2729/56
f 3093/2730/56 3097/2650/56 3055/2729/56
f 3055/2729/56 3097/2650/56 3051/2649/56
f 3097/2650/56 3101/2570/56 3051/2649/56
f 3051/2649/56 3101/2570/56 3047/2569/56
f 3101/2570/56 3105/2490/56 3047/2569/56
f 3047/2569/56 3105/2490/56 3043/2489/56
f 3104/1712/56 3100/1628/56 3050/1627/56
f 3050/1627/56 3100/1628/56 3054/1543/56
f 3100/1628/56 3096/1544/56 3054/1543/56
f 3054/1543/56 3096/1544/56 3058/1459/56
f 3096/1544/56 3092/1460/56 3058/1459/56
f 3058/1459/56 3092/1460/56 3062/1375/56
f 3092/1460/56 3088/1376/56 3062/1375/56
f 3062/1375/56 3088/1376/56 3084/1292/56
f 3062/1375/56 3084/1292/56 3066/1291/56
f 3066/1291/56 3084/1292/56 3080/1204/56
f 3066/1291/56 3080/1204/56 3070/1203/56
f 3070/1203/56 3080/1204/56 3076/1120/56
f 3070/1203/56 3076/1120/56 3074/1119/56
f 3074/1119/56 3076/1120/56 3072/1062/56
f 3076/1120/56 3078/1063/56 3072/1062/56
f 3072/1062/56 3078/1063/56 3068/978/56
f 3078/1063/56 3082/979/56 3068/978/56
f 3068/978/56 3082/979/56 3064/894/56
f 3082/979/56 3086/895/56 3064/894/56
f 3064/894/56 3086/895/56 3060/810/56
f 3086/895/56 3090/811/56 3060/810/56
f 3060/810/56 3090/811/56 3056/730/56
f 3090/811/56 3094/731/56 3056/730/56
f 3056/730/56 3094/731/56 3052/656/56
f 3094/731/56 3098/657/56 3052/656/56
f 3052/656/56 3098/657/56 3048/582/56
f 3098/657/56 3102/584/56 3048/582/56
f 3048/582/56 3102/584/56 3044/510/56
f 3102/584/56 3106/512/56 3044/510/56
f 3044/510/56 3106/512/56 3040/433/56
f 3106/512/56 3110/436/56 3040/433/56
f 3040/433/56 3110/436/56 3036/349/56
f 3110/436/56 3114/352/56 3036/349/56
f 3036/349/56 3114/352/56 3032/265/56
f 3114/352/56 3118/268/56 3032/265/56
f 3032/265/56 3118/268/56 3028/149/56
f 3118/268/56 3122/152/56 3028/149/56
f 3028/149/56 3122/152/56 3024/149/56
f 3122/152/56 3126/151/56 3024/149/56
f 3105/2490/56 3046/1711/56 3043/2489/56
f 3043/2489/56 3046/1711/56 3042/1795/56
f 3043/2489/56 3042/1795/56 3039/2408/56
f 3039/2408/56 3042/1795/56 3038/1879/56
f 3039/2408/56 3038/1879/56 3035/2314/56
f 3035/2314/56 3038/1879/56 3034/1963/56
f 3035/2314/56 3034/1963/56 3031/2235/56
f 3031/2235/56 3034/1963/56 3030/2031/56
f 3031/2235/56 3030/2031/56 3027/2174/56
f 3027/2174/56 3030/2031/56 3026/2105/56
f 3027/2174/56 3026/2105/56 3023/2174/56
f 3023/2174/56 3026/2105/56 3022/2105/56
f 3023/2174/56 3022/2105/56 3019/2174/56
f 3019/2174/56 3022/2105/56 3018/2030/56
f 3019/2174/56 3018/2030/56 3015/2234/56
f 3015/2234/56 3018/2030/56 3014/1962/56
f 3015/2234/56 3014/1962/56 3011/2313/56
f 3011/2313/56 3014/1962/56 3010/1878/56
f 3011/2313/56 3010/1878/56 3007/2407/56
f 3007/2407/56 3010/1878/56 3006/1794/56
f 3007/2407/56 3006/1794/56 3003/2488/56
f 3003/2488/56 3006/1794/56 3002/1710/56
f 3003/2488/56 3002/1710/56 2999/2568/56
f 2999/2568/56 3002/1710/56 2998/1626/56
f 2999/2568/56 2998/1626/56 2995/2648/56
f 2995/2648/56 2998/1626/56 2994/1542/56
f 2995/2648/56 2994/1542/56 2991/2728/56
f 2991/2728/56 2994/1542/56 2990/1458/56
f 2991/2728/56 2990/1458/56 2987/2808/56
f 2987/2808/56 2990/1458/56 2986/1374/56
f 2987/2808/56 2986/1374/56 2983/3096/56
f 2983/3096/56 2986/1374/56 2982/1290/56
f 2983/3096/56 2982/1290/56 2979/3338/56
f 2979/3338/56 2982/1290/56 2978/1202/56
f 2979/3338/56 2978/1202/56 2975/3560/56
f 2975/3560/56 2978/1202/56 2969/3559/56
f 2975/3560/56 2969/3559/56 2971/3711/56
f 3021/5289/56 3017/5217/56 3400/7018/56
f 3400/7018/56 3017/5217/56 2927/5211/56
f 3400/7018/56 2927/5211/56 2923/5288/56
f 3017/5217/56 3013/5100/56 2927/5211/56
f 2927/5211/56 3013/5100/56 2931/5097/56
f 3013/5100/56 3009/5034/56 2931/5097/56
f 2931/5097/56 3009/5034/56 2935/5033/56
f 3009/5034/56 3005/4874/56 2935/5033/56
f 2935/5033/56 3005/4874/56 2939/4873/56
f 3005/4874/56 3001/4794/56 2939/4873/56
f 2939/4873/56 3001/4794/56 2943/4793/56
f 3001/4794/56 2997/4634/56 2943/4793/56
f 2943/4793/56 2997/4634/56 2947/4633/56
f 2997/4634/56 2993/4472/56 2947/4633/56
f 2947/4633/56 2993/4472/56 2951/4471/56
f 2993/4472/56 2989/4312/56 2951/4471/56
f 2951/4471/56 2989/4312/56 2955/4311/56
f 2989/4312/56 2985/4152/56 2955/4311/56
f 2955/4311/56 2985/4152/56 2959/4151/56
f 2985/4152/56 2981/3992/56 2959/4151/56
f 2959/4151/56 2981/3992/56 2963/3991/56
f 2981/3992/56 2977/3872/56 2963/3991/56
f 2963/3991/56 2977/3872/56 2967/3871/56
f 2977/3872/56 2973/3712/56 2967/3871/56
f 2967/3871/56 2973/3712/56 2971/3711/56
f 2973/3712/56 2975/3560/56 2971/3711/56
f 2969/3559/56 2978/1202/56 2968/1201/56
f 2968/1201/56 2978/1202/56 2974/1118/56
f 3885/3355/56 3884/1307/56 3881/3113/56
f 3881/3113/56 3884/1307/56 3880/1391/56
f 3881/3113/56 3880/1391/56 3877/2825/56
f 3877/2825/56 3880/1391/56 3876/1475/56
f 3877/2825/56 3876/1475/56 3873/2745/56
f 3873/2745/56 3876/1475/56 3872/1559/56
f 3873/2745/56 3872/1559/56 3869/2665/56
f 3869/2665/56 3872/1559/56 3868/1643/56
f 3869/2665/56 3868/1643/56 3865/2585/56
f 3865/2585/56 3868/1643/56 3864/1727/56
f 3865/2585/56 3864/1727/56 3861/2505/56
f 3861/2505/56 3864/1727/56 3860/1811/56
f 3861/2505/56 3860/1811/56 3857/2424/56
f 3857/2424/56 3860/1811/56 3856/1895/56
f 3857/2424/56 3856/1895/56 3853/2334/56
f 3853/2334/56 3856/1895/56 3852/1979/56
f 3853/2334/56 3852/1979/56 3849/2255/56
f 3849/2255/56 3852/1979/56 3848/2051/56
f 3849/2255/56 3848/2051/56 3845/2188/56
f 3845/2188/56 3848/2051/56 3844/2117/56
f 3845/2188/56 3844/2117/56 3841/2188/56
f 3841/2188/56 3844/2117/56 3840/2117/56
f 3841/2188/56 3840/2117/56 3837/2187/56
f 3837/2187/56 3840/2117/56 3836/2050/56
f 3837/2187/56 3836/2050/56 3833/2254/56
f 3833/2254/56 3836/2050/56 3832/1978/56
f 3833/2254/56 3832/1978/56 3829/2333/56
f 3829/2333/56 3832/1978/56 3828/1894/56
f 3829/2333/56 3828/1894/56 3825/2423/56
f 3825/2423/56 3828/1894/56 3824/1810/56
f 3825/2423/56 3824/1810/56 3821/2504/56
f 3821/2504/56 3824/1810/56 3820/1726/56
f 3821/2504/56 3820/1726/56 3762/1725/56
f 3762/1725/56 3820/1726/56 3766/1641/56
f 4199/8106/56 3847/5256/56 3399/8071/56
f 3399/8071/56 3847/5256/56 3843/5297/56
f 3399/8071/56 3843/5297/56 3839/5297/56
f 3827/5050/56 3753/5049/56 3831/5120/56
f 3831/5120/56 3753/5049/56 3749/5119/56
f 3831/5120/56 3749/5119/56 3835/5255/56
f 3835/5255/56 3749/5119/56 3745/5252/56
f 3835/5255/56 3745/5252/56 3839/5297/56
f 3839/5297/56 3745/5252/56 3741/5296/56
f 3839/5297/56 3741/5296/56 3399/8071/56
f 3399/8071/56 3741/5296/56 3737/5296/56
f 3399/8071/56 3737/5296/56 3733/5251/56
f 3827/5050/56 3823/4890/56 3753/5049/56
f 3753/5049/56 3823/4890/56 3757/4889/56
f 3823/4890/56 3819/4810/56 3757/4889/56
f 3757/4889/56 3819/4810/56 3761/4809/56
f 3819/4810/56 3815/4650/56 3761/4809/56
f 3761/4809/56 3815/4650/56 3765/4649/56
f 3815/4650/56 3811/4488/56 3765/4649/56
f 3765/4649/56 3811/4488/56 3769/4487/56
f 3811/4488/56 3807/4328/56 3769/4487/56
f 3769/4487/56 3807/4328/56 3773/4327/56
f 3807/4328/56 3803/4168/56 3773/4327/56
f 3773/4327/56 3803/4168/56 3777/4167/56
f 3803/4168/56 3799/4008/56 3777/4167/56
f 3777/4167/56 3799/4008/56 3781/4007/56
f 3799/4008/56 3795/3888/56 3781/4007/56
f 3781/4007/56 3795/3888/56 3785/3887/56
f 3795/3888/56 3791/3728/56 3785/3887/56
f 3785/3887/56 3791/3728/56 3789/3727/56
f 3791/3728/56 3793/3576/56 3789/3727/56
f 3789/3727/56 3793/3576/56 3787/3575/56
f 3793/3576/56 3797/3354/56 3787/3575/56
f 3787/3575/56 3797/3354/56 3783/3353/56
f 3797/3354/56 3801/3112/56 3783/3353/56
f 3783/3353/56 3801/3112/56 3779/3111/56
f 3801/3112/56 3805/2824/56 3779/3111/56
f 3779/3111/56 3805/2824/56 3775/2823/56
f 3805/2824/56 3809/2744/56 3775/2823/56
f 3775/2823/56 3809/2744/56 3771/2743/56
f 3809/2744/56 3813/2664/56 3771/2743/56
f 3771/2743/56 3813/2664/56 3767/2663/56
f 3813/2664/56 3817/2584/56 3767/2663/56
f 3767/2663/56 3817/2584/56 3763/2583/56
f 3817/2584/56 3821/2504/56 3763/2583/56
f 3763/2583/56 3821/2504/56 3759/2503/56
f 3820/1726/56 3816/1642/56 3766/1641/56
f 3766/1641/56 3816/1642/56 3770/1557/56
f 3816/1642/56 3812/1558/56 3770/1557/56
f 3770/1557/56 3812/1558/56 3774/1473/56
f 3812/1558/56 3808/1474/56 3774/1473/56
f 3774/1473/56 3808/1474/56 3778/1389/56
f 3808/1474/56 3804/1390/56 3778/1389/56
f 3778/1389/56 3804/1390/56 3800/1306/56
f 3778/1389/56 3800/1306/56 3782/1305/56
f 3782/1305/56 3800/1306/56 3796/1218/56
f 3782/1305/56 3796/1218/56 3786/1217/56
f 3786/1217/56 3796/1218/56 3792/1134/56
f 3821/2504/56 3762/1725/56 3759/2503/56
f 3759/2503/56 3762/1725/56 3758/1809/56
f 3759/2503/56 3758/1809/56 3755/2422/56
f 3755/2422/56 3758/1809/56 3754/1893/56
f 3755/2422/56 3754/1893/56 3751/2332/56
f 3751/2332/56 3754/1893/56 3750/1977/56
f 3751/2332/56 3750/1977/56 3747/2253/56
f 3747/2253/56 3750/1977/56 3746/2049/56
f 3747/2253/56 3746/2049/56 3743/2186/56
f 3743/2186/56 3746/2049/56 3742/2116/56
f 3743/2186/56 3742/2116/56 3739/2185/56
f 3739/2185/56 3742/2116/56 3738/2116/56
f 3739/2185/56 3738/2116/56 3735/2185/56
f 3735/2185/56 3738/2116/56 3734/2048/56
f 3735/2185/56 3734/2048/56 3731/2252/56
f 3731/2252/56 3734/2048/56 3730/1976/56
f 3731/2252/56 3730/1976/56 3727/2331/56
f 3727/2331/56 3730/1976/56 3726/1892/56
f 3727/2331/56 3726/1892/56 3723/2421/56
f 3723/2421/56 3726/1892/56 3722/1808/56
f 3723/2421/56 3722/1808/56 3719/2502/56
f 3719/2502/56 3722/1808/56 3718/1724/56
f 3719/2502/56 3718/1724/56 3660/1723/56
f 3660/1723/56 3718/1724/56 3664/1639/56
f 3721/4888/56 3655/4887/56 3725/5048/56
f 3725/5048/56 3655/4887/56 3651/5047/56
f 3725/5048/56 3651/5047/56 3729/5118/56
f 3729/5118/56 3651/5047/56 3647/5117/56
f 3729/5118/56 3647/5117/56 3733/5251/56
f 3733/5251/56 3647/5117/56 3643/5248/56
f 3733/5251/56 3643/5248/56 3399/8071/56
f 3399/8071/56 3643/5248/56 3639/5295/56
f 3399/8071/56 3639/5295/56 3635/5295/56
f 3721/4888/56 3717/4808/56 3655/4887/56
f 3655/4887/56 3717/4808/56 3659/4807/56
f 3717/4808/56 3713/4648/56 3659/4807/56
f 3659/4807/56 3713/4648/56 3663/4647/56
f 3713/4648/56 3709/4486/56 3663/4647/56
f 3663/4647/56 3709/4486/56 3667/4485/56
f 3709/4486/56 3705/4326/56 3667/4485/56
f 3667/4485/56 3705/4326/56 3671/4325/56
f 3705/4326/56 3701/4166/56 3671/4325/56
f 3671/4325/56 3701/4166/56 3675/4165/56
f 3701/4166/56 3697/4006/56 3675/4165/56
f 3675/4165/56 3697/4006/56 3679/4005/56
f 3697/4006/56 3693/3886/56 3679/4005/56
f 3679/4005/56 3693/3886/56 3683/3885/56
f 3693/3886/56 3689/3726/56 3683/3885/56
f 3683/3885/56 3689/3726/56 3687/3725/56
f 3689/3726/56 3691/3574/56 3687/3725/56
f 3687/3725/56 3691/3574/56 3685/3573/56
f 3691/3574/56 3695/3352/56 3685/3573/56
f 3685/3573/56 3695/3352/56 3681/3351/56
f 3695/3352/56 3699/3110/56 3681/3351/56
f 3681/3351/56 3699/3110/56 3677/3109/56
f 3699/3110/56 3703/2822/56 3677/3109/56
f 3677/3109/56 3703/2822/56 3673/2821/56
f 3703/2822/56 3707/2742/56 3673/2821/56
f 3673/2821/56 3707/2742/56 3669/2741/56
f 3707/2742/56 3711/2662/56 3669/2741/56
f 3669/2741/56 3711/2662/56 3665/2661/56
f 3711/2662/56 3715/2582/56 3665/2661/56
f 3665/2661/56 3715/2582/56 3661/2581/56
f 3715/2582/56 3719/2502/56 3661/2581/56
f 3661/2581/56 3719/2502/56 3657/2501/56
f 3718/1724/56 3714/1640/56 3664/1639/56
f 3664/1639/56 3714/1640/56 3668/1555/56
f 3714/1640/56 3710/1556/56 3668/1555/56
f 3668/1555/56 3710/1556/56 3672/1471/56
f 3710/1556/56 3706/1472/56 3672/1471/56
f 3672/1471/56 3706/1472/56 3676/1387/56
f 3706/1472/56 3702/1388/56 3676/1387/56
f 3676/1387/56 3702/1388/56 3698/1304/56
f 3676/1387/56 3698/1304/56 3680/1303/56
f 3680/1303/56 3698/1304/56 3694/1216/56
f 3680/1303/56 3694/1216/56 3684/1215/56
f 3684/1215/56 3694/1216/56 3690/1132/56
f 3684/1215/56 3690/1132/56 3688/1131/56
f 3688/1131/56 3690/1132/56 3686/1077/56
f 3690/1132/56 3692/1078/56 3686/1077/56
f 3686/1077/56 3692/1078/56 3682/993/56
f 3692/1078/56 3696/994/56 3682/993/56
f 3682/993/56 3696/994/56 3678/909/56
f 3696/994/56 3700/910/56 3678/909/56
f 3678/909/56 3700/910/56 3674/825/56
f 3700/910/56 3704/826/56 3674/825/56
f 3674/825/56 3704/826/56 3670/744/56
f 3704/826/56 3708/745/56 3670/744/56
f 3670/744/56 3708/745/56 3666/670/56
f 3708/745/56 3712/671/56 3666/670/56
f 3666/670/56 3712/671/56 3662/596/56
f 3712/671/56 3716/597/56 3662/596/56
f 3662/596/56 3716/597/56 3658/524/56
f 3716/597/56 3720/525/56 3658/524/56
f 3658/524/56 3720/525/56 3654/449/56
f 3720/525/56 3724/450/56 3654/449/56
f 3654/449/56 3724/450/56 3650/365/56
f 3724/450/56 3728/366/56 3650/365/56
f 3650/365/56 3728/366/56 3646/281/56
f 3728/366/56 3732/282/56 3646/281/56
f 3646/281/56 3732/282/56 3642/162/56
f 3732/282/56 3736/163/56 3642/162/56
f 3642/162/56 3736/163/56 3638/162/56
f 3736/163/56 3740/163/56 3638/162/56
f 3638/162/56 3740/163/56 4200/112/56
f 3638/162/56 4200/112/56 3536/160/56
f 3719/2502/56 3660/1723/56 3657/2501/56
f 3657/2501/56 3660/1723/56 3656/1807/56
f 3657/2501/56 3656/1807/56 3653/2420/56
f 3653/2420/56 3656/1807/56 3652/1891/56
f 3653/2420/56 3652/1891/56 3649/2330/56
f 3649/2330/56 3652/1891/56 3648/1975/56
f 3649/2330/56 3648/1975/56 3645/2251/56
f 3645/2251/56 3648/1975/56 3644/2047/56
f 3645/2251/56 3644/2047/56 3641/2184/56
f 3641/2184/56 3644/2047/56 3640/2115/56
f 3641/2184/56 3640/2115/56 3637/2184/56
f 3637/2184/56 3640/2115/56 3636/2115/56
f 3637/2184/56 3636/2115/56 3633/2184/56
f 3633/2184/56 3636/2115/56 3632/2046/56
f 3633/2184/56 3632/2046/56 3629/2250/56
f 3629/2250/56 3632/2046/56 3628/1974/56
f 3629/2250/56 3628/1974/56 3625/2329/56
f 3625/2329/56 3628/1974/56 3624/1890/56
f 3625/2329/56 3624/1890/56 3621/2419/56
f 3621/2419/56 3624/1890/56 3620/1806/56
f 3621/2419/56 3620/1806/56 3617/2500/56
f 3617/2500/56 3620/1806/56 3616/1722/56
f 3617/2500/56 3616/1722/56 3613/2580/56
f 3613/2580/56 3616/1722/56 3612/1638/56
f 3613/2580/56 3612/1638/56 3609/2660/56
f 3609/2660/56 3612/1638/56 3608/1554/56
f 3609/2660/56 3608/1554/56 3566/1553/56
f 3566/1553/56 3608/1554/56 3604/1470/56
f 3566/1553/56 3604/1470/56 3570/1469/56
f 3570/1469/56 3604/1470/56 3600/1386/56
f 3570/1469/56 3600/1386/56 3574/1385/56
f 3574/1385/56 3600/1386/56 3596/1302/56
f 3574/1385/56 3596/1302/56 3578/1301/56
f 3578/1301/56 3596/1302/56 3592/1214/56
f 3578/1301/56 3592/1214/56 3582/1213/56
f 3582/1213/56 3592/1214/56 3588/1130/56
f 3582/1213/56 3588/1130/56 3586/1129/56
f 3586/1129/56 3588/1130/56 3584/1075/56
f 3635/5295/56 3631/5247/56 3399/8071/56
f 3399/8071/56 3631/5247/56 3627/5116/56
f 3399/8071/56 3627/5116/56 3545/5115/56
f 3545/5115/56 3627/5116/56 3549/5045/56
f 3627/5116/56 3623/5046/56 3549/5045/56
f 3549/5045/56 3623/5046/56 3553/4885/56
f 3623/5046/56 3619/4886/56 3553/4885/56
f 3553/4885/56 3619/4886/56 3557/4805/56
f 3619/4886/56 3615/4806/56 3557/4805/56
f 3557/4805/56 3615/4806/56 3561/4645/56
f 3615/4806/56 3611/4646/56 3561/4645/56
f 3561/4645/56 3611/4646/56 3607/4484/56
f 3561/4645/56 3607/4484/56 3565/4483/56
f 3565/4483/56 3607/4484/56 3603/4324/56
f 3565/4483/56 3603/4324/56 3569/4323/56
f 3569/4323/56 3603/4324/56 3599/4164/56
f 3569/4323/56 3599/4164/56 3573/4163/56
f 3573/4163/56 3599/4164/56 3595/4004/56
f 3573/4163/56 3595/4004/56 3577/4003/56
f 3577/4003/56 3595/4004/56 3591/3884/56
f 3577/4003/56 3591/3884/56 3581/3883/56
f 3581/3883/56 3591/3884/56 3587/3724/56
f 3581/3883/56 3587/3724/56 3585/3723/56
f 3585/3723/56 3587/3724/56 3589/3572/56
f 3585/3723/56 3589/3572/56 3583/3571/56
f 3583/3571/56 3589/3572/56 3593/3350/56
f 3583/3571/56 3593/3350/56 3579/3349/56
f 3579/3349/56 3593/3350/56 3597/3108/56
f 3579/3349/56 3597/3108/56 3575/3107/56
f 3575/3107/56 3597/3108/56 3601/2820/56
f 3575/3107/56 3601/2820/56 3571/2819/56
f 3571/2819/56 3601/2820/56 3605/2740/56
f 3571/2819/56 3605/2740/56 3567/2739/56
f 3567/2739/56 3605/2740/56 3609/2660/56
f 3567/2739/56 3609/2660/56 3563/2659/56
f 3563/2659/56 3609/2660/56 3566/1553/56
f 3563/2659/56 3566/1553/56 3562/1637/56
f 3588/1130/56 3590/1076/56 3584/1075/56
f 3584/1075/56 3590/1076/56 3580/991/56
f 3590/1076/56 3594/992/56 3580/991/56
f 3580/991/56 3594/992/56 3576/907/56
f 3594/992/56 3598/908/56 3576/907/56
f 3576/907/56 3598/908/56 3572/823/56
f 3598/908/56 3602/824/56 3572/823/56
f 3572/823/56 3602/824/56 3568/742/56
f 3602/824/56 3606/743/56 3568/742/56
f 3568/742/56 3606/743/56 3564/668/56
f 3606/743/56 3610/669/56 3564/668/56
f 3564/668/56 3610/669/56 3560/594/56
f 3610/669/56 3614/595/56 3560/594/56
f 3560/594/56 3614/595/56 3556/522/56
f 3614/595/56 3618/523/56 3556/522/56
f 3556/522/56 3618/523/56 3552/447/56
f 3618/523/56 3622/448/56 3552/447/56
f 3552/447/56 3622/448/56 3548/363/56
f 3622/448/56 3626/364/56 3548/363/56
f 3548/363/56 3626/364/56 3544/279/56
f 3626/364/56 3630/280/56 3544/279/56
f 3544/279/56 3630/280/56 3540/160/56
f 3630/280/56 3634/161/56 3540/160/56
f 3540/160/56 3634/161/56 3536/160/56
f 3634/161/56 3638/162/56 3536/160/56
f 3563/2659/56 3562/1637/56 3559/2579/56
f 3559/2579/56 3562/1637/56 3558/1721/56
f 3559/2579/56 3558/1721/56 3555/2499/56
f 3555/2499/56 3558/1721/56 3554/1805/56
f 3555/2499/56 3554/1805/56 3551/2418/56
f 3551/2418/56 3554/1805/56 3550/1889/56
f 3551/2418/56 3550/1889/56 3547/2328/56
f 3547/2328/56 3550/1889/56 3546/1973/56
f 3547/2328/56 3546/1973/56 3543/2249/56
f 3543/2249/56 3546/1973/56 3542/2045/56
f 3543/2249/56 3542/2045/56 3539/2183/56
f 3539/2183/56 3542/2045/56 3538/2114/56
f 3539/2183/56 3538/2114/56 3535/2182/56
f 3535/2182/56 3538/2114/56 3534/2114/56
f 3535/2182/56 3534/2114/56 3531/2182/56
f 3531/2182/56 3534/2114/56 3530/2044/56
f 3531/2182/56 3530/2044/56 3527/2248/56
f 3527/2248/56 3530/2044/56 3526/1972/56
f 3527/2248/56 3526/1972/56 3523/2327/56
f 3523/2327/56 3526/1972/56 3522/1888/56
f 3523/2327/56 3522/1888/56 3519/2417/56
f 3519/2417/56 3522/1888/56 3518/1804/56
f 3519/2417/56 3518/1804/56 3515/2498/56
f 3515/2498/56 3518/1804/56 3514/1720/56
f 3515/2498/56 3514/1720/56 3456/1719/56
f 3456/1719/56 3514/1720/56 3460/1635/56
f 3545/5115/56 3541/5244/56 3399/8071/56
f 3399/8071/56 3541/5244/56 3400/7018/56
f 3541/5244/56 3537/5294/56 3400/7018/56
f 3400/7018/56 3537/5294/56 3533/5294/56
f 3400/7018/56 3533/5294/56 3529/5243/56
f 3529/5243/56 3525/5114/56 3400/7018/56
f 3400/7018/56 3525/5114/56 3521/5044/56
f 3400/7018/56 3521/5044/56 3447/5043/56
f 3447/5043/56 3521/5044/56 3451/4883/56
f 3521/5044/56 3517/4884/56 3451/4883/56
f 3451/4883/56 3517/4884/56 3455/4803/56
f 3517/4884/56 3513/4804/56 3455/4803/56
f 3455/4803/56 3513/4804/56 3459/4643/56
f 3513/4804/56 3509/4644/56 3459/4643/56
f 3459/4643/56 3509/4644/56 3463/4481/56
f 3509/4644/56 3505/4482/56 3463/4481/56
f 3463/4481/56 3505/4482/56 3467/4321/56
f 3505/4482/56 3501/4322/56 3467/4321/56
f 3467/4321/56 3501/4322/56 3471/4161/56
f 3501/4322/56 3497/4162/56 3471/4161/56
f 3471/4161/56 3497/4162/56 3493/4002/56
f 3471/4161/56 3493/4002/56 3475/4001/56
f 3475/4001/56 3493/4002/56 3489/3882/56
f 3475/4001/56 3489/3882/56 3479/3881/56
f 3479/3881/56 3489/3882/56 3485/3722/56
f 3479/3881/56 3485/3722/56 3483/3721/56
f 3483/3721/56 3485/3722/56 3487/3570/56
f 3483/3721/56 3487/3570/56 3481/3569/56
f 3481/3569/56 3487/3570/56 3491/3348/56
f 3481/3569/56 3491/3348/56 3477/3347/56
f 3477/3347/56 3491/3348/56 3495/3106/56
f 3477/3347/56 3495/3106/56 3473/3105/56
f 3473/3105/56 3495/3106/56 3499/2818/56
f 3473/3105/56 3499/2818/56 3469/2817/56
f 3469/2817/56 3499/2818/56 3503/2738/56
f 3469/2817/56 3503/2738/56 3465/2737/56
f 3465/2737/56 3503/2738/56 3507/2658/56
f 3465/2737/56 3507/2658/56 3461/2657/56
f 3461/2657/56 3507/2658/56 3511/2578/56
f 3461/2657/56 3511/2578/56 3457/2577/56
f 3457/2577/56 3511/2578/56 3515/2498/56
f 3457/2577/56 3515/2498/56 3453/2497/56
f 3453/2497/56 3515/2498/56 3456/1719/56
f 3453/2497/56 3456/1719/56 3452/1803/56
f 3514/1720/56 3510/1636/56 3460/1635/56
f 3460/1635/56 3510/1636/56 3464/1551/56
f 3510/1636/56 3506/1552/56 3464/1551/56
f 3464/1551/56 3506/1552/56 3468/1467/56
f 3506/1552/56 3502/1468/56 3468/1467/56
f 3468/1467/56 3502/1468/56 3472/1383/56
f 3502/1468/56 3498/1384/56 3472/1383/56
f 3472/1383/56 3498/1384/56 3494/1300/56
f 3472/1383/56 3494/1300/56 3476/1299/56
f 3476/1299/56 3494/1300/56 3490/1212/56
f 3476/1299/56 3490/1212/56 3480/1211/56
f 3480/1211/56 3490/1212/56 3486/1128/56
f 3480/1211/56 3486/1128/56 3484/1127/56
f 3484/1127/56 3486/1128/56 3482/1073/56
f 3486/1128/56 3488/1074/56 3482/1073/56
f 3482/1073/56 3488/1074/56 3478/989/56
f 3488/1074/56 3492/990/56 3478/989/56
f 3478/989/56 3492/990/56 3474/905/56
f 3492/990/56 3496/906/56 3474/905/56
f 3474/905/56 3496/906/56 3470/821/56
f 3496/906/56 3500/822/56 3470/821/56
f 3470/821/56 3500/822/56 3466/740/56
f 3500/822/56 3504/741/56 3466/740/56
f 3466/740/56 3504/741/56 3462/666/56
f 3504/741/56 3508/667/56 3462/666/56
f 3462/666/56 3508/667/56 3458/592/56
f 3508/667/56 3512/593/56 3458/592/56
f 3458/592/56 3512/593/56 3454/520/56
f 3512/593/56 3516/521/56 3454/520/56
f 3454/520/56 3516/521/56 3450/445/56
f 3516/521/56 3520/446/56 3450/445/56
f 3450/445/56 3520/446/56 3446/361/56
f 3520/446/56 3524/362/56 3446/361/56
f 3446/361/56 3524/362/56 3442/277/56
f 3524/362/56 3528/278/56 3442/277/56
f 3442/277/56 3528/278/56 3438/159/56
f 3528/278/56 3532/160/56 3438/159/56
f 3438/159/56 3532/160/56 3434/159/56
f 3453/2497/56 3452/1803/56 3449/2416/56
f 3449/2416/56 3452/1803/56 3448/1887/56
f 3449/2416/56 3448/1887/56 3445/2326/56
f 3445/2326/56 3448/1887/56 3444/1971/56
f 3445/2326/56 3444/1971/56 3441/2247/56
f 3441/2247/56 3444/1971/56 3440/2043/56
f 3441/2247/56 3440/2043/56 3437/2180/56
f 3437/2180/56 3440/2043/56 3436/2113/56
f 3437/2180/56 3436/2113/56 3433/2180/56
f 3433/2180/56 3436/2113/56 3432/2113/56
f 3433/2180/56 3432/2113/56 3429/2181/56
f 3429/2181/56 3432/2113/56 3428/2042/56
f 3429/2181/56 3428/2042/56 3425/2246/56
f 3425/2246/56 3428/2042/56 3424/1970/56
f 3425/2246/56 3424/1970/56 3421/2325/56
f 3421/2325/56 3424/1970/56 3420/1886/56
f 3421/2325/56 3420/1886/56 3417/2415/56
f 3417/2415/56 3420/1886/56 3416/1802/56
f 3417/2415/56 3416/1802/56 3413/2496/56
f 3413/2496/56 3416/1802/56 3412/1718/56
f 3413/2496/56 3412/1718/56 3352/1717/56
f 3352/1717/56 3412/1718/56 3356/1633/56
f 3447/5043/56 3443/5113/56 3400/7018/56
f 3400/7018/56 3443/5113/56 3439/5240/56
f 3400/7018/56 3439/5240/56 3435/5293/56
f 3435/5293/56 3431/5293/56 3400/7018/56
f 3400/7018/56 3431/5293/56 3427/5239/56
f 3400/7018/56 3427/5239/56 3423/5112/56
f 3423/5112/56 3419/5042/56 3400/7018/56
f 3400/7018/56 3419/5042/56 3415/4882/56
f 3400/7018/56 3415/4882/56 3347/4881/56
f 3347/4881/56 3415/4882/56 3411/4802/56
f 3347/4881/56 3411/4802/56 3351/4801/56
f 3351/4801/56 3411/4802/56 3407/4642/56
f 3351/4801/56 3407/4642/56 3355/4641/56
f 3355/4641/56 3407/4642/56 3403/4480/56
f 3355/4641/56 3403/4480/56 3359/4479/56
f 3359/4479/56 3403/4480/56 3397/4320/56
f 3359/4479/56 3397/4320/56 3363/4319/56
f 3363/4319/56 3397/4320/56 3393/4160/56
f 3363/4319/56 3393/4160/56 3367/4159/56
f 3367/4159/56 3393/4160/56 3389/4000/56
f 3367/4159/56 3389/4000/56 3371/3999/56
f 3371/3999/56 3389/4000/56 3385/3880/56
f 3371/3999/56 3385/3880/56 3375/3879/56
f 3375/3879/56 3385/3880/56 3381/3720/56
f 3375/3879/56 3381/3720/56 3379/3719/56
f 3379/3719/56 3381/3720/56 3383/3568/56
f 3379/3719/56 3383/3568/56 3377/3567/56
f 3377/3567/56 3383/3568/56 3387/3346/56
f 3377/3567/56 3387/3346/56 3373/3345/56
f 3373/3345/56 3387/3346/56 3391/3104/56
f 3373/3345/56 3391/3104/56 3369/3103/56
f 3369/3103/56 3391/3104/56 3395/2816/56
f 3369/3103/56 3395/2816/56 3365/2815/56
f 3365/2815/56 3395/2816/56 3401/2736/56
f 3365/2815/56 3401/2736/56 3361/2735/56
f 3361/2735/56 3401/2736/56 3405/2656/56
f 3361/2735/56 3405/2656/56 3357/2655/56
f 3357/2655/56 3405/2656/56 3409/2576/56
f 3357/2655/56 3409/2576/56 3353/2575/56
f 3353/2575/56 3409/2576/56 3413/2496/56
f 3353/2575/56 3413/2496/56 3349/2495/56
f 3349/2495/56 3413/2496/56 3352/1717/56
f 3349/2495/56 3352/1717/56 3348/1801/56
f 3412/1718/56 3408/1634/56 3356/1633/56
f 3356/1633/56 3408/1634/56 3360/1549/56
f 3408/1634/56 3404/1550/56 3360/1549/56
f 3360/1549/56 3404/1550/56 3364/1465/56
f 3404/1550/56 3398/1466/56 3364/1465/56
f 3364/1465/56 3398/1466/56 3368/1381/56
f 3398/1466/56 3394/1382/56 3368/1381/56
f 3368/1381/56 3394/1382/56 3390/1298/56
f 3368/1381/56 3390/1298/56 3372/1297/56
f 3372/1297/56 3390/1298/56 3386/1210/56
f 3372/1297/56 3386/1210/56 3376/1209/56
f 3376/1209/56 3386/1210/56 3382/1126/56
f 3376/1209/56 3382/1126/56 3380/1125/56
f 3380/1125/56 3382/1126/56 3378/1071/56
f 3382/1126/56 3384/1072/56 3378/1071/56
f 3378/1071/56 3384/1072/56 3374/987/56
f 3384/1072/56 3388/988/56 3374/987/56
f 3374/987/56 3388/988/56 3370/903/56
f 3388/988/56 3392/904/56 3370/903/56
f 3370/903/56 3392/904/56 3366/819/56
f 3392/904/56 3396/820/56 3366/819/56
f 3366/819/56 3396/820/56 3362/738/56
f 3396/820/56 3402/739/56 3362/738/56
f 3362/738/56 3402/739/56 3358/664/56
f 3402/739/56 3406/665/56 3358/664/56
f 3358/664/56 3406/665/56 3354/590/56
f 3406/665/56 3410/591/56 3354/590/56
f 3354/590/56 3410/591/56 3350/518/56
f 3410/591/56 3414/519/56 3350/518/56
f 3350/518/56 3414/519/56 3346/443/56
f 3414/519/56 3418/444/56 3346/443/56
f 3346/443/56 3418/444/56 3342/359/56
f 3418/444/56 3422/360/56 3342/359/56
f 3342/359/56 3422/360/56 3338/275/56
f 3422/360/56 3426/276/56 3338/275/56
f 3338/275/56 3426/276/56 3334/157/56
f 3426/276/56 3430/158/56 3334/157/56
f 3334/157/56 3430/158/56 3330/157/56
f 3430/158/56 3434/159/56 3330/157/56
f 3349/2495/56 3348/1801/56 3345/2414/56
f 3345/2414/56 3348/1801/56 3344/1885/56
f 3345/2414/56 3344/1885/56 3341/2324/56
f 3341/2324/56 3344/1885/56 3340/1969/56
f 3341/2324/56 3340/1969/56 3337/2245/56
f 3337/2245/56 3340/1969/56 3336/2041/56
f 3337/2245/56 3336/2041/56 3333/2179/56
f 3333/2179/56 3336/2041/56 3332/2112/56
f 3333/2179/56 3332/2112/56 3329/2178/56
f 3329/2178/56 3332/2112/56 3328/2112/56
f 3329/2178/56 3328/2112/56 3325/2178/56
f 3325/2178/56 3328/2112/56 3324/2040/56
f 3325/2178/56 3324/2040/56 3321/2244/56
f 3321/2244/56 3324/2040/56 3320/1968/56
f 3321/2244/56 3320/1968/56 3317/2323/56
f 3317/2323/56 3320/1968/56 3316/1884/56
f 3317/2323/56 3316/1884/56 3313/2413/56
f 3313/2413/56 3316/1884/56 3312/1800/56
f 3313/2413/56 3312/1800/56 3309/2494/56
f 3309/2494/56 3312/1800/56 3308/1716/56
f 3309/2494/56 3308/1716/56 3305/2574/56
f 3305/2574/56 3308/1716/56 3304/1632/56
f 3305/2574/56 3304/1632/56 3301/2654/56
f 3347/4881/56 3343/5041/56 3400/7018/56
f 3400/7018/56 3343/5041/56 3339/5111/56
f 3400/7018/56 3339/5111/56 3335/5236/56
f 3335/5236/56 3331/5292/56 3400/7018/56
f 3400/7018/56 3331/5292/56 3327/5292/56
f 3400/7018/56 3327/5292/56 3323/5235/56
f 3323/5235/56 3319/5110/56 3400/7018/56
f 3400/7018/56 3319/5110/56 3315/5040/56
f 2969/3559/56 2968/1201/56 2965/3337/56
f 2965/3337/56 2968/1201/56 2964/1289/56
f 2965/3337/56 2964/1289/56 2961/3095/56
f 2961/3095/56 2964/1289/56 2960/1373/56
f 2961/3095/56 2960/1373/56 2957/2807/56
f 2957/2807/56 2960/1373/56 2956/1457/56
f 2957/2807/56 2956/1457/56 2953/2727/56
f 2953/2727/56 2956/1457/56 2952/1541/56
f 2953/2727/56 2952/1541/56 2949/2647/56
f 2949/2647/56 2952/1541/56 2948/1625/56
f 2949/2647/56 2948/1625/56 2945/2567/56
f 2945/2567/56 2948/1625/56 2944/1709/56
f 2945/2567/56 2944/1709/56 2941/2487/56
f 2941/2487/56 2944/1709/56 2940/1793/56
f 2941/2487/56 2940/1793/56 2937/2406/56
f 2937/2406/56 2940/1793/56 2936/1877/56
f 2937/2406/56 2936/1877/56 2933/2310/56
f 2933/2310/56 2936/1877/56 2932/1961/56
f 2933/2310/56 2932/1961/56 2929/2231/56
f 2929/2231/56 2932/1961/56 2928/2027/56
f 2929/2231/56 2928/2027/56 2925/2173/56
f 2925/2173/56 2928/2027/56 2924/2102/56
f 2925/2173/56 2924/2102/56 2921/2172/56
f 2921/2172/56 2924/2102/56 2920/2102/56
f 2921/2172/56 2920/2102/56 2917/2172/56
f 2917/2172/56 2920/2102/56 2916/2026/56
f 2917/2172/56 2916/2026/56 2913/2230/56
f 2913/2230/56 2916/2026/56 2912/1960/56
f 2913/2230/56 2912/1960/56 2909/2309/56
f 2909/2309/56 2912/1960/56 2908/1876/56
f 2909/2309/56 2908/1876/56 2905/2405/56
f 2905/2405/56 2908/1876/56 2904/1792/56
f 2905/2405/56 2904/1792/56 2901/2486/56
f 2901/2486/56 2904/1792/56 2900/1708/56
f 2901/2486/56 2900/1708/56 2842/1707/56
f 2842/1707/56 2900/1708/56 2846/1623/56
f 3400/7018/56 2923/5288/56 2462/7017/56
f 2462/7017/56 2923/5288/56 2919/5288/56
f 2462/7017/56 2919/5288/56 2821/5287/56
f 2821/5287/56 2919/5288/56 2915/5210/56
f 2821/5287/56 2915/5210/56 2825/5204/56
f 2825/5204/56 2915/5210/56 2911/5096/56
f 2825/5204/56 2911/5096/56 2829/5093/56
f 2829/5093/56 2911/5096/56 2907/5032/56
f 2829/5093/56 2907/5032/56 2833/5031/56
f 2833/5031/56 2907/5032/56 2903/4872/56
f 2833/5031/56 2903/4872/56 2837/4871/56
f 2837/4871/56 2903/4872/56 2899/4792/56
f 2837/4871/56 2899/4792/56 2841/4791/56
f 2841/4791/56 2899/4792/56 2895/4632/56
f 2841/4791/56 2895/4632/56 2845/4631/56
f 2845/4631/56 2895/4632/56 2891/4470/56
f 2845/4631/56 2891/4470/56 2849/4469/56
f 2849/4469/56 2891/4470/56 2887/4310/56
f 2849/4469/56 2887/4310/56 2853/4309/56
f 2853/4309/56 2887/4310/56 2883/4150/56
f 2853/4309/56 2883/4150/56 2857/4149/56
f 2857/4149/56 2883/4150/56 2879/3990/56
f 2857/4149/56 2879/3990/56 2861/3989/56
f 2861/3989/56 2879/3990/56 2875/3870/56
f 2861/3989/56 2875/3870/56 2865/3869/56
f 2865/3869/56 2875/3870/56 2871/3710/56
f 2865/3869/56 2871/3710/56 2869/3709/56
f 2869/3709/56 2871/3710/56 2873/3558/56
f 2869/3709/56 2873/3558/56 2867/3557/56
f 2867/3557/56 2873/3558/56 2877/3336/56
f 2867/3557/56 2877/3336/56 2863/3335/56
f 2863/3335/56 2877/3336/56 2881/3094/56
f 2863/3335/56 2881/3094/56 2859/3093/56
f 2859/3093/56 2881/3094/56 2885/2806/56
f 2859/3093/56 2885/2806/56 2855/2805/56
f 2855/2805/56 2885/2806/56 2889/2726/56
f 2855/2805/56 2889/2726/56 2851/2725/56
f 2851/2725/56 2889/2726/56 2893/2646/56
f 2851/2725/56 2893/2646/56 2847/2645/56
f 2847/2645/56 2893/2646/56 2897/2566/56
f 2847/2645/56 2897/2566/56 2843/2565/56
f 2843/2565/56 2897/2566/56 2901/2486/56
f 2843/2565/56 2901/2486/56 2839/2485/56
f 2839/2485/56 2901/2486/56 2842/1707/56
f 2839/2485/56 2842/1707/56 2838/1791/56
f 2900/1708/56 2896/1624/56 2846/1623/56
f 2846/1623/56 2896/1624/56 2850/1539/56
f 2896/1624/56 2892/1540/56 2850/1539/56
f 2850/1539/56 2892/1540/56 2854/1455/56
f 2892/1540/56 2888/1456/56 2854/1455/56
f 2854/1455/56 2888/1456/56 2858/1371/56
f 2888/1456/56 2884/1372/56 2858/1371/56
f 2858/1371/56 2884/1372/56 2880/1288/56
f 2858/1371/56 2880/1288/56 2862/1287/56
f 2862/1287/56 2880/1288/56 2876/1200/56
f 2862/1287/56 2876/1200/56 2866/1199/56
f 2866/1199/56 2876/1200/56 2872/1116/56
f 2866/1199/56 2872/1116/56 2870/1115/56
f 2870/1115/56 2872/1116/56 2868/1054/56
f 2872/1116/56 2874/1055/56 2868/1054/56
f 2868/1054/56 2874/1055/56 2864/970/56
f 2874/1055/56 2878/971/56 2864/970/56
f 2864/970/56 2878/971/56 2860/886/56
f 2878/971/56 2882/887/56 2860/886/56
f 2860/886/56 2882/887/56 2856/802/56
f 2882/887/56 2886/803/56 2856/802/56
f 2856/802/56 2886/803/56 2852/723/56
f 2886/803/56 2890/724/56 2852/723/56
f 2852/723/56 2890/724/56 2848/649/56
f 2890/724/56 2894/650/56 2848/649/56
f 2848/649/56 2894/650/56 2844/576/56
f 2894/650/56 2898/578/56 2844/576/56
f 2844/576/56 2898/578/56 2840/504/56
f 2898/578/56 2902/506/56 2840/504/56
f 2840/504/56 2902/506/56 2836/425/56
f 2902/506/56 2906/428/56 2836/425/56
f 2836/425/56 2906/428/56 2832/341/56
f 2906/428/56 2910/344/56 2832/341/56
f 2832/341/56 2910/344/56 2828/257/56
f 2910/344/56 2914/260/56 2828/257/56
f 2828/257/56 2914/260/56 2824/143/56
f 2914/260/56 2918/147/56 2824/143/56
f 2824/143/56 2918/147/56 2820/143/56
f 2918/147/56 2922/146/56 2820/143/56
f 2820/143/56 2922/146/56 2100/1/56
f 2820/143/56 2100/1/56 2718/141/56
f 2718/141/56 2100/1/56 2616/131/56
f 2718/141/56 2616/131/56 2620/132/56
f 2839/2485/56 2838/1791/56 2835/2404/56
f 2835/2404/56 2838/1791/56 2834/1875/56
f 2835/2404/56 2834/1875/56 2831/2306/56
f 2831/2306/56 2834/1875/56 2830/1959/56
f 2831/2306/56 2830/1959/56 2827/2227/56
f 2827/2227/56 2830/1959/56 2826/2023/56
f 2827/2227/56 2826/2023/56 2823/2170/56
f 2823/2170/56 2826/2023/56 2822/2099/56
f 2823/2170/56 2822/2099/56 2819/2170/56
f 2819/2170/56 2822/2099/56 2818/2099/56
f 2819/2170/56 2818/2099/56 2815/2171/56
f 2815/2171/56 2818/2099/56 2814/2022/56
f 2815/2171/56 2814/2022/56 2811/2226/56
f 2811/2226/56 2814/2022/56 2810/1958/56
f 2811/2226/56 2810/1958/56 2807/2305/56
f 2807/2305/56 2810/1958/56 2806/1874/56
f 2807/2305/56 2806/1874/56 2803/2403/56
f 2803/2403/56 2806/1874/56 2802/1790/56
f 2803/2403/56 2802/1790/56 2799/2484/56
f 2799/2484/56 2802/1790/56 2798/1706/56
f 2799/2484/56 2798/1706/56 2740/1705/56
f 2740/1705/56 2798/1706/56 2744/1621/56
f 2821/5287/56 2817/5287/56 2462/7017/56
f 2462/7017/56 2817/5287/56 2719/5286/56
f 2462/7017/56 2719/5286/56 2715/5286/56
f 2817/5287/56 2813/5203/56 2719/5286/56
f 2719/5286/56 2813/5203/56 2723/5197/56
f 2813/5203/56 2809/5092/56 2723/5197/56
f 2723/5197/56 2809/5092/56 2727/5089/56
f 2809/5092/56 2805/5030/56 2727/5089/56
f 2727/5089/56 2805/5030/56 2731/5029/56
f 2805/5030/56 2801/4870/56 2731/5029/56
f 2731/5029/56 2801/4870/56 2735/4869/56
f 2801/4870/56 2797/4790/56 2735/4869/56
f 2735/4869/56 2797/4790/56 2739/4789/56
f 2797/4790/56 2793/4630/56 2739/4789/56
f 2739/4789/56 2793/4630/56 2743/4629/56
f 2793/4630/56 2789/4468/56 2743/4629/56
f 2743/4629/56 2789/4468/56 2747/4467/56
f 2789/4468/56 2785/4308/56 2747/4467/56
f 2747/4467/56 2785/4308/56 2751/4307/56
f 2785/4308/56 2781/4148/56 2751/4307/56
f 2751/4307/56 2781/4148/56 2755/4147/56
f 2781/4148/56 2777/3988/56 2755/4147/56
f 2755/4147/56 2777/3988/56 2759/3987/56
f 2777/3988/56 2773/3868/56 2759/3987/56
f 2759/3987/56 2773/3868/56 2763/3867/56
f 2773/3868/56 2769/3708/56 2763/3867/56
f 2763/3867/56 2769/3708/56 2767/3707/56
f 2769/3708/56 2771/3556/56 2767/3707/56
f 2767/3707/56 2771/3556/56 2765/3555/56
f 2771/3556/56 2775/3334/56 2765/3555/56
f 2765/3555/56 2775/3334/56 2761/3333/56
f 2775/3334/56 2779/3092/56 2761/3333/56
f 2761/3333/56 2779/3092/56 2757/3091/56
f 2779/3092/56 2783/2804/56 2757/3091/56
f 2757/3091/56 2783/2804/56 2753/2803/56
f 2783/2804/56 2787/2724/56 2753/2803/56
f 2753/2803/56 2787/2724/56 2749/2723/56
f 2787/2724/56 2791/2644/56 2749/2723/56
f 2749/2723/56 2791/2644/56 2745/2643/56
f 2791/2644/56 2795/2564/56 2745/2643/56
f 2745/2643/56 2795/2564/56 2741/2563/56
f 2795/2564/56 2799/2484/56 2741/2563/56
f 2741/2563/56 2799/2484/56 2737/2483/56
f 2798/1706/56 2794/1622/56 2744/1621/56
f 2744/1621/56 2794/1622/56 2748/1537/56
f 2794/1622/56 2790/1538/56 2748/1537/56
f 2748/1537/56 2790/1538/56 2752/1453/56
f 2790/1538/56 2786/1454/56 2752/1453/56
f 2752/1453/56 2786/1454/56 2756/1369/56
f 2786/1454/56 2782/1370/56 2756/1369/56
f 2756/1369/56 2782/1370/56 2778/1286/56
f 2756/1369/56 2778/1286/56 2760/1285/56
f 2760/1285/56 2778/1286/56 2774/1198/56
f 2760/1285/56 2774/1198/56 2764/1197/56
f 2764/1197/56 2774/1198/56 2770/1114/56
f 2764/1197/56 2770/1114/56 2768/1113/56
f 2768/1113/56 2770/1114/56 2766/1050/56
f 2770/1114/56 2772/1051/56 2766/1050/56
f 2766/1050/56 2772/1051/56 2762/966/56
f 2772/1051/56 2776/967/56 2762/966/56
f 2762/966/56 2776/967/56 2758/882/56
f 2776/967/56 2780/883/56 2758/882/56
f 2758/882/56 2780/883/56 2754/798/56
f 2780/883/56 2784/799/56 2754/798/56
f 2754/798/56 2784/799/56 2750/720/56
f 2784/799/56 2788/721/56 2750/720/56
f 2750/720/56 2788/721/56 2746/646/56
f 2788/721/56 2792/647/56 2746/646/56
f 2746/646/56 2792/647/56 2742/573/56
f 2792/647/56 2796/575/56 2742/573/56
f 2742/573/56 2796/575/56 2738/501/56
f 2796/575/56 2800/503/56 2738/501/56
f 2738/501/56 2800/503/56 2734/421/56
f 2800/503/56 2804/424/56 2734/421/56
f 2734/421/56 2804/424/56 2730/337/56
f 2804/424/56 2808/340/56 2730/337/56
f 2730/337/56 2808/340/56 2726/253/56
f 2808/340/56 2812/256/56 2726/253/56
f 2726/253/56 2812/256/56 2722/141/56
f 2812/256/56 2816/144/56 2722/141/56
f 2722/141/56 2816/144/56 2718/141/56
f 2816/144/56 2820/143/56 2718/141/56
f 2799/2484/56 2740/1705/56 2737/2483/56
f 2737/2483/56 2740/1705/56 2736/1789/56
f 2737/2483/56 2736/1789/56 2733/2402/56
f 2733/2402/56 2736/1789/56 2732/1873/56
f 2733/2402/56 2732/1873/56 2729/2302/56
f 2729/2302/56 2732/1873/56 2728/1957/56
f 2729/2302/56 2728/1957/56 2725/2223/56
f 2725/2223/56 2728/1957/56 2724/2019/56
f 2725/2223/56 2724/2019/56 2721/2169/56
f 2721/2169/56 2724/2019/56 2720/2096/56
f 2721/2169/56 2720/2096/56 2717/2169/56
f 2717/2169/56 2720/2096/56 2716/2096/56
f 2717/2169/56 2716/2096/56 2713/2169/56
f 2713/2169/56 2716/2096/56 2712/2018/56
f 2713/2169/56 2712/2018/56 2709/2222/56
f 2709/2222/56 2712/2018/56 2708/1956/56
f 2709/2222/56 2708/1956/56 2705/2301/56
f 2705/2301/56 2708/1956/56 2704/1872/56
f 2705/2301/56 2704/1872/56 2701/2401/56
f 2701/2401/56 2704/1872/56 2700/1788/56
f 2701/2401/56 2700/1788/56 2697/2482/56
f 2697/2482/56 2700/1788/56 2696/1704/56
f 2697/2482/56 2696/1704/56 2693/2562/56
f 2693/2562/56 2696/1704/56 2692/1620/56
f 2693/2562/56 2692/1620/56 2689/2642/56
f 2689/2642/56 2692/1620/56 2688/1536/56
f 2689/2642/56 2688/1536/56 2685/2722/56
f 2685/2722/56 2688/1536/56 2684/1452/56
f 2685/2722/56 2684/1452/56 2681/2802/56
f 2681/2802/56 2684/1452/56 2680/1368/56
f 2681/2802/56 2680/1368/56 2677/3090/56
f 2677/3090/56 2680/1368/56 2676/1284/56
f 2677/3090/56 2676/1284/56 2673/3332/56
f 2673/3332/56 2676/1284/56 2672/1196/56
f 2673/3332/56 2672/1196/56 2669/3554/56
f 2669/3554/56 2672/1196/56 2663/3553/56
f 2669/3554/56 2663/3553/56 2665/3705/56
f 2715/5286/56 2711/5196/56 2462/7017/56
f 2462/7017/56 2711/5196/56 2707/5088/56
f 2462/7017/56 2707/5088/56 2703/5028/56
f 2462/7017/56 2703/5028/56 2629/5027/56
f 2629/5027/56 2703/5028/56 2699/4868/56
f 2629/5027/56 2699/4868/56 2633/4867/56
f 2633/4867/56 2699/4868/56 2695/4788/56
f 2633/4867/56 2695/4788/56 2637/4787/56
f 2637/4787/56 2695/4788/56 2691/4628/56
f 2637/4787/56 2691/4628/56 2641/4627/56
f 2641/4627/56 2691/4628/56 2687/4466/56
f 2641/4627/56 2687/4466/56 2645/4465/56
f 2645/4465/56 2687/4466/56 2683/4306/56
f 2645/4465/56 2683/4306/56 2649/4305/56
f 2649/4305/56 2683/4306/56 2679/4146/56
f 2649/4305/56 2679/4146/56 2653/4145/56
f 2653/4145/56 2679/4146/56 2675/3986/56
f 2653/4145/56 2675/3986/56 2657/3985/56
f 2657/3985/56 2675/3986/56 2671/3866/56
f 2657/3985/56 2671/3866/56 2661/3865/56
f 2661/3865/56 2671/3866/56 2667/3706/56
f 2661/3865/56 2667/3706/56 2665/3705/56
f 2665/3705/56 2667/3706/56 2669/3554/56
f 2663/3553/56 2672/1196/56 2662/1195/56
f 2662/1195/56 2672/1196/56 2668/1112/56
f 2662/1195/56 2668/1112/56 2666/1111/56
f 2666/1111/56 2668/1112/56 2664/1033/56
f 2668/1112/56 2670/1047/56 2664/1033/56
f 2664/1033/56 2670/1047/56 2660/949/56
f 2670/1047/56 2674/963/56 2660/949/56
f 2660/949/56 2674/963/56 2656/865/56
f 2674/963/56 2678/879/56 2656/865/56
f 2656/865/56 2678/879/56 2652/781/56
f 2678/879/56 2682/795/56 2652/781/56
f 2652/781/56 2682/795/56 2648/704/56
f 2682/795/56 2686/718/56 2648/704/56
f 2648/704/56 2686/718/56 2644/630/56
f 2686/718/56 2690/644/56 2644/630/56
f 2644/630/56 2690/644/56 2640/558/56
f 2690/644/56 2694/572/56 2640/558/56
f 2640/558/56 2694/572/56 2636/486/56
f 2694/572/56 2698/500/56 2636/486/56
f 2636/486/56 2698/500/56 2632/405/56
f 2698/500/56 2702/420/56 2632/405/56
f 2632/405/56 2702/420/56 2628/321/56
f 2702/420/56 2706/336/56 2628/321/56
f 2628/321/56 2706/336/56 2624/237/56
f 2706/336/56 2710/252/56 2624/237/56
f 2624/237/56 2710/252/56 2620/132/56
f 2710/252/56 2714/140/56 2620/132/56
f 2620/132/56 2714/140/56 2718/141/56
f 2663/3553/56 2662/1195/56 2659/3331/56
f 2659/3331/56 2662/1195/56 2658/1283/56
f 2659/3331/56 2658/1283/56 2655/3089/56
f 2655/3089/56 2658/1283/56 2654/1367/56
f 2655/3089/56 2654/1367/56 2651/2801/56
f 2651/2801/56 2654/1367/56 2650/1451/56
f 2651/2801/56 2650/1451/56 2647/2721/56
f 2647/2721/56 2650/1451/56 2646/1535/56
f 2647/2721/56 2646/1535/56 2643/2641/56
f 2643/2641/56 2646/1535/56 2642/1619/56
f 2643/2641/56 2642/1619/56 2639/2561/56
f 2639/2561/56 2642/1619/56 2638/1703/56
f 2639/2561/56 2638/1703/56 2635/2481/56
f 2635/2481/56 2638/1703/56 2634/1787/56
f 2635/2481/56 2634/1787/56 2631/2400/56
f 2631/2400/56 2634/1787/56 2630/1871/56
f 2631/2400/56 2630/1871/56 2627/2286/56
f 2627/2286/56 2630/1871/56 2626/1955/56
f 2627/2286/56 2626/1955/56 2623/2209/56
f 2623/2209/56 2626/1955/56 2622/2003/56
f 2623/2209/56 2622/2003/56 2619/2168/56
f 2619/2168/56 2622/2003/56 2618/2081/56
f 2619/2168/56 2618/2081/56 2615/2167/56
f 2615/2167/56 2618/2081/56 2614/2081/56
f 2615/2167/56 2614/2081/56 2611/2167/56
f 2611/2167/56 2614/2081/56 2610/2002/56
f 2611/2167/56 2610/2002/56 2607/2208/56
f 2607/2208/56 2610/2002/56 2606/1954/56
f 2607/2208/56 2606/1954/56 2603/2285/56
f 2603/2285/56 2606/1954/56 2602/1870/56
f 2603/2285/56 2602/1870/56 2599/2399/56
f 2599/2399/56 2602/1870/56 2598/1786/56
f 2599/2399/56 2598/1786/56 2595/2480/56
f 2595/2480/56 2598/1786/56 2594/1702/56
f 2595/2480/56 2594/1702/56 2536/1701/56
f 2536/1701/56 2594/1702/56 2540/1617/56
f 2629/5027/56 2625/5073/56 2462/7017/56
f 2462/7017/56 2625/5073/56 2621/5166/56
f 2462/7017/56 2621/5166/56 2617/5285/56
f 2617/5285/56 2613/5285/56 2462/7017/56
f 2462/7017/56 2613/5285/56 2609/5165/56
f 2462/7017/56 2609/5165/56 2605/5072/56
f 2593/4786/56 2535/4785/56 2597/4866/56
f 2597/4866/56 2535/4785/56 2531/4865/56
f 2597/4866/56 2531/4865/56 2601/5026/56
f 2601/5026/56 2531/4865/56 2527/5025/56
f 2601/5026/56 2527/5025/56 2605/5072/56
f 2605/5072/56 2527/5025/56 2523/5071/56
f 2605/5072/56 2523/5071/56 2462/7017/56
f 2462/7017/56 2523/5071/56 2519/5162/56
f 2462/7017/56 2519/5162/56 2515/5284/56
f 2593/4786/56 2589/4626/56 2535/4785/56
f 2535/4785/56 2589/4626/56 2539/4625/56
f 2589/4626/56 2585/4464/56 2539/4625/56
f 2539/4625/56 2585/4464/56 2543/4463/56
f 2585/4464/56 2581/4304/56 2543/4463/56
f 2543/4463/56 2581/4304/56 2547/4303/56
f 2581/4304/56 2577/4144/56 2547/4303/56
f 2547/4303/56 2577/4144/56 2551/4143/56
f 2577/4144/56 2573/3984/56 2551/4143/56
f 2551/4143/56 2573/3984/56 2555/3983/56
f 2573/3984/56 2569/3864/56 2555/3983/56
f 2555/3983/56 2569/3864/56 2559/3863/56
f 2569/3864/56 2565/3704/56 2559/3863/56
f 2559/3863/56 2565/3704/56 2563/3703/56
f 2565/3704/56 2567/3552/56 2563/3703/56
f 2563/3703/56 2567/3552/56 2561/3551/56
f 2567/3552/56 2571/3330/56 2561/3551/56
f 2561/3551/56 2571/3330/56 2557/3329/56
f 2571/3330/56 2575/3088/56 2557/3329/56
f 2557/3329/56 2575/3088/56 2553/3087/56
f 2575/3088/56 2579/2800/56 2553/3087/56
f 2553/3087/56 2579/2800/56 2549/2799/56
f 2579/2800/56 2583/2720/56 2549/2799/56
f 2549/2799/56 2583/2720/56 2545/2719/56
f 2583/2720/56 2587/2640/56 2545/2719/56
f 2545/2719/56 2587/2640/56 2541/2639/56
f 2587/2640/56 2591/2560/56 2541/2639/56
f 2541/2639/56 2591/2560/56 2537/2559/56
f 2591/2560/56 2595/2480/56 2537/2559/56
f 2537/2559/56 2595/2480/56 2533/2479/56
f 2594/1702/56 2590/1618/56 2540/1617/56
f 2540/1617/56 2590/1618/56 2544/1533/56
f 2590/1618/56 2586/1534/56 2544/1533/56
f 2544/1533/56 2586/1534/56 2548/1449/56
f 2586/1534/56 2582/1450/56 2548/1449/56
f 2548/1449/56 2582/1450/56 2552/1365/56
f 2582/1450/56 2578/1366/56 2552/1365/56
f 2552/1365/56 2578/1366/56 2574/1282/56
f 2552/1365/56 2574/1282/56 2556/1281/56
f 2556/1281/56 2574/1282/56 2570/1194/56
f 2556/1281/56 2570/1194/56 2560/1193/56
f 2560/1193/56 2570/1194/56 2566/1110/56
f 2560/1193/56 2566/1110/56 2564/1109/56
f 2564/1109/56 2566/1110/56 2562/1031/56
f 2566/1110/56 2568/1032/56 2562/1031/56
f 2562/1031/56 2568/1032/56 2558/947/56
f 2568/1032/56 2572/948/56 2558/947/56
f 2558/947/56 2572/948/56 2554/863/56
f 2572/948/56 2576/864/56 2554/863/56
f 2554/863/56 2576/864/56 2550/779/56
f 2576/864/56 2580/780/56 2550/779/56
f 2550/779/56 2580/780/56 2546/702/56
f 2580/780/56 2584/703/56 2546/702/56
f 2546/702/56 2584/703/56 2542/628/56
f 2584/703/56 2588/629/56 2542/628/56
f 2542/628/56 2588/629/56 2538/556/56
f 2588/629/56 2592/557/56 2538/556/56
f 2538/556/56 2592/557/56 2534/484/56
f 2592/557/56 2596/485/56 2534/484/56
f 2534/484/56 2596/485/56 2530/403/56
f 2596/485/56 2600/404/56 2530/403/56
f 2530/403/56 2600/404/56 2526/319/56
f 2600/404/56 2604/320/56 2526/319/56
f 2526/319/56 2604/320/56 2522/235/56
f 2604/320/56 2608/236/56 2522/235/56
f 2522/235/56 2608/236/56 2518/130/56
f 2608/236/56 2612/131/56 2518/130/56
f 2518/130/56 2612/131/56 2616/131/56
f 2518/130/56 2616/131/56 2514/129/56
f 2514/129/56 2616/131/56 2100/1/56
f 2514/129/56 2100/1/56 2510/129/56
f 2510/129/56 2100/1/56 2414/128/56
f 2510/129/56 2414/128/56 2506/234/56
f 2506/234/56 2414/128/56 2418/233/56
f 2506/234/56 2418/233/56 2502/318/56
f 2502/318/56 2418/233/56 2422/317/56
f 2502/318/56 2422/317/56 2498/402/56
f 2498/402/56 2422/317/56 2426/401/56
f 2498/402/56 2426/401/56 2494/483/56
f 2494/483/56 2426/401/56 2430/482/56
f 2494/483/56 2430/482/56 2490/555/56
f 2490/555/56 2430/482/56 2434/554/56
f 2490/555/56 2434/554/56 2486/627/56
f 2486/627/56 2434/554/56 2438/626/56
f 2486/627/56 2438/626/56 2482/701/56
f 2482/701/56 2438/626/56 2442/700/56
f 2482/701/56 2442/700/56 2478/778/56
f 2478/778/56 2442/700/56 2446/777/56
f 2478/778/56 2446/777/56 2474/862/56
f 2474/862/56 2446/777/56 2450/861/56
f 2474/862/56 2450/861/56 2470/946/56
f 2470/946/56 2450/861/56 2454/945/56
f 2470/946/56 2454/945/56 2466/1030/56
f 2466/1030/56 2454/945/56 2458/1029/56
f 2466/1030/56 2458/1029/56 2464/1108/56
f 2464/1108/56 2458/1029/56 2460/1107/56
f 2464/1108/56 2460/1107/56 2468/1192/56
f 2468/1192/56 2460/1107/56 2456/1191/56
f 2468/1192/56 2456/1191/56 2472/1280/56
f 2472/1280/56 2456/1191/56 2452/1279/56
f 2472/1280/56 2452/1279/56 2476/1364/56
f 2476/1364/56 2452/1279/56 2448/1363/56
f 2476/1364/56 2448/1363/56 2480/1448/56
f 2480/1448/56 2448/1363/56 2444/1447/56
f 2480/1448/56 2444/1447/56 2445/2797/56
f 2445/2797/56 2444/1447/56 2441/2717/56
f 2595/2480/56 2536/1701/56 2533/2479/56
f 2533/2479/56 2536/1701/56 2532/1785/56
f 2533/2479/56 2532/1785/56 2529/2398/56
f 2529/2398/56 2532/1785/56 2528/1869/56
f 2529/2398/56 2528/1869/56 2525/2284/56
f 2525/2284/56 2528/1869/56 2524/1953/56
f 2525/2284/56 2524/1953/56 2521/2207/56
f 2521/2207/56 2524/1953/56 2520/2001/56
f 2521/2207/56 2520/2001/56 2517/2165/56
f 2517/2165/56 2520/2001/56 2516/2080/56
f 2517/2165/56 2516/2080/56 2513/2165/56
f 2513/2165/56 2516/2080/56 2512/2080/56
f 2513/2165/56 2512/2080/56 2509/2166/56
f 2509/2166/56 2512/2080/56 2508/2000/56
f 2509/2166/56 2508/2000/56 2505/2206/56
f 2505/2206/56 2508/2000/56 2504/1952/56
f 2505/2206/56 2504/1952/56 2501/2283/56
f 2501/2283/56 2504/1952/56 2500/1868/56
f 2501/2283/56 2500/1868/56 2497/2397/56
f 2497/2397/56 2500/1868/56 2496/1784/56
f 2497/2397/56 2496/1784/56 2493/2478/56
f 2493/2478/56 2496/1784/56 2492/1700/56
f 2493/2478/56 2492/1700/56 2489/2558/56
f 2489/2558/56 2492/1700/56 2488/1616/56
f 2489/2558/56 2488/1616/56 2485/2638/56
f 2485/2638/56 2488/1616/56 2484/1532/56
f 2485/2638/56 2484/1532/56 2481/2718/56
f 2481/2718/56 2484/1532/56 2480/1448/56
f 2481/2718/56 2480/1448/56 2477/2798/56
f 2477/2798/56 2480/1448/56 2445/2797/56
f 2477/2798/56 2445/2797/56 2449/3085/56
f 2515/5284/56 2511/5284/56 2462/7017/56
f 2462/7017/56 2511/5284/56 2507/5161/56
f 2462/7017/56 2507/5161/56 2503/5070/56
f 2503/5070/56 2499/5024/56 2462/7017/56
f 2462/7017/56 2499/5024/56 2495/4864/56
f 2462/7017/56 2495/4864/56 2491/4784/56
f 2491/4784/56 2487/4624/56 2462/7017/56
f 2462/7017/56 2487/4624/56 2483/4462/56
f 2462/7017/56 2483/4462/56 2479/4302/56
f 2479/4302/56 2475/4142/56 2462/7017/56
f 2462/7017/56 2475/4142/56 2447/4141/56
f 2462/7017/56 2447/4141/56 2443/4301/56
f 2447/4141/56 2475/4142/56 2451/3981/56
f 2451/3981/56 2475/4142/56 2471/3982/56
f 2451/3981/56 2471/3982/56 2455/3861/56
f 2455/3861/56 2471/3982/56 2467/3862/56
f 2455/3861/56 2467/3862/56 2459/3701/56
f 2459/3701/56 2467/3862/56 2463/3702/56
f 2459/3701/56 2463/3702/56 2457/3549/56
f 2457/3549/56 2463/3702/56 2465/3550/56
f 2457/3549/56 2465/3550/56 2453/3327/56
f 2453/3327/56 2465/3550/56 2469/3328/56
f 2453/3327/56 2469/3328/56 2473/3086/56
f 2453/3327/56 2473/3086/56 2449/3085/56
f 2449/3085/56 2473/3086/56 2477/2798/56
f 2207/5281/56 2204/5281/56 2099/7996/56
f 2099/7996/56 2204/5281/56 2151/5280/56
f 2099/7996/56 2151/5280/56 2149/5280/56
f 2149/5280/56 2145/5139/56 2099/7996/56
f 2099/7996/56 2145/5139/56 2141/5058/56
f 2099/7996/56 2141/5058/56 2137/5018/56
f 2137/5018/56 2133/4858/56 2099/7996/56
f 2099/7996/56 2133/4858/56 2129/4778/56
f 2099/7996/56 2129/4778/56 2125/4618/56
f 2125/4618/56 2121/4456/56 2099/7996/56
f 2099/7996/56 2121/4456/56 2117/4296/56
f 2099/7996/56 2117/4296/56 2113/4136/56
f 2113/4136/56 2109/3976/56 2099/7996/56
f 2099/7996/56 2109/3976/56 2105/3856/56
f 2099/7996/56 2105/3856/56 2101/3696/56
f 2099/7996/56 2101/3696/56 2100/1/56
f 2100/1/56 2101/3696/56 2103/3544/56
f 2100/1/56 2103/3544/56 2106/1184/56
f 2106/1184/56 2103/3544/56 2107/3322/56
f 2106/1184/56 2107/3322/56 2110/1272/56
f 2110/1272/56 2107/3322/56 2111/3080/56
f 2110/1272/56 2111/3080/56 2114/1356/56
f 2114/1356/56 2111/3080/56 2115/2792/56
f 2114/1356/56 2115/2792/56 2118/1440/56
f 2118/1440/56 2115/2792/56 2119/2712/56
f 2118/1440/56 2119/2712/56 2122/1524/56
f 2122/1524/56 2119/2712/56 2123/2632/56
f 2122/1524/56 2123/2632/56 2126/1608/56
f 2126/1608/56 2123/2632/56 2127/2552/56
f 2126/1608/56 2127/2552/56 2130/1692/56
f 2130/1692/56 2127/2552/56 2131/2472/56
f 2130/1692/56 2131/2472/56 2134/1776/56
f 2134/1776/56 2131/2472/56 2135/2391/56
f 2134/1776/56 2135/2391/56 2138/1860/56
f 2138/1860/56 2135/2391/56 2139/2271/56
f 2138/1860/56 2139/2271/56 2142/1944/56
f 2142/1944/56 2139/2271/56 2143/2195/56
f 2142/1944/56 2143/2195/56 2146/1986/56
f 2146/1986/56 2143/2195/56 2147/2159/56
f 2146/1986/56 2147/2159/56 2150/2070/56
f 2150/2070/56 2147/2159/56 2152/2159/56
f 2150/2070/56 2152/2159/56 2154/2070/56
f 2154/2070/56 2152/2159/56 2156/1987/56
f 2199/1946/56 2197/1862/56 2205/2160/56
f 2205/2160/56 2197/1862/56 2195/1778/56
f 2205/2160/56 2195/1778/56 2152/2159/56
f 2152/2159/56 2195/1778/56 2162/1777/56
f 2152/2159/56 2162/1777/56 2160/1861/56
f 2290/1780/56 2286/1696/56 2287/2474/56
f 2287/2474/56 2286/1696/56 2228/1695/56
f 2287/2474/56 2228/1695/56 2225/2473/56
f 2225/2473/56 2228/1695/56 2224/1779/56
f 2225/2473/56 2224/1779/56 2221/2392/56
f 2221/2392/56 2224/1779/56 2220/1863/56
f 2221/2392/56 2220/1863/56 2217/2274/56
f 2217/2274/56 2220/1863/56 2216/1947/56
f 2217/2274/56 2216/1947/56 2213/2198/56
f 2213/2198/56 2216/1947/56 2212/1991/56
f 2213/2198/56 2212/1991/56 2209/2160/56
f 2209/2160/56 2212/1991/56 2208/2073/56
f 2209/2160/56 2208/2073/56 2205/2160/56
f 2205/2160/56 2208/2073/56 2203/2073/56
f 2205/2160/56 2203/2073/56 2201/1990/56
f 2225/2473/56 2229/2553/56 2287/2474/56
f 2287/2474/56 2229/2553/56 2283/2554/56
f 2229/2553/56 2233/2633/56 2283/2554/56
f 2283/2554/56 2233/2633/56 2279/2634/56
f 2233/2633/56 2237/2713/56 2279/2634/56
f 2279/2634/56 2237/2713/56 2275/2714/56
f 2237/2713/56 2241/2793/56 2275/2714/56
f 2275/2714/56 2241/2793/56 2271/2794/56
f 2241/2793/56 2245/3081/56 2271/2794/56
f 2271/2794/56 2245/3081/56 2267/3082/56
f 2245/3081/56 2249/3323/56 2267/3082/56
f 2267/3082/56 2249/3323/56 2263/3324/56
f 2249/3323/56 2253/3545/56 2263/3324/56
f 2263/3324/56 2253/3545/56 2259/3546/56
f 2253/3545/56 2255/3697/56 2259/3546/56
f 2259/3546/56 2255/3697/56 2257/3698/56
f 2255/3697/56 2251/3857/56 2257/3698/56
f 2257/3698/56 2251/3857/56 2261/3858/56
f 2251/3857/56 2247/3977/56 2261/3858/56
f 2261/3858/56 2247/3977/56 2265/3978/56
f 2247/3977/56 2243/4137/56 2265/3978/56
f 2265/3978/56 2243/4137/56 2269/4138/56
f 2243/4137/56 2239/4297/56 2269/4138/56
f 2269/4138/56 2239/4297/56 2273/4298/56
f 2239/4297/56 2235/4457/56 2273/4298/56
f 2273/4298/56 2235/4457/56 2277/4458/56
f 2235/4457/56 2231/4619/56 2277/4458/56
f 2277/4458/56 2231/4619/56 2281/4620/56
f 2231/4619/56 2227/4779/56 2281/4620/56
f 2281/4620/56 2227/4779/56 2285/4780/56
f 2285/4780/56 2227/4779/56 2289/4860/56
f 2289/4860/56 2227/4779/56 2223/4859/56
f 2289/4860/56 2223/4859/56 2293/5020/56
f 2293/5020/56 2223/4859/56 2219/5019/56
f 2293/5020/56 2219/5019/56 2297/5064/56
f 2297/5064/56 2219/5019/56 2215/5061/56
f 2297/5064/56 2215/5061/56 2301/5150/56
f 2301/5150/56 2215/5061/56 2211/5144/56
f 2301/5150/56 2211/5144/56 2099/7996/56
f 2099/7996/56 2211/5144/56 2207/5281/56
f 2441/2717/56 2440/1531/56 2437/2637/56
f 2437/2637/56 2440/1531/56 2436/1615/56
f 2437/2637/56 2436/1615/56 2433/2557/56
f 2433/2557/56 2436/1615/56 2432/1699/56
f 2433/2557/56 2432/1699/56 2429/2477/56
f 2429/2477/56 2432/1699/56 2428/1783/56
f 2429/2477/56 2428/1783/56 2425/2396/56
f 2425/2396/56 2428/1783/56 2424/1867/56
f 2425/2396/56 2424/1867/56 2421/2282/56
f 2421/2282/56 2424/1867/56 2420/1951/56
f 2421/2282/56 2420/1951/56 2417/2205/56
f 2417/2205/56 2420/1951/56 2416/1999/56
f 2417/2205/56 2416/1999/56 2413/2164/56
f 2413/2164/56 2416/1999/56 2412/2079/56
f 2413/2164/56 2412/2079/56 2409/2164/56
f 2409/2164/56 2412/2079/56 2408/2079/56
f 2409/2164/56 2408/2079/56 2405/2163/56
f 2405/2163/56 2408/2079/56 2404/1998/56
f 2405/2163/56 2404/1998/56 2401/2204/56
f 2401/2204/56 2404/1998/56 2400/1950/56
f 2401/2204/56 2400/1950/56 2397/2281/56
f 2397/2281/56 2400/1950/56 2396/1866/56
f 2397/2281/56 2396/1866/56 2393/2395/56
f 2393/2395/56 2396/1866/56 2392/1782/56
f 2393/2395/56 2392/1782/56 2389/2476/56
f 2389/2476/56 2392/1782/56 2388/1698/56
f 2389/2476/56 2388/1698/56 2330/1697/56
f 2330/1697/56 2388/1698/56 2334/1613/56
f 2443/4301/56 2439/4461/56 2462/7017/56
f 2462/7017/56 2439/4461/56 2435/4623/56
f 2462/7017/56 2435/4623/56 2431/4783/56
f 2431/4783/56 2427/4863/56 2462/7017/56
f 2462/7017/56 2427/4863/56 2423/5023/56
f 2462/7017/56 2423/5023/56 2419/5069/56
f 2419/5069/56 2415/5158/56 2462/7017/56
f 2462/7017/56 2415/5158/56 2411/5283/56
f 2462/7017/56 2411/5283/56 2461/8011/56
f 2461/8011/56 2411/5283/56 2407/5283/56
f 2461/8011/56 2407/5283/56 2403/5157/56
f 2391/4862/56 2325/4861/56 2395/5022/56
f 2395/5022/56 2325/4861/56 2321/5021/56
f 2395/5022/56 2321/5021/56 2399/5068/56
f 2399/5068/56 2321/5021/56 2317/5065/56
f 2399/5068/56 2317/5065/56 2403/5157/56
f 2403/5157/56 2317/5065/56 2313/5151/56
f 2403/5157/56 2313/5151/56 2461/8011/56
f 2461/8011/56 2313/5151/56 2309/5282/56
f 2461/8011/56 2309/5282/56 2099/7996/56
f 2099/7996/56 2309/5282/56 2305/5282/56
f 2099/7996/56 2305/5282/56 2301/5150/56
f 2391/4862/56 2387/4782/56 2325/4861/56
f 2325/4861/56 2387/4782/56 2329/4781/56
f 2387/4782/56 2383/4622/56 2329/4781/56
f 2329/4781/56 2383/4622/56 2333/4621/56
f 2383/4622/56 2379/4460/56 2333/4621/56
f 2333/4621/56 2379/4460/56 2337/4459/56
f 2379/4460/56 2375/4300/56 2337/4459/56
f 2337/4459/56 2375/4300/56 2341/4299/56
f 2375/4300/56 2371/4140/56 2341/4299/56
f 2341/4299/56 2371/4140/56 2345/4139/56
f 2371/4140/56 2367/3980/56 2345/4139/56
f 2345/4139/56 2367/3980/56 2349/3979/56
f 2367/3980/56 2363/3860/56 2349/3979/56
f 2349/3979/56 2363/3860/56 2353/3859/56
f 2363/3860/56 2359/3700/56 2353/3859/56
f 2353/3859/56 2359/3700/56 2357/3699/56
f 2359/3700/56 2361/3548/56 2357/3699/56
f 2357/3699/56 2361/3548/56 2355/3547/56
f 2361/3548/56 2365/3326/56 2355/3547/56
f 2355/3547/56 2365/3326/56 2351/3325/56
f 2365/3326/56 2369/3084/56 2351/3325/56
f 2351/3325/56 2369/3084/56 2347/3083/56
f 2369/3084/56 2373/2796/56 2347/3083/56
f 2347/3083/56 2373/2796/56 2343/2795/56
f 2373/2796/56 2377/2716/56 2343/2795/56
f 2343/2795/56 2377/2716/56 2339/2715/56
f 2377/2716/56 2381/2636/56 2339/2715/56
f 2339/2715/56 2381/2636/56 2335/2635/56
f 2381/2636/56 2385/2556/56 2335/2635/56
f 2335/2635/56 2385/2556/56 2331/2555/56
f 2385/2556/56 2389/2476/56 2331/2555/56
f 2331/2555/56 2389/2476/56 2327/2475/56
f 2406/127/56 2410/128/56 2100/1/56
f 2100/1/56 2410/128/56 2414/128/56
f 2444/1447/56 2440/1531/56 2441/2717/56
f 2388/1698/56 2384/1614/56 2334/1613/56
f 2334/1613/56 2384/1614/56 2338/1529/56
f 2384/1614/56 2380/1530/56 2338/1529/56
f 2338/1529/56 2380/1530/56 2342/1445/56
f 2380/1530/56 2376/1446/56 2342/1445/56
f 2342/1445/56 2376/1446/56 2346/1361/56
f 2376/1446/56 2372/1362/56 2346/1361/56
f 2346/1361/56 2372/1362/56 2368/1278/56
f 2346/1361/56 2368/1278/56 2350/1277/56
f 2350/1277/56 2368/1278/56 2364/1190/56
f 2350/1277/56 2364/1190/56 2354/1189/56
f 2354/1189/56 2364/1190/56 2360/1106/56
f 2354/1189/56 2360/1106/56 2358/1105/56
f 2358/1105/56 2360/1106/56 2356/1026/56
f 2360/1106/56 2362/1027/56 2356/1026/56
f 2356/1026/56 2362/1027/56 2352/942/56
f 2362/1027/56 2366/943/56 2352/942/56
f 2352/942/56 2366/943/56 2348/858/56
f 2366/943/56 2370/859/56 2348/858/56
f 2348/858/56 2370/859/56 2344/774/56
f 2370/859/56 2374/775/56 2344/774/56
f 2344/774/56 2374/775/56 2340/697/56
f 2374/775/56 2378/698/56 2340/697/56
f 2340/697/56 2378/698/56 2336/623/56
f 2378/698/56 2382/624/56 2336/623/56
f 2336/623/56 2382/624/56 2332/551/56
f 2382/624/56 2386/553/56 2332/551/56
f 2332/551/56 2386/553/56 2328/479/56
f 2386/553/56 2390/481/56 2328/479/56
f 2328/479/56 2390/481/56 2324/397/56
f 2390/481/56 2394/400/56 2324/397/56
f 2324/397/56 2394/400/56 2320/313/56
f 2394/400/56 2398/316/56 2320/313/56
f 2320/313/56 2398/316/56 2316/187/56
f 2398/316/56 2402/232/56 2316/187/56
f 2316/187/56 2402/232/56 2406/127/56
f 2316/187/56 2406/127/56 2312/125/56
f 2312/125/56 2406/127/56 2100/1/56
f 2312/125/56 2100/1/56 2308/125/56
f 2308/125/56 2100/1/56 2304/124/56
f 2389/2476/56 2330/1697/56 2327/2475/56
f 2327/2475/56 2330/1697/56 2326/1781/56
f 2327/2475/56 2326/1781/56 2323/2394/56
f 2323/2394/56 2326/1781/56 2322/1865/56
f 2323/2394/56 2322/1865/56 2319/2278/56
f 2319/2278/56 2322/1865/56 2318/1949/56
f 2319/2278/56 2318/1949/56 2315/2202/56
f 2315/2202/56 2318/1949/56 2314/1995/56
f 2315/2202/56 2314/1995/56 2311/2161/56
f 2311/2161/56 2314/1995/56 2310/2076/56
f 2311/2161/56 2310/2076/56 2307/2162/56
f 2307/2162/56 2310/2076/56 2306/2076/56
f 2307/2162/56 2306/2076/56 2303/2162/56
f 2303/2162/56 2306/2076/56 2302/1994/56
f 2303/2162/56 2302/1994/56 2299/2201/56
f 2299/2201/56 2302/1994/56 2298/1948/56
f 2299/2201/56 2298/1948/56 2295/2277/56
f 2295/2277/56 2298/1948/56 2294/1864/56
f 2295/2277/56 2294/1864/56 2291/2393/56
f 2291/2393/56 2294/1864/56 2290/1780/56
f 2291/2393/56 2290/1780/56 2287/2474/56
f 2228/1695/56 2286/1696/56 2232/1611/56
f 2232/1611/56 2286/1696/56 2282/1612/56
f 2232/1611/56 2282/1612/56 2236/1527/56
f 2236/1527/56 2282/1612/56 2278/1528/56
f 2236/1527/56 2278/1528/56 2240/1443/56
f 2240/1443/56 2278/1528/56 2274/1444/56
f 2240/1443/56 2274/1444/56 2244/1359/56
f 2244/1359/56 2274/1444/56 2270/1360/56
f 2244/1359/56 2270/1360/56 2266/1276/56
f 2244/1359/56 2266/1276/56 2248/1275/56
f 2248/1275/56 2266/1276/56 2262/1188/56
f 2248/1275/56 2262/1188/56 2252/1187/56
f 2252/1187/56 2262/1188/56 2258/1104/56
f 2252/1187/56 2258/1104/56 2256/1103/56
f 2256/1103/56 2258/1104/56 2254/1022/56
f 2258/1104/56 2260/1023/56 2254/1022/56
f 2254/1022/56 2260/1023/56 2250/938/56
f 2260/1023/56 2264/939/56 2250/938/56
f 2250/938/56 2264/939/56 2246/854/56
f 2264/939/56 2268/855/56 2246/854/56
f 2246/854/56 2268/855/56 2242/770/56
f 2268/855/56 2272/771/56 2242/770/56
f 2242/770/56 2272/771/56 2238/694/56
f 2272/771/56 2276/695/56 2238/694/56
f 2238/694/56 2276/695/56 2234/620/56
f 2276/695/56 2280/621/56 2234/620/56
f 2234/620/56 2280/621/56 2230/548/56
f 2280/621/56 2284/550/56 2230/548/56
f 2230/548/56 2284/550/56 2226/476/56
f 2284/550/56 2288/478/56 2226/476/56
f 2226/476/56 2288/478/56 2222/393/56
f 2288/478/56 2292/396/56 2222/393/56
f 2222/393/56 2292/396/56 2218/309/56
f 2292/396/56 2296/312/56 2218/309/56
f 2218/309/56 2296/312/56 2300/186/56
f 2218/309/56 2300/186/56 2214/183/56
f 2214/183/56 2300/186/56 2304/124/56
f 2214/183/56 2304/124/56 2210/122/56
f 2210/122/56 2304/124/56 2100/1/56
f 2210/122/56 2100/1/56 2206/121/56
f 2206/121/56 2100/1/56 2202/121/56
f 2201/1990/56 2199/1946/56 2205/2160/56
f 2162/1777/56 2195/1778/56 2164/1693/56
f 2164/1693/56 2195/1778/56 2193/1694/56
f 2164/1693/56 2193/1694/56 2166/1609/56
f 2166/1609/56 2193/1694/56 2191/1610/56
f 2166/1609/56 2191/1610/56 2168/1525/56
f 2168/1525/56 2191/1610/56 2189/1526/56
f 2168/1525/56 2189/1526/56 2170/1441/56
f 2170/1441/56 2189/1526/56 2187/1442/56
f 2170/1441/56 2187/1442/56 2185/1358/56
f 2170/1441/56 2185/1358/56 2172/1357/56
f 2172/1357/56 2185/1358/56 2183/1274/56
f 2172/1357/56 2183/1274/56 2174/1273/56
f 2174/1273/56 2183/1274/56 2181/1186/56
f 2174/1273/56 2181/1186/56 2176/1185/56
f 2176/1185/56 2181/1186/56 2179/1102/56
f 2176/1185/56 2179/1102/56 2178/1101/56
f 2178/1101/56 2179/1102/56 2177/1018/56
f 2179/1102/56 2180/1019/56 2177/1018/56
f 2177/1018/56 2180/1019/56 2175/934/56
f 2180/1019/56 2182/935/56 2175/934/56
f 2175/934/56 2182/935/56 2173/850/56
f 2182/935/56 2184/851/56 2173/850/56
f 2173/850/56 2184/851/56 2171/766/56
f 2184/851/56 2186/767/56 2171/766/56
f 2171/766/56 2186/767/56 2169/691/56
f 2186/767/56 2188/692/56 2169/691/56
f 2169/691/56 2188/692/56 2167/617/56
f 2188/692/56 2190/618/56 2167/617/56
f 2167/617/56 2190/618/56 2165/545/56
f 2190/618/56 2192/547/56 2165/545/56
f 2165/545/56 2192/547/56 2163/473/56
f 2192/547/56 2194/475/56 2163/473/56
f 2163/473/56 2194/475/56 2196/392/56
f 2163/473/56 2196/392/56 2161/389/56
f 2161/389/56 2196/392/56 2198/308/56
f 2161/389/56 2198/308/56 2159/305/56
f 2159/305/56 2198/308/56 2100/1/56
f 2159/305/56 2100/1/56 2157/179/56
f 2157/179/56 2100/1/56 2155/119/56
f 2198/308/56 2200/182/56 2100/1/56
f 2100/1/56 2200/182/56 2202/121/56
f 2148/119/56 2153/119/56 2100/1/56
f 2100/1/56 2153/119/56 2155/119/56
f 2160/1861/56 2158/1945/56 2152/2159/56
f 2152/2159/56 2158/1945/56 2156/1987/56
f 2106/1184/56 2102/1100/56 2100/1/56
f 2100/1/56 2102/1100/56 2104/1016/56
f 2100/1/56 2104/1016/56 2108/932/56
f 2108/932/56 2112/848/56 2100/1/56
f 2100/1/56 2112/848/56 2116/764/56
f 2100/1/56 2116/764/56 2120/690/56
f 2120/690/56 2124/616/56 2100/1/56
f 2100/1/56 2124/616/56 2128/544/56
f 2100/1/56 2128/544/56 2132/472/56
f 2132/472/56 2136/388/56 2100/1/56
f 2100/1/56 2136/388/56 2140/304/56
f 2100/1/56 2140/304/56 2144/178/56
f 2144/178/56 2148/119/56 2100/1/56
f 4200/112/56 2100/1/56 2922/146/56
f 3399/1/29 4217/7996/29 4199/112/29
f 4199/112/29 4217/7996/29 4219/8106/29
f 4217/8050/1 4218/5980/1 4219/8073/1
f 4219/8073/1 4218/5980/1 4221/112/1
f 4219/8073/1 4221/112/1 4220/8106/1
f 4221/112/1 4218/5980/1 4214/1/1
f 4214/1/1 4218/5980/1 4216/5979/1
f 4214/1/1 4216/5979/1 4213/7996/1
f 4213/7996/1 4216/5979/1 4215/8023/1
f 4236/112/28 4227/8106/28 4238/1/28
f 4238/1/28 4227/8106/28 4229/7996/28
f 4229/1/1 4227/7996/1 4230/112/1
f 4230/112/1 4227/7996/1 4228/8106/1
f 4227/1/2 4236/7996/2 4228/112/2
f 4228/112/2 4236/7996/2 4237/8106/2
f 4225/8106/54 4243/112/54 4224/7996/54
f 4224/7996/54 4243/112/54 4242/1/54
f 4243/8106/56 4241/112/56 4242/7996/56
f 4242/7996/56 4241/112/56 4240/1/56
f 4236/1/56 4238/7996/56 4237/112/56
f 4237/112/56 4238/7996/56 4239/8106/56
f 4230/1271/2 4223/112/2 4229/1269/2
f 4229/1269/2 4223/112/2 4222/1/2
f 4229/1269/2 4222/1/2 4240/7996/2
f 4229/1269/2 4240/7996/2 4238/6740/2
f 4238/6740/2 4240/7996/2 4241/8106/2
f 4238/6740/2 4241/8106/2 4239/6764/2
f 4223/8106/1 4225/112/1 4222/7996/1
f 4222/7996/1 4225/112/1 4224/1/1
f 4241/8086/29 4243/8106/29 4239/6746/29
f 4239/6746/29 4243/8106/29 4225/112/29
f 4239/6746/29 4225/112/29 4230/1270/29
f 4230/1270/29 4225/112/29 4223/95/29
f 4228/1268/29 4237/6678/29 4230/1270/29
f 4230/1270/29 4237/6678/29 4239/6746/29
f 4232/7996/29 4246/1/29 4235/8106/29
f 4235/8106/29 4246/1/29 4249/112/29
f 4231/7996/1 4232/1/1 4233/8016/1
f 4233/8016/1 4232/1/1 4235/112/1
f 4233/8016/1 4235/112/1 4234/8106/1
f 4249/58/2 4250/112/2 4235/5985/2
f 4235/5985/2 4250/112/2 4214/8106/2
f 4235/5985/2 4214/8106/2 4213/7996/2
f 4213/7996/2 4234/5983/2 4235/5985/2
f 4232/7996/2 4231/1/2 4246/8106/2
f 4246/8106/2 4231/1/2 4245/112/2
f 4233/112/28 4248/8106/28 4231/1/28
f 4231/1/28 4248/8106/28 4245/7996/28
f 4254/8106/29 4244/4497/29 4242/4497/29
f 4242/4497/29 4244/4497/29 4226/118/29
f 4242/4497/29 4226/118/29 4224/118/29
f 4224/118/29 4226/118/29 4221/112/29
f 4224/118/29 4221/112/29 4222/117/29
f 4222/117/29 4221/112/29 4214/1/29
f 4222/117/29 4214/1/29 4240/4496/29
f 4240/4496/29 4214/1/29 4250/7996/29
f 4240/4496/29 4250/7996/29 4254/8106/29
f 4242/4497/29 4240/4496/29 4254/8106/29
f 4252/7996/28 4219/1/28 4253/8106/28
f 4253/8106/28 4219/1/28 4220/112/28
f 4254/112/54 4253/8106/54 4244/62/54
f 4244/62/54 4253/8106/54 4220/7996/54
f 4244/62/54 4220/7996/54 4226/7/54
f 4226/7/54 4220/7996/54 4221/1/54
f 4246/2832/56 4248/7984/56 4249/2835/56
f 4249/2835/56 4248/7984/56 4247/7997/56
f 4249/2835/56 4247/7997/56 4251/8075/56
f 4246/2832/56 4245/7983/56 4248/7984/56
f 4251/8075/56 4252/7986/56 4249/2835/56
f 4249/2835/56 4252/7986/56 4250/3/56
f 4253/7988/56 4254/112/56 4252/7986/56
f 4252/7986/56 4254/112/56 4250/3/56
f 2461/39/29 4213/5981/29 4205/2156/29
f 4205/2156/29 4213/5981/29 4215/5982/29
f 4205/2156/29 4215/5982/29 4207/2157/29
f 2461/39/29 2099/1/29 4213/5981/29
f 4213/5981/29 2099/1/29 4233/7996/29
f 4213/5981/29 4233/7996/29 4234/8006/29
f 4200/8106/29 2098/112/29 2100/7996/29
f 2100/7996/29 2098/112/29 2/1/29
f 4247/4/2 4233/2158/2 4210/5377/2
f 4210/5377/2 4233/2158/2 2099/7993/2
f 4210/5377/2 2099/7993/2 4202/7980/2
f 4202/7980/2 2099/7993/2 1/8000/2
f 4247/4/2 4248/10/2 4233/2158/2
f 2100/7995/2 2/8106/2 2099/7993/2
f 2099/7993/2 2/8106/2 1/8000/2
f 4201/7979/2 4209/5390/2 4202/7980/2
f 4202/7980/2 4209/5390/2 4210/5377/2
f 4252/6/54 4251/1/54 4219/5376/54
f 4219/5376/54 4251/1/54 2097/7996/54
f 4219/5376/54 2097/7996/54 4199/7991/54
f 4199/7991/54 2097/7996/54 2098/8106/54
f 4199/7991/54 2098/8106/54 4200/7995/54


